{"titulo": "55-86-la-cifra-que-aspiran-ganar-en-congreso-petro-el-polo-y-sectores-alternativos", "fecha": "11/2/2021", "aux": "fracking", "contenido": "Las fuerzas de oposici\u00f3n lanzaron este jueves la estrategia con la que buscan ganar las mayor\u00edas en las elecciones al Congreso para 2022. Aunque no revelaron nombres, hicieron un llamado a l\u00edderes sociales, mujeres y j\u00f3venes.No ha comenzado oficialmente el a\u00f1o electoral y desde ya se comienzan a mover las distintas fuerzas para sus aspiraciones presidenciales y legislativas. En este marco, el Polo Democr\u00e1tico, la Uni\u00f3n Patri\u00f3tica, la Colombia Humana, el MAIS y otras fuerzas alternativas lanzaron oficialmente su estrategia para las elecciones al Congreso de 2022. Con el nombre \u201cLista del pacto hist\u00f3rico\u201d, los actuales movimientos de oposici\u00f3n plantearon este jueves las l\u00edneas principales en las que se mover\u00e1n para 2022. Uno de los puntos b\u00e1sicos, y del que ya hab\u00edan hablado con anterioridad es el 55-86, es decir obtener 55 esca\u00f1os en el Senado y 86 en la C\u00e1mara. El objetivo de esta cifra es lograr que las fuerzas alternativas sean las mayor\u00edas en el pr\u00f3ximo a\u00f1o. El segundo punto de esta estrategia, de la que no revelaron posibles candidatos, va en la l\u00ednea de la renovaci\u00f3n del Legislativo. Para ello, convocaron a l\u00edderes y lideresas sociales, movimientos de mujeres y j\u00f3venes para que se vinculen a esta lista al Congreso. Para lanzar esta estrategia, congresistas del Polo Democr\u00e1tico, de la Colombia Humana, el MAIS y otros movimientos hicieron parte de una rueda de prensa virtual, que fue comandada en primer momento por la columnista y actriz Margarita Rosa de Francisco, que en reiteradas ocasiones ha sido invitada a aspirar al Congreso, pero que ha preferido declinar esta posibilidad. De Francisco fue la encargada de marcar el tono del encuentro, donde habl\u00f3 de la necesidad de \u201cun pacto hist\u00f3rico que desarrolle y complemente la constituci\u00f3n de 1991\u201d. En este mismo sentido, asegur\u00f3 que las fuerzas alternativas han demostrado que son una mayor\u00eda social, pero que esto debe traducirse en una mayor\u00eda pol\u00edtica. \u201cPor eso convocamos a la ciudadan\u00eda colombiana para que conformemos las candidaturas del Congreso para 2022\u201d, expres\u00f3 la columnista, que asegur\u00f3 que el espacio de esa lista al Legislativo est\u00e1 preparado para \u201clas ciudadan\u00edas libres y excluidas\u201d, \u201clos liberales socialdem\u00f3cratas que defendieron el proceso de paz\u201d, \u201clos l\u00edderes y lideresas sociales\u201d, j\u00f3venes y mujeres, entre otros sectores. \u201cBienvenidos a los que se sientan llamados por la historia a confirmar las listas del 55 y 86\u201d, a\u00f1adi\u00f3. De Francisco se\u00f1al\u00f3 que la intenci\u00f3n b\u00e1sica es sacar adelante un Congreso que d\u00e9 la lucha por iniciativas como la renta b\u00e1sica, la prohibici\u00f3n del  , una agenda ecol\u00f3gica y un compromiso por la implementaci\u00f3n de los acuerdos de paz. A esta, la sigui\u00f3 Otoniel Uma\u00f1a, reconocido presentador, que agreg\u00f3; \u201cNo aplacemos m\u00e1s el anhelo de cambio. Lo \u00fanico que debemos aplazar es el miedo\u201d. De igual manera, se\u00f1al\u00f3 que las actuales congresistas alternativas que est\u00e1n en el Congreso necesitan refuerzos en la lucha contra la corrupci\u00f3n, haciendo referencia a la necesidad de nuevos apoyos. Frente a este tema de la listas, este tambi\u00e9n habl\u00f3 de la necesidad de listas paritaria para todos \u201clos sectores pol\u00edticos y sociales\u201d, que permitan \u201cderrotar a las fuerzas del actual gobierno\u201d. Por \u00faltimo, este se\u00f1al\u00f3 que en los pr\u00f3ximos d\u00edas se dar\u00edan a conocer las reglas de juego, la fuerzas que han aceptado hacer parte de la alianza y la conformaci\u00f3n. Hasta el momento se conoce que de esta alianza har\u00edan parte el Polo Democr\u00e1tico, la UP, la Colombia Humana, el MAIS, entre otros movimientos pol\u00edticos de izquierda. En medio del evento virtual, el senador Gustavo Bol\u00edvar, que acept\u00f3 la posibilidad de volver al Senado, le cerr\u00f3 la puerta a los movimientos que no sean de centro o izquierda. \u201cAparte del centro y la izquierda, la derecha y la ultraderecha no est\u00e1 invitada en este proyecto (\u2026) No caben aqu\u00ed otras expresiones que atacan desde el Congreso\u201d. Sobre unos posibles candidatos, Bol\u00edvar dijo que a\u00fan no hay nombres, pero que estos no importan pues \u201cva a haber un programa \u00fanico que nos una \u201c. Adem\u00e1s, se\u00f1al\u00f3 que la fecha clave es el 13 de marzo de 2021, cuando sean las elecciones, pues ese d\u00eda se deber\u00eda votar en combo por la consulta presidencial de estos sectores y por los candidatos de esta lista del pacto hist\u00f3rico.", "link": "https://www.elespectador.com/politica/55-86-la-cifra-que-aspiran-ganar-en-congreso-petro-el-polo-y-sectores-alternativos-article/", "actores": [], "puntos": ["punto1", "punto2", "punto3", "punto4", "punto5"], "medio": "elespectador"}