{"titulo": "abstencion-disminuyo-pero-aun-queda-camino-por-recorrer", "fecha": "28/5/2018", "aux": "Lea m\u00e1s:\u00a0La abstenci\u00f3n en Colombia: una enfermedad cr\u00f3nica Le puede interesar:\u00a0Voto en blanco no tiene efectos jur\u00eddicos en segunda vuelta Lea tambi\u00e9n:\u00a0\u00bfPara d\u00f3nde se van los votos de los derrotados?", "contenido": "Aunque la participaci\u00f3n electoral del domingo fue hist\u00f3rica, en algunos departamentos perif\u00e9ricos vot\u00f3 \u00fanicamente alrededor del 30% de los habilitados para hacerlo. Por primera vez en m\u00e1s de 40 a\u00f1os, . El domingo, m\u00e1s all\u00e1 de los personajes elegidos para continuar su carrera a la Casa de Nari\u00f1o, la democracia colombiana celebr\u00f3 que, como pocas veces en su historia reciente,  \r\n\r\nLa ampliaci\u00f3n del espectro de candidatos que pusieron en debate otros temas diferentes a las antiguas dicotom\u00edas\u00a0cre\u00f3 nuevos nichos de votantes desprendidos de las llamadas maquinarias.  , que, adem\u00e1s, signific\u00f3 el silenciamiento de los fusiles en varias regiones hist\u00f3ricamente amedrentadas por las armas, y otra conversaci\u00f3n de paz con el Ej\u00e9rcito de Liberaci\u00f3n Nacional (Eln), que avanza lentamente, pero que trajo r\u00e9ditos -como el cese del fuego unilateral durante las recientes jornadas electorales a Congreso y primera vuelta presidencial-, contribuyeron a que  Esto representa una recuperaci\u00f3n, respecto de las elecciones de 2014, del 13,2%. \r\n\r\n \r\n\r\nNo obstante, a\u00fan queda mucha tela por cortar. Detr\u00e1s de las cifras que hoy generan regocijo, a\u00fan permanece la huella de una     y en las zonas m\u00e1s apartadas de los centros urbanos la votaci\u00f3n fue particularmente baja. \r\n\r\nA pesar de estar dentro del territorio nacional, hubo regiones que registraron el domingo casi la misma tasa de abstenci\u00f3n que los consulados en el extranjero, en los que solo vot\u00f3 el 20,32% de las personas habilitadas para hacerlo.  . Por el mismo corte estuvieron Vaup\u00e9s, Vichada, La Guajira, Guain\u00eda, Choc\u00f3 y Amazonas, en los que la victoria de la abstenci\u00f3n frente a los votos qued\u00f3 manifiesta. All\u00ed, \r\n\r\n \r\n\r\nPara el polit\u00f3logo y exviceministro Juan Fernando Londo\u00f1o, la abstenci\u00f3n es una decisi\u00f3n que se vuelve sistem\u00e1tica y, por ende,  de manera intensa en dichas regiones. \u201cQuien vota una vez, suele volver a hacerlo. Pero quien no vota una vez se vuelve un abstencionista cr\u00f3nico, no aprecia el valor del voto en una democracia y simplemente prefiere hacer otra cosa ese d\u00eda, porque  \u201d, asegura. \r\n\r\nVea el detalle de la abstenci\u00f3n en Colombia en las elecciones del pasado domingo: \r\n\r\n \r\n\r\n\u00a0 \r\n\r\n \r\n", "link": "https://www.elespectador.com/politica/abstencion-disminuyo-pero-aun-queda-camino-por-recorrer-article-791235/", "actores": [], "puntos": ["punto2"], "medio": "elespectador"}