{"titulo": "advierten-que-la-jep-esta-desfinanciada-en-proyecto-de-presupuesto-para-2021", "fecha": "19/10/2020", "aux": "#Atenci\u00f3n #Presupuesto2021 @JEP_Colombia #PGN2021 @ADR_Colombia @AgenciaTierras #Punto1 #AcuerdoDePaz pic.twitter.com/FDum9oQcB3 @JEP_Colombia", "contenido": "Seg\u00fan el representante Jos\u00e9 Daniel L\u00f3pez, no se ha tenido en cuenta la petici\u00f3n de la JEP para incluir $ 30.000 millones, que equivalen a un 20 % del presupuesto para su funcionamiento.El representante por Cambio Radical, Jos\u00e9 Daniel L\u00f3pez, prendi\u00f3 las alarmas en medio de la discusi\u00f3n para pactar el Presupuesto General de la Naci\u00f3n (PGN) al encontrar que el proyecto, como fue aprobado en primer debate, viene con desfinanciaci\u00f3n para la Jurisdicci\u00f3n Especial para la Paz (JEP). Es m\u00e1s, el mismo tribunal ha sido claro del presupuesto que requerir\u00e1 para funcionar bien el pr\u00f3ximo a\u00f1o y es de $30.000 millones.  \u00a1En   que se debate hoy en el Congreso, la   est\u00e1 quedando desfinanciada en $30.000 millones! Le falta el 20% de los recursos de inversi\u00f3n que necesita para su operaci\u00f3n el a\u00f1o entrante. Viene hilo \ud83d\udc47\ud83c\udffc\ud83d\udc47\ud83c\udffc \u201cEn el presupuesto que se debate hoy en el Congreso, la JEP est\u00e1 quedando desfinanciada en $ 30.000 millones. Le falta el 20 % de los recursos de inversi\u00f3n que necesita para su operaci\u00f3n para el a\u00f1o entrante\u201d, escribi\u00f3 L\u00f3pez en su cuenta de Twitter. De acuerdo con el parlamentario, el programa de protecci\u00f3n de testigos, v\u00edctimas y declarantes es el m\u00e1s afectado por la desfinanciaci\u00f3n de recursos para 2021. \u201cEstas son personas fundamentales para conocer la verdad de la guerra. La justicia transicional funciona en la medida que la vida e integridad f\u00edsica de quienes all\u00ed declaren est\u00e9 garantizada\u201d. Adem\u00e1s del programa que protege a quienes comparecen ante la JEP, la situaci\u00f3n del tribunal de paz en el presupuesto tambi\u00e9n afecta al sistema de asesor\u00eda y representaci\u00f3n judicial de las v\u00edctimas. Situaci\u00f3n que preocupa debido a los nuevos macro casos que est\u00e1 investigando la justicia transicional. \u201cLas v\u00edctimas necesitan de todas las garant\u00edas\u201d, exhort\u00f3. Un funcionario de la JEP dijo a  que para la protecci\u00f3n de los testigos y v\u00edctimas para el otro a\u00f1o cuentan con $17.000 que ya est\u00e1n asegurados, sin embargo, hay 150 peticiones que, en caso de aprobarlas, estar\u00edan sin recursos para atenderlas. Y la preocupaci\u00f3n aumenta porque diariamente reciben entre dos y tres requerimientos de protecci\u00f3n.  \u201cCalculamos para el solo programa de protecci\u00f3n se requerir\u00edan por lo menos $26.000 millones, sin contar las otras situaciones para efecto de la atenci\u00f3n a las v\u00edctimas, manejo de comunidades ind\u00edgenas y afro, que requieren de una cantidad de recursos\u201d, coment\u00f3 la fuente consultada que record\u00f3 que en caso de no serles asignados los dineros necesarios estar\u00edan falt\u00e1ndole a su misi\u00f3n de construcci\u00f3n de verdad, teniendo en el centro a las v\u00edctimas, quienes en su mayor\u00eda no cuentan con los recursos suficientes y, por ende, necesitan del apoyo econ\u00f3mico de la JEP.  Desde la bancada alternativa no solo han advertido de lo que est\u00e1 pasando en la asignaci\u00f3n de recursos a la JEP para 2021, sino tambi\u00e9n de otras entidades a las que ya se le aseguraron los dineros faltantes para discutir en segundo debate. Es el caso de la Agencia de Desarrollo Rural (ADR) y la Agencia Nacional de Tierras. \u201cEstas son claves para el punto uno del Acuerdo, sin embargo, para segundo debate esta reducci\u00f3n se corrigi\u00f3 y su presupuesto se increment\u00f3\u201d, dijo Juanita Goebertus. Las buenas noticias hay que darlas.  En la versi\u00f3n original del   se reduc\u00eda significativamente el presupuesto de la   y  , claves para el   del  . Para 2do debate esta reducci\u00f3n se corrigi\u00f3 y su presupuesto se increment\u00f3 as\u00ed\ud83d\udc47\ud83c\udffd  En ese orden, la oposici\u00f3n est\u00e1 vigilante de que los recursos no sean menores a los asignados para este a\u00f1o, debido a que los costos de la implementaci\u00f3n han incrementado conforme al avance de las investigaciones y los procesos que se adelantan en el tribunal de paz. Por eso, el representante de Cambio Radical se\u00f1ala que \u201ces clave que los congresistas y la ciudadan\u00eda trabajemos duro hoy y ma\u00f1ana para que la JEP no quede desfinanciada. La paz se construye con voluntad pol\u00edtica y la voluntad pol\u00edtica se expresa con la asignaci\u00f3n de recursos suficientes\u201d. Esa advertencia fue apoyada por el senador Armando Benedetti y se\u00f1al\u00f3 que se presentar\u00e1 en Senado una proposici\u00f3n para enmendar ese hueco presupuestal. \u201cDejar a la JEP desfinanciada en un 30 % es dejarla morir de inanici\u00f3n. Junto a otros compa\u00f1eros, he presentado una proposici\u00f3n para aumentar el presupuesto de esta instituci\u00f3n en 34 mil millones. No podemos dejar sin recursos a la paz\u201d, escribi\u00f3 Benedetti en su cuenta de Twitter. Dejar a la   desfinanciada en un 30% es dejarla morir de inanici\u00f3n. Junto a otros compa\u00f1eros he presentado una proposici\u00f3n para aumentar el presupuesto de esta instituci\u00f3n en 34 mil millones. No podemos dejar sin recursos a la paz.", "link": "https://www.elespectador.com/politica/advierten-que-la-jep-esta-desfinanciada-en-proyecto-de-presupuesto-para-2021-article/", "actores": [], "puntos": ["punto1", "punto2", "punto3", "punto4", "punto5"], "medio": "elespectador"}