{"titulo": "alcalde-de-palmira-fue-diagnosticado-con-coronavirus", "fecha": "3/7/2020", "aux": "", "contenido": "\u00d3scar Escobar a trav\u00e9s de su cuenta de Twitter inform\u00f3 de su situaci\u00f3n m\u00e9dica e hizo un llamado a las personas que en los pasados d\u00edas han tenido contacto con \u00e9l para que guarden cuarentena y notifiquen si presentan los s\u00edntomas.Este jueves en la noche, el alcalde Palmira, \u00d3scar Escobar, inform\u00f3 a trav\u00e9s de sus redes que result\u00f3 como caso positivo para coronavirus. \u201cPara m\u00ed es muy importante hablar de la transparencia y honrar la confianza que me han entregado como alcalde. Por eso quiero que sepan que hace pocas horas fui notificado que tengo COVID-19\u2033, escribi\u00f3 en sus redes sociales. Desde el pasado mi\u00e9rcoles, el mandatario cont\u00f3 que se encuentra aislado de forma preventiva mientras le entregaban los resultados de laboratorio. \u201cEstoy bien de salud y soy asintom\u00e1tico. As\u00ed que esto me obliga a tomar unas decisiones extraordinarias\u201d, manifest\u00f3.  En segundo lugar, para m\u00ed es muy importante hablar de la transparencia, y honrar la confianza que me han entregado como alcalde. Por eso quiero que sepan que hace pocas horas fui notificado que tengo COVID-19. En primer lugar, expres\u00f3 que no podr\u00e1 atender al velorio de su padre, \u00d3scar Marino Escoba, que muri\u00f3 este jueves en la madrugada a sus 97 a\u00f1os. \u201cEstoy golpeado an\u00edmicamente, pero debo ser responsable como alcalde y evitar cualquier foco de contagio\u201d, coment\u00f3.  As\u00ed mismo, apunt\u00f3 que se encuentra haciendo rastreo de las personas con las que ha tenido contacto en los 14 d\u00edas anteriores para notificarles de su situaci\u00f3n y pedirles que guarden cuarentena. Y pide, igualmente, a sus m\u00e1s cercanos aplicarse la prueba para descartar un posible contagio. Asimismo, estoy identificando las personas con las que he tenido contacto estrecho para que tambi\u00e9n se hagan la prueba, que es lo que se debe hacer en estos casos. El listado se lo enviar\u00e9 al equipo de la Secretar\u00eda de Salud para que haga la labor de seguimiento respectivo. Sobre su caso, el alcalde hizo un llamado al municipio que este jueves registr\u00f3 el mayor n\u00famero de contagiados (12), ascendiendo, en total, a 185 personas diagnosticadas con COVID-19. \u201cNuestra tasa de contagio es baja, pero no debemos confiarnos. Estamos alcanzando el pico. Se los cuento porque as\u00ed como me est\u00e1 pasando a m\u00ed, les puede pasar a ustedes. Y una de las consecuencias es que yo ma\u00f1ana, por ejemplo, no podr\u00e9 ir al entierro de mi pap\u00e1\u201d, insisti\u00f3 el mandatario. Por \u00faltimo, les pidi\u00f3 a los palmirenses evitar salir masivamente en la segunda jornada del D\u00eda sin Iva que se celebra este viernes. \u201cEntiendo que es un alivio para los comerciantes. Ustedes saben que mi pap\u00e1 tambi\u00e9n lo fue y, si estuviera vivo, se estar\u00eda preparando para vender ma\u00f1ana, pero debemos ser muy responsables con los niveles de contagio que hay ahora\u201d, insisti\u00f3. La Alcald\u00eda opt\u00f3 por dividir en horarios las salidas para que las personas salgan a comprar y, de esta forma, reducir, en lo m\u00e1s posible, las aglomeraciones como ocurri\u00f3 el pasado 19 de junio, primer D\u00eda sin IVA. En ese sentido, los impares podr\u00e1n salir en la ma\u00f1ana y los pares desde la tarde hasta la noche. \u201cRecuerden que falta otro d\u00eda sin IVA y que tambi\u00e9n pueden comprar digitalmente. Por favor cu\u00eddense mucho. Seguir\u00e9 gobernando con responsabilidad hasta que mi estado de salud me lo permita, y desde mi casa. Muchas gracias\u201d. ", "link": "https://www.elespectador.com/politica/alcalde-de-palmira-fue-diagnosticado-con-coronavirus-article/", "actores": [], "puntos": [], "medio": "elespectador"}