{"titulo": "aprobacion-del-presidente-santos-cae-al-14-segun-primera-encuesta-yanhaas-de-2018", "fecha": "17/1/2018", "aux": "", "contenido": "Adem\u00e1s, el 42 % de los encuestados se\u00f1al\u00f3 sentirse pesimista o muy pesimista sobre el futuro del pa\u00eds y un 40 % dijo no estar ni optimista ni pesimista sobre el mismo asunto.\r\n\r\n\r\n\tLa primera encuesta de opini\u00f3n de   de 2018 arroj\u00f3 que la aprobaci\u00f3n de la gesti\u00f3n del presidente  , del 8 de diciembre. De igual forma, la medici\u00f3n se\u00f1ala que el 76 % no aprueba la gesti\u00f3n de Santos, un 5 % no aprueba ni desaprueba y otros 5 % no sabe/no responde. \r\n\r\n\r\n\tTambi\u00e9n cuenta con una alta desaprobaci\u00f3n el gabinete ministerial del gobierno de Santos, con un 76 % y solo un 13 % de aprobaci\u00f3n, aunque sube dos puntos con respecto a la medici\u00f3n de diciembre pasado. Y, en ese mismo sentido, el 74 % desaprueba la gesti\u00f3n del Gobierno en cuanto a la implementaci\u00f3n del acuerdo de paz logrado con las Farc, con el 74 %. \r\n\r\n\r\n\t \r\n\r\n\r\n\tLa alta desaprobaci\u00f3n del Gobierno podr\u00eda ser una de las causas por las que la mayor\u00eda de los encuestados, en otro aparte de la encuesta, respondieron, con un 81 %, que el pa\u00eds va por mal camino, cayendo tres puntos desde la medici\u00f3n de diciembre de 2017. S\u00f3lo un 14 % cree que va por buen camino. Igualmente,  \r\n\r\n\r\n\tEntre los temas que m\u00e1s afectan la aprobaci\u00f3n del Gobierno est\u00e1n lo hecho en contra de la corrupci\u00f3n y la percepci\u00f3n del progreso econ\u00f3mico. El 89 % de los encuestados consideran que la econom\u00eda del pa\u00eds est\u00e1 estancada o en retroceso, mientras que el 9 % se\u00f1ala que est\u00e1 progresando. \r\n\r\n\r\n\tUna de las principales de la reciente fotograf\u00eda es que a\u00fan no se ha visto un efecto positivo en la opini\u00f3n de los colombianos encuestados. \r\n\r\n\r\n\t \r\n", "link": "https://www.elespectador.com/politica/aprobacion-del-presidente-santos-cae-al-14-segun-primera-encuesta-yanhaas-de-2018-article-733818/", "actores": [], "puntos": ["punto1", "punto3", "punto5"], "medio": "elespectador"}