{"titulo": "asocapitales-pide-llegar-a-un-acuerdo-para-la-reforma-tributaria", "fecha": "22/4/2021", "aux": "Puede ver:  En video:", "contenido": "Seg\u00fan la organizaci\u00f3n que agrupa a las capitales del pa\u00eds, es necesario \u201casegurar la financiaci\u00f3n de la inversi\u00f3n social y de reactivaci\u00f3n\u201d.La mayor\u00eda de pronunciamientos frente a la reforma tributaria han sido en rechazo a esta. Sin embargo, las capitales del pa\u00eds tuvieron una postura diferente. A trav\u00e9s de un comunicado, Asocapitales pidi\u00f3 llegar a un acuerdo frente a esta debido a que se debe garantizar la financiaci\u00f3n de las ciudades. Aunque la bancada de la Alianza Verde se fue en conjunto en contra de la reforma, la alcaldesa de Bogot\u00e1, Claudia L\u00f3pez, fue una de las que comparti\u00f3 el comunicado en el que se asume una posici\u00f3n conciliadora frente a la propuesta de gobierno. Seg\u00fan Asocapitales, \u201ces de especial importancia recuperar la estabilidad financiera de nuestro pa\u00eds y fortalecer las pol\u00edticas sociales a trav\u00e9s de recursos que permitan mitigar la pobreza y apoyar a la poblaci\u00f3n afectada por la pandemia del COVID-19\u201d. Frente a las posiciones encontradas, la mayor\u00eda en contra de la reforma fiscal, el conglomerado de capitales pidi\u00f3 un acuerdo debido a que se deben asegurar los recursos para la inversi\u00f3n social y econ\u00f3mica. Para los alcaldes de las principales ciudades del pa\u00eds, estos dineros son esenciales para la reactivaci\u00f3n econ\u00f3mica del pa\u00eds. Asocapitales tambi\u00e9n asegur\u00f3 que present\u00f3 al Ejecutivo propuestas para superar \u201clas adversidades sociales y econ\u00f3micas de nuestras ciudades como la confinanciaci\u00f3n del d\u00e9ficit\u201d de los sistemas de transporte masivo de las principales ciudades del pa\u00eds. En este mismo orden, los alcaldes de las capitales expresaron la necesidad de que se garanticen recursos para la inversi\u00f3n en infraestructura y mantenimiento de las redes viales de las ciudades. Para este \u00faltimo fin, propusieron que se destinen los recursos de la sobretasa de la gasolina y los impuestos a veh\u00edculos. En este mismo orden de ideas pidieron que se les respete la autonom\u00eda de financiaci\u00f3n que han gozado las ciudades desde 1991. Por \u00faltimo, Asocapitales record\u00f3 que han sido las que m\u00e1s han sentido la pandemia en t\u00e9rminos de empleo. Esto \u00faltimo sirvi\u00f3 para concluir con un pedido de llegar a un acuerdo para asegurar los recursos para financiar \u201clas apremiantes necesidades de inversi\u00f3n y reactivaci\u00f3n de la ciudadan\u00eda, las ciudades y el pa\u00eds\u201d. Este comunicado es una de las pocas posiciones a favor de la reforma tributaria, conocida desde el Gobierno como ley de solidaridad sostenible. Por otro lado, desde el partido de Gobierno hasta la oposici\u00f3n han presentado objeciones a la propuesta del Ejecutivo. Mientras que los primeros han buscado alternativas, otros sectores han anunciado que su voto ser\u00e1 negativo en contra de la reforma. Esto implica que, por el momento, el futuro de la reforma est\u00e9 en puntos suspensivos. Y es que son varios los puntos que no han gustado. En un primer lugar est\u00e1 la propuesta de declaraci\u00f3n de renta para las personas que devengan m\u00e1s de $2.400.000 al mes. Por otro lado, tambi\u00e9n se ha criticado que se vayan a grabar con IVA a los servicios p\u00fablicos de los estratos 4,5 y 6. Estas propuestas son tan solo algunas de las muchas que han rechazado los colombianos y que tienen en veremos el tr\u00e1mite de la reforma en el Congreso.", "link": "https://www.elespectador.com/politica/asocapitales-pide-llegar-a-un-acuerdo-para-la-reforma-tributaria-article/", "actores": [], "puntos": ["punto1", "punto2", "punto3", "punto4"], "medio": "elespectador"}