{"titulo": "bogota-iniciara-censo-de-excombatientes-desde-el-proximo-1deg-de-junio", "fecha": "19/5/2021", "aux": "Le puede interesar: ", "contenido": "El proceso lo desarrollar\u00e1 la Alta Consejer\u00eda de Paz, con apoyo de la Agencia de Reincorporaci\u00f3n y Normalizaci\u00f3n (ARN). Se estima que en Bogot\u00e1 viven unos 800 excombatientes.Desde el pr\u00f3ximo 1\u00b0 de junio y hasta el 27 del mismo mes, Bogot\u00e1 realizar\u00e1 el censo poblacional de excombatientes de las Farc que se encuentran en la capital en proceso de reincorporaci\u00f3n, una caracterizaci\u00f3n que tiene por objetivo conocer su situaci\u00f3n actual y la de sus familiares. El censo lo liderar\u00e1 la Alta Consejer\u00eda de Paz, V\u00edctimas y Reconciliaci\u00f3n con el apoyo de la Agencia de Reincorporaci\u00f3n y Normalizaci\u00f3n (ARN) y se desarrollar\u00e1 en los Lugares Especiales de Aplicaci\u00f3n (LEA), que son zonas dentro del distrito que est\u00e1n destinadas para esta labor y que cuenta con las medidas de seguridad necesarias. \u201cEsta ser\u00e1 la primera ciudad con una caracterizaci\u00f3n completa y actualizada de personas en proceso de reincorporaci\u00f3n en el pa\u00eds y la informaci\u00f3n que recojamos ser\u00e1 un insumo fundamental para fortalecer la implementaci\u00f3n del Acuerdo de Paz en la capital del pa\u00eds\u201d, se\u00f1al\u00f3 Manuela Urrego, directora de Paz y Reconciliaci\u00f3n de la consejer\u00eda. En ese mismo sentido, manifest\u00f3 que el censo poblacional de excombatientes hace parte de los compromisos del plan de desarrollo de Bogot\u00e1, que busca que la capital del pa\u00eds sea un \u201cepicentro de paz y reconciliaci\u00f3n\u201d. En la parte operativa, la Alta Consejer\u00eda de Paz se pondr\u00e1 en contacto con los excombatientes residentes en Bogot\u00e1 para explicar el proceso e informar la fecha de la entrevista. Tambi\u00e9n se destinar\u00e1n recursos para el desplazamiento de estas personas. \u201cInvitamos a todas las personas en proceso de reincorporaci\u00f3n residentes en Bogot\u00e1 a participar de este importante ejercicio para contribuir con informaci\u00f3n actualizada que pueda orientar una mejor oferta institucional de acuerdo con sus necesidades\u201d, agreg\u00f3 Urrego. Se estima que en Bogot\u00e1 viven unos 800 excombatientes de las Farc.", "link": "https://www.elespectador.com/politica/bogota-iniciara-censo-de-excombatientes-desde-el-proximo-1-de-junio/", "actores": [], "puntos": ["punto5"], "medio": "elespectador"}