{"titulo": "canciller-claudia-blum-promueve-el-avivamiento-de-la-guerra-timochenko", "fecha": "22/4/2021", "aux": " Timochenko En contexto:  Timochenko  #RenuncieClaudiaBlum https://t.co/xC86nWLoKe  Timochenko", "contenido": "El jefe del partido Comunes, nacido del Acuerdo de Paz entre el Estado y la otrora guerrilla de las Farc, critic\u00f3 lo dicho por la funcionaria ante el Consejo de Seguridad de Naciones Unidas, organismo al que le asegur\u00f3 que las disidencias deber\u00edan considerarse \u201ccomo un incumplimiento\u201d.En medio de la controversia que desataron las declaraciones de la  ante el   \u2013asegurando que la existencia de   al Acuerdo de Paz deb\u00eda considerarse \u201ccomo un \u2013, este jueves se pronunci\u00f3 Rodrigo Londo\u00f1o, conocido como  y quien es hoy por hoy presidente del   (nacido de lo acordado en La Habana). Al unirse a las voces que han rechazado lo dicho por Blum,  aleg\u00f3 que  del Acuerdo que est\u00e1n comprometidos con el cumplimiento de lo acordado, \u201ca pesar de los  Por ello, adhiri\u00f3 tambi\u00e9n a quienes reclaman hoy la  agregando que sus declaraciones \u201cpromueven el  y ponen en riesgo a los firmantes del Acuerdo. Me sumo a los miles de colombianos y colombianas que exigen que  . Sus declaraciones no s\u00f3lo son falaces, sino que ponen en riesgo la vida de quienes nos jugamos todo por la paz y promueve el avivamiento de la guerra. Colombia quiere paz con justicia social.  Previamente, en la presentaci\u00f3n del m\u00e1s reciente informe de la Misi\u00f3n de la ONU sobre el proceso de paz en Colombia ante el Consejo de Seguridad de Naciones Unidas, la canciller afirm\u00f3 que la existencia de disidencias deb\u00eda  Lo dicho por Blum resulta confuso, teniendo en cuenta que hubo  incluso antes de firmado el Acuerdo, y que la gran mayor\u00eda de los firmantes   tal como lo destacaron varios pa\u00edses presentes en el encuentro. Durante el Consejo, Carlos Ruiz Massieu, jefe de la Misi\u00f3n de Verificaci\u00f3n de la ONU en Colombia, reiter\u00f3 el llamado a cesar las  y lament\u00f3 el asesinato de la gobernadora ind\u00edgena  as\u00ed como los recientes homicidios de cuatro excombatientes de las Farc desde que dio a conocer este \u00faltimo informe hace apenas dos semanas. Representantes de varios pa\u00edses tambi\u00e9n se mostraron Por otro lado, Ruiz Massieu calific\u00f3 como un   (conocido en la guerra como ), presidente del partido Comunes. \u201cAliento por ello a las partes a que contin\u00faen avanzando en la definici\u00f3n de la hoja de ruta para la implementaci\u00f3n acordada en dicha reuni\u00f3n\u201d. A ese reconocimiento se sumaron varios pa\u00edses como China, India y M\u00e9xico.", "link": "https://www.elespectador.com/politica/canciller-claudia-blum-promueve-el-avivamiento-de-la-guerra-timochenko-article/", "actores": [], "puntos": [], "medio": "elespectador"}