{"titulo": "comision-de-paz-del-congreso-hara-audiencia-publica-por-situacion-de-violencia-en-montes-de-maria", "fecha": "1/3/2021", "aux": "", "contenido": "El encuentro ser\u00e1 este 2 de marzo en Sincelejo, donde se espera escuchar a habitantes de la zona y organizaciones sociales que vienen registrando los hechos de violencia.Este 2 de marzo, la Comisi\u00f3n de Paz del Senado viajar\u00e1 hasta Sincelejo donde est\u00e1 programada una audiencia p\u00fablica en la que esperan escuchar a habitantes, organizaciones sociales y autoridades locales sobre la situaci\u00f3n de violencia en los Montes de Mar\u00eda. \u201cEn el Carmen de Bol\u00edvar, los homicidios se incrementaron dram\u00e1ticamente, pasando del 11 en el 2018 a 22 en el 2019. En el 2020, se contabilizaron m\u00e1s de 16 asesinatos. All\u00ed mismo, en lo corrido del gobierno Duque se registran m\u00e1s de 37 desplazamientos de poblaci\u00f3n como resultado de amenazas del Clan del Golfo\u201d. Haciendo un an\u00e1lisis de la situaci\u00f3n puntual del Carmen de Bol\u00edvar, los senadores y senadoras de la oposici\u00f3n convocaron dicha audiencia p\u00fablica desde el a\u00f1o pasado y a la que invitaron al presidente Iv\u00e1n Duque, los Ministerios de Defensa, Interior, la Consejer\u00eda para los DD.HH., la Oficina del Alto Comisionado de Paz, la Consejer\u00eda para la Estabilizaci\u00f3n y la Unidad de Restituci\u00f3n de Tierras. \u201cEsperamos contar con la presencia de los ministros, que nos ayuden a encontrar soluciones que permitan la protecci\u00f3n a la vida en una regi\u00f3n que no solo ha sido golpeada por la violencia, sino que ha sido escenario de varios acuerdos de paz. En Sucre y los Montes de Mar\u00eda se ha vivido procesos de desmovilizaci\u00f3n y de reincorporaci\u00f3n a la vida civil de organizaciones armadas y esas oportunidades de paz la hemos venido perdiendo\u201d, apunt\u00f3 el senador Antonio Sanguino (Alianza Verde). Adem\u00e1s de escuchar las denuncias sobre amenazas, desplazamientos, asesinatos e inseguridad, se analizar\u00e1 las din\u00e1micas de conflicto armado en la regi\u00f3n, la violaci\u00f3n a los derechos humanos y derecho internacional humanitario, y el estado de la implementaci\u00f3n del Acuerdo de Paz.", "link": "https://www.elespectador.com/politica/comision-de-paz-del-congreso-hara-audiencia-publica-por-situacion-de-violencia-en-montes-de-maria-article/", "actores": [], "puntos": ["punto1", "punto2", "punto3", "punto4"], "medio": "elespectador"}