{"titulo": "comision-sobre-drogas-se-queja-ante-ee-uu-por-decreto-para-aspersion-con-glifosato", "fecha": "14/4/2021", "aux": "Le puede interesar: ", "contenido": "Para los congresistas, hay evidencia de lo poco efectivo del glifosato para la erradicaci\u00f3n de cultivos de uso il\u00edcito.Quince congresistas de la comisi\u00f3n accidental de pol\u00edtica de drogas del Senado de la Rep\u00fablica enviaron una carta a Kamala Harris, vicepresidenta de los Estados Unidos, y al congreso de ese pa\u00eds en la que reiteran que hay \u201cpoca eficacia\u201d de la fumigaci\u00f3n con glifosato para la erradicaci\u00f3n de cultivos de uso il\u00edcito. \u201cReiteramos la evidencia sobre la poca eficacia que ha tenido la fumigaci\u00f3n con glifosato para combatir los cultivos de uso il\u00edcito y el tr\u00e1fico de droga, tras casi 40 a\u00f1os de aplicaci\u00f3n de esa estrategia\u201d, se\u00f1ala la misiva que hace referencia al reci\u00e9n expedido decreto 380 de 2021, a trav\u00e9s del que el Gobierno Nacional dio luz verde al regreso de la aspersi\u00f3n a\u00e9rea con glifosato en el pa\u00eds. En ese sentido, manifiestan su rechazo a la medida adoptada por el gobierno Duque. \u201cHacemos un llamado al Congreso y al Presidente de Estados Unidos para que este documento sea considerado y tenido en cuenta en las decisiones de pol\u00edtica exterior en Am\u00e9rica Latina, en lo que respecta a la lucha contra el narcotr\u00e1fico. Somos partidarios de la implementaci\u00f3n de una pol\u00edtica de drogas rentable, basada en la evidencia y que reduzca la cantidad de vidas perdidas por el uso de drogas y sus efectos colaterales\u201d, dice el documento. Para los congresistas, el Plan Colombia fue una muestra de que le uso del glifosato, una sustancia sobre la que hay evidencia de sus afectaciones a la salud de las personas, no fue efectivo para reducir la oferta o la demanda de los cultivos y las sustancias il\u00edcitas. \u201cEl glifosato no solo ha sido una estrategia fallida dentro de la pol\u00edtica antidrogas y de seguridad, sino que, adem\u00e1s, ha tenido efectos colaterales muy negativos, entre los cuales resaltamos la deforestaci\u00f3n en ecosistemas de gran importancia global como la Amazon\u00eda\u201d, dicen los congresistas. En contraste, mencionan que la sustituci\u00f3n de cultivos ha sido una estrategia con mejores resultados, pero que el modelo que fue concebido a trav\u00e9s del Acuerdo de Paz firmado con las Farc est\u00e1 desfinanciado. \u201cLa sustituci\u00f3n de cultivos ha sido una estrategia probada con tasas de efectividad superiores al 90 %. No obstante, el Programa Nacional Integral de Sustituci\u00f3n de Cultivos de Uso Il\u00edcito (PNIS), que hace parte del Acuerdo de Paz firmado por el gobierno colombiano en 2016, se encuentra desfinanciado y tiene un elevado \u00edndice de incumplimiento\u201d. Al uso del glifosato tambi\u00e9n relacionan la deforestaci\u00f3n. \u201cEl aumento de la deforestaci\u00f3n y el crecimiento de las econom\u00edas ilegales son actividades directamente relacionadas. Una de las principales causas de la deforestaci\u00f3n es la colonizaci\u00f3n de bosques para el establecimiento de cultivos il\u00edcitos, principalmente coca\u201d. La norma publicada por el Gobierno Nacional el pasado 12 de abril contiene un marco normativo que busca controlar el riesgo para la salud y el medioambiente que representa el uso del glifosato como estrategia para el combate de cultivos de uso il\u00edcito. Seg\u00fan el Gobierno, ese decreto acata lo que ha ordenado la Corte Constitucional respecto de que se busque, jur\u00eddicamente, una alternativa de regulaci\u00f3n del proceso para que el Consejo Nacional de Estupefacientes (CNE) decida si se reanuda o no el programa de erradicaci\u00f3n a trav\u00e9s de la aspersi\u00f3n a\u00e9rea. En otras palabras, lo que explic\u00f3 la administraci\u00f3n Duque, a trav\u00e9s de un comunicado p\u00fablico, es que el decreto \u201cno reactiva autom\u00e1ticamente\u201d la aspersi\u00f3n a\u00e9rea con glifosato, pues hace falta que el CNE verifique el cumplimiento de los requisitos exigidos por el alto tribunal para este fin.", "link": "https://www.elespectador.com/politica/comision-sobre-drogas-se-queja-ante-ee-uu-por-decreto-para-aspersion-con-glifosato-article/", "actores": [], "puntos": ["punto1", "punto3", "punto4", "punto5"], "medio": "elespectador"}