{"titulo": "comision-de-paz-pide-a-la-cidh-visita-a-colombia-por-situacion-de-derechos-humanos", "fecha": "16/9/2020", "aux": "in loco", "contenido": "La invitaci\u00f3n tambi\u00e9n se extendi\u00f3 a Michelle Bachelet, alta comisionada de las Naciones Unidas para los Derechos Humanos.En una carta enviada a Joel Hern\u00e1ndez Garc\u00eda, presidente de la Comisi\u00f3n Interamericana de Derechos Humanos (CIDH), cinco senadores de la Comisi\u00f3n de Paz del Senado de la Rep\u00fablica solicitaron al organismo internacional una visita presencial en Colombia para que se elabore un informe \u201csobre la situaci\u00f3n de grave vulneraci\u00f3n de los derechos humanos\u201d en el pa\u00eds. \u201cSustentamos nuestra petici\u00f3n en la escalada de hechos violentos de las \u00faltimas semanas que incluyen 68 masacres solo durante el a\u00f1o 2020, y causaron la muerte a 231 personas, todos ellos civiles ajenos al conflicto\u201d, dice la misiva enviada al funcionario. Los congresistas relataron a Hern\u00e1ndez los hechos ocurridos en las semanas recientes. \u201cEn los \u00faltimos d\u00edas episodios de abuso de la fuerza policial causaron 10 muertes de ciudadanos indefensos en una sola noche durante protestas masivas por el asesinato de otro ciudadano, Javier Ordo\u00f1ez, asesinato causado despu\u00e9s de repetidas electrocuciones y golpes indiscriminados por parte de dos policiales que fueron grabados, y transmitidos en las redes sociales\u201d. En ese mismo sentido, se\u00f1alaron la falta de atenci\u00f3n por parte de las autoridades a las alertas tempranas emitidas por la Defensor\u00eda del Pueblo, el asesinato de l\u00edderes sociales y de excombatientes de las extintas Farc. \u201cDada la gravedad de la vulneraci\u00f3n del derecho a la vida e invocando la Convenci\u00f3n Americana de Derechos Humanos, queremos solicitar a los honorables Comisionados considerar una visita   a Colombia para recabar la informaci\u00f3n y tomar las acciones de protecci\u00f3n a la vida que con urgencia se requieren\u201d, agrega la carta. La misma comunicaci\u00f3n le fue enviada, con el mismo fin, a Michelle Bachelet, alta comisionada de las Naciones Unidas para los Derechos Humanos, y a la Canciller\u00eda para que se tramiten las autorizaciones que se hagan necesarias por parte del Gobierno Nacional para la llegada de los funcionarios internacionales. Sobre esta invitaci\u00f3n, la senadora Paloma Valencia, del Centro Democr\u00e1tico y copresidente de la Comisi\u00f3n de Paz, protest\u00f3: \"Como copresidente de la Comisi\u00f3n de Paz del Senado expreso mi rechazo a la utilizaci\u00f3n abusiva de la comisi\u00f3n. La carta que circula con las firmas de algunos copresidentes, no fue consultada con otros copresidentes, ni con integrantes de la comisi\u00f3n. No fue votada ni discutida\u201d.", "link": "https://www.elespectador.com/politica/comision-de-paz-pide-a-la-cidh-visita-a-colombia-por-situacion-de-derechos-humanos-article/", "actores": [], "puntos": ["punto3", "punto4", "punto5"], "medio": "elespectador"}