{"titulo": "comite-del-paro-alega-maniobras-de-dilacion-y-desgaste-en-mesa-con-el-gobierno", "fecha": "24/5/2021", "aux": "Lea tambi\u00e9n: Tambi\u00e9n le puede interesar: ", "contenido": "Aunque el Comit\u00e9 destac\u00f3 que se han alcanzado puntos de encuentro para las garant\u00edas para el ejercicio de la protesta, reclam\u00f3 que el Ejecutivo no ha tomado medidas efectivas para hacer frente a la violencia. El Gobierno, por su parte, defiende que \u201cse han logrado preacuerdos significativos\u201d.Cumplidos  de la instalaci\u00f3n de la mesa de conversaciones entre el  , en b\u00fasqueda de y medidas que permitan hacerle frente al estallido social que completa m\u00e1s de tres semanas en el pa\u00eds, el Comit\u00e9 llam\u00f3 la atenci\u00f3n por   por parte del Ejecutivo. Seg\u00fan reclam\u00f3 el Comit\u00e9, que calific\u00f3 como  si bien se han llegado a puntos de encuentro en la discusi\u00f3n de las garant\u00edas para el ejercicio de la protesta, el para hacerle frente a los hechos de  y abuso de la Fuerza P\u00fablica. \u201cLa t\u00e1ctica del Gobierno ha sido la , desconociendo la urgente necesidad de tomar medidas efectivas que contengan la intervenci\u00f3n sistem\u00e1tica, violenta y arbitraria desatada por la Fuerza P\u00fablica contra las y los manifestantes, en el marco de la implementaci\u00f3n de la , aleg\u00f3 el Comit\u00e9. Insistiendo en su disposici\u00f3n de llegar a  el Comit\u00e9 del Paro declar\u00f3 que ha apostado por el di\u00e1logo para que tambi\u00e9n haya acuerdos con aquellos que persisten en concentraciones y bloqueo de v\u00edas. Sin embargo, el Comit\u00e9 sostuvo que de resolver, como \u201cavanzar en el desmonte del Esmad de la Polic\u00eda, el mensaje de el uso de la facultad discrecional para el retiro del servicio a los integrantes de la Fuerza P\u00fablica comprometidos con la violencia policial, la   y relatores especiales de la ONU, etc\u201d. Por \u00faltimo, el Comit\u00e9 inst\u00f3 al Ejecutivo a  necesarias para poder llegar a acuerdos sobre las garant\u00edas de la protesta, para poder luego iniciar las negociaciones del pliego de emergencia radicado y los otros reclamos en las calles. A su turno, el Gobierno \u2013a trav\u00e9s de la  , Miguel Ceballos, delegado por Duque para las conversaciones\u2013, destac\u00f3 que han mantenido un   para generar un ambiente favorable e intentan \u201csuperar cada reto de forma asertiva y desde el  En esa l\u00ednea, la entidad defendi\u00f3 que el Gobierno Nacional ha venido actuando de manera diligente para dar inicio a una  En esa tarea, explican, han analizado, proactivamente, cada una de las propuestas presentadas en relaci\u00f3n con las garant\u00edas correspondientes a la manifestaci\u00f3n p\u00fablica y pac\u00edfica. \u201cGracias a lo anterior  que fortalecer\u00e1n el ejercicio del derecho constitucional a la protesta pac\u00edfica en los frentes planteados, incluidas m\u00faltiples verificaciones de las acciones estatales por parte de \u00f3rganos independientes y organismos internacionales multilaterales\u201d, explic\u00f3 la Oficina. Por otro lado, reivindicaron su   y que, con fundamento en ello, se superen las afectaciones que impiden el libre ejercicio de la movilidad, salud, seguridad, abastecimiento y trabajo, y menoscaban los derechos tanto de quienes marchan como de quienes no marchan. El compromiso de cada uno de los integrantes sigue presente y se evidencia en el empe\u00f1o puesto en el desarrollo de las jornadas\u201d, precis\u00f3 el Ejecutivo, que celebr\u00f3 el acompa\u00f1amiento de las Naciones Unidas y la Iglesia Cat\u00f3lica como garantes de estos acercamientos, as\u00ed como la asistencia de delegados de la Procuradur\u00eda y la Defensor\u00eda del Pueblo.", "link": "https://www.elespectador.com/politica/comite-del-paro-alega-maniobras-de-dilacion-y-desgaste-en-mesa-con-el-gobierno/", "actores": [], "puntos": ["punto3"], "medio": "elespectador"}