{"titulo": "criticas-desde-el-parlamento-britanico-al-gobierno-colombiano-y-al-exfiscal-martinez-por-atacar-a-la-jep", "fecha": "8/12/2020", "aux": "", "contenido": "Algunos miembros le preguntaron a su propio gobierno si conoc\u00edan sobre el supuesto entrampamiento contra Santrich.Varios miembros de la C\u00e1mara de los Lores, del Parlamento Brit\u00e1nico, cuestionaron el papel del presidente Iv\u00e1n Duque M\u00e1rquez y su gobierno en la implementaci\u00f3n del acuerdo de paz. En ese escenario tambi\u00e9n se critic\u00f3 la actuaci\u00f3n del exfiscal N\u00e9stor Humberto Mart\u00ednez y el presunto ocultamiento de informaci\u00f3n a la Jurisdicci\u00f3n Especial para la Paz (JEP) en el caso Santrich. \u201cEl reciente reportaje que revela detalles de una operaci\u00f3n de la Fiscal\u00eda General aparentemente dise\u00f1ada para atrapar a los negociadores de las Farc y socavar el proceso de paz es alarmante. La Fiscal\u00eda dirigida por N\u00e9stor Humberto Mart\u00ednez supuestamente proporcion\u00f3 cinco kilos de coca\u00edna para la operaci\u00f3n, pero esta y otra informaci\u00f3n no fue compartida con las cortes\u201d, se\u00f1al\u00f3 Christine Blower, del Partido Laborista. Blower le pregunt\u00f3 a su propio gobierno si ten\u00eda conocimiento sobre esta operaci\u00f3n cuando Santrich fue capturado en 2018 y exhort\u00f3 a las autoridades de ese pa\u00eds para que expresaran su evaluaci\u00f3n sobre las revelaciones hechas por El Espectador. Por otra parte, Tariq Ahmad, del Partido Conservador, se enfoc\u00f3 en la situaci\u00f3n de riesgo que hay para las comunidades y excombatientes de las Farc y su relaci\u00f3n con el problema de las drogas. Ahmad tambi\u00e9n mencion\u00f3 que se tiene conocimiento en el Parlamento Brit\u00e1nico sobre los seguimientos ilegales que se hacen desde la Fuerza P\u00fablica en contra de activistas, miembros de la oposici\u00f3n y periodistas. Tambi\u00e9n hubo preguntas al gobierno brit\u00e1nico Joyce Anelay sobre el apoyo que se le ha dado a la Fundaci\u00f3n para la Libertad de Prensa (FLIP) en medio de las denuncias que existen de amenazas de violaci\u00f3n sexual, secuestro y muerte de periodistas en Colombia. Sobre el asunto tambi\u00e9n se pronunci\u00f3 Jean Elizabeth Coussin, miembro de la C\u00e1mara de los Lores: \u201c\u00bfPuede decir el ministro qu\u00e9 apoyo p\u00fablico ha dado la Embajada del Reino Unido en Bogot\u00e1 a la JEP, a la luz de los intentos del presidente Duque de socavar su trabajo?\u201d. Otros miembros de la C\u00e1mara de los Lores insistieron en los intentos desde el gobierno de Colombia de atacar el trabajo de la JEP, figura que consideraron como un ejemplo que ha destacado la Corte Penal Internacional y un punto de referencia para el resto del mundo.", "link": "https://www.elespectador.com/politica/criticas-desde-el-parlamento-britanico-al-gobierno-colombiano-y-al-exfiscal-martinez-por-atacar-a-la-jep-article/", "actores": [], "puntos": ["punto1", "punto2", "punto3", "punto5"], "medio": "elespectador"}