{"titulo": "defensores-del-acuerdo-de-paz-se-quejan-ante-biden-por-la-implementacion", "fecha": "21/1/2021", "aux": "@JoeBiden @KamalaHarris #DefendamosLaPaz https://t.co/Ojjhh3dcWw pic.twitter.com/YFDSwxbfK7", "contenido": "Los miembros del movimiento Defendamos la Paz se declararon \u201cesperanzados\u201d por la llegada de Biden y Kamala Harris al poder en Estados Unidos.El movimiento Defensamos la Paz le envi\u00f3 una carta al reci\u00e9n posesionado presidente de los Estados Unidos, Joseph Biden, y a la vicepresidenta Kamala Harris en la que se quejan del avance de la implementaci\u00f3n del Acuerdo de Paz en Colombia y de los \u201cnumerosos obst\u00e1culos\u201d que esta ha tenido en el gobierno del presidente Iv\u00e1n Duque y durante el gobierno de Donald Trump. \u201cEl proceso de paz y la ejecuci\u00f3n del Acuerdo han encontrado numerosos obst\u00e1culos en los tiempos de las administraciones del presidente Iv\u00e1n Duque, en Colombia, y del expresidente Donald Trump, en Estados Unidos\u201d, se\u00f1ala el documento. Los firmantes advierten que \u201cgran parte de los pactado no se ha implementado, mientras que la puesta en obra de otros aspectos se est\u00e1 llevando a cabo con lentitud, pocos recursos o, incluso, en medio de objeciones presidenciales\u201d. En carta a   y      les damos la bienvenida y les comunicamos nuestra a desarrollar una relaci\u00f3n constructiva entre su gobierno y la sociedad civil colombiana orientada a la paz, la democracia, los derechos humanos \ud83d\udce9    En ese sentido, Defensamos la Paz manifest\u00f3 preocupaci\u00f3n por las cifras de la Misi\u00f3n de la ONU en Colombia que revelan que, entre 2016 y 2020, han sido asesinados 248 excombatientes. Por otra parte, le recordaron a Biden que el gobierno de Barack Obama, del que el nuevo presidente estadounidense hizo parte, \u201ccontribuy\u00f3 significativamente al proceso de di\u00e1logo\u201d. \u201cAl asumir ustedes el gobierno de los Estados Unidos, queremos manifestarles nuestra esperanza de que esta nueva administraci\u00f3n fortalecer\u00e1 el apoyo a la implementaci\u00f3n integral del Acuerdo de Paz, a la protecci\u00f3n de la vida de los excombatientes y de quienes defienden los derechos humanos\u201d, agrega el movimiento. Tambi\u00e9n hicieron una sugerencia para que haya un cambio en la pol\u00edtica de drogas que se acomode a lo dispuesto por el punto cuatro del Acuerdo de Paz y que respete a las v\u00edctimas del conflicto armado y a las comunidades \u00e9tnicas.", "link": "https://www.elespectador.com/politica/defensores-del-acuerdo-de-paz-se-quejan-ante-biden-por-la-implementacion-article/", "actores": [], "puntos": ["punto1", "punto2", "punto3", "punto4", "punto5"], "medio": "elespectador"}