{"titulo": "defendamos-la-paz-alerta-a-naciones-unidas-de-las-embestidas-contra-el-acuerdo", "fecha": "28/4/2020", "aux": "", "contenido": "Para la plataforma de exnegociadores de paz y ciudadanos, el Gobierno est\u00e1 aprovechando la situaci\u00f3n generada por la pandemia para entorpecer la implementaci\u00f3n de los textos de La Habana firmados con las Farc en 2016.\r\n\r\nA trav\u00e9s de una carta dirigida al jefe de la Misi\u00f3n de Verificaci\u00f3n del Acuerdo de Paz de Naciones Unidas, Carlos Ruiz Massieu, la plataforma ciudadana y de exnegociadores de paz, Defendamos la Paz, le enumer\u00f3 punto por punto las preocupaciones que tienen por lo que llaman \u201cembestidas en contra de la implementaci\u00f3n del Acuerdo de Paz en tiempos de coronavirus\u201d por parte del Gobierno. \r\n\r\n\u201cComo movimiento elevamos nuestra voz de protesta contra la instrumentalizaci\u00f3n de la pandemia para minar el Acuerdo de Paz. La crisis sanitaria no solo permite ocultar la inacci\u00f3n del Gobierno, m\u00e1s aun, alimenta la campa\u00f1a del partido de gobierno en contra de la implementaci\u00f3n\u201d, se lee en referencia a las propuestas del uribismo relacionadas con destinar recursos asignados para la puesta en marcha de los textos de La Habana para la atenci\u00f3n del COVID-19, as\u00ed como reducir el n\u00famero de curules del Congreso, disminuyendo as\u00ed el n\u00famero de esca\u00f1os del Partido FARC. \r\n\r\nPara Defendamos la Paz, estos momentos que vive el pa\u00eds, en los que los ciudadanos est\u00e1n aislados, los intentos de entorpecer la implementaci\u00f3n del Acuerdo de Paz se est\u00e1n promoviendo desde \u201cla puerta de atr\u00e1s\u201d. \r\n\r\nLos puntos que alertan son el aumento de los asesinatos de excombatientes y l\u00edderes sociales. \u201cEl Gobierno permanece en silencio ante este atentado contra la paz, no se perciben iniciativas para detener el desangre y la pandemia le ha servido para camuflar su pasividad. La Fuerza P\u00fablica no reacciona, la Fiscal\u00eda no avanza lo suficiente y los instrumentos prove\u00eddos por el Acuerdo de Paz, como la Comisi\u00f3n Nacional de Garant\u00edas de Seguridad, no son convocados por el Gobierno\u201d, advierte. \r\n\r\nRecuerda que son casi 200 excombatientes asesinados, sin contar los 39 intentos de asesinatos y las 13 desapariciones de exmiembros de las Farc. As\u00ed como los 108 homicidios a l\u00edderes sociales en 2019. Por eso, Defendamos la Paz insiste en que se debe de convocar la Comisi\u00f3n Nacional de Garant\u00edas de Seguridad para determinar una hoja de ruta de protecci\u00f3n para estas dos poblaciones. \r\n\r\nEn segundo lugar, la plataforma manifiesta su preocupaci\u00f3n por las \u201cintenciones de evadir el cumplimiento del Acuerdo de Paz y la normatividad y jurisprudencia nacionales\u201d. Se refiere, por ejemplo, a la insistencia del Gobierno para que los congresistas de la FARC se retiren del Capitolio mientras cumplen responsabilidades en la Jurisdicci\u00f3n Especial para la Paz (JEP). Esta iniciativa, que fue tramitada v\u00eda legislativa, se hundi\u00f3. \r\n\r\nTambi\u00e9n, trajo a colaci\u00f3n las advertencias del Ejecutivo que ha pedido la p\u00e9rdida de beneficios en la JEP a aquellos exmiembros que no entreguen los bienes declarados. \u201cLos excombatientes declararon que entregaron el inventario y, una vez desarmados, perdieron la capacidad de custodio de algunos bienes en zonas de conflicto y varios de ellos han sido ocupados por terceros\u201d. \r\n\r\nSobre esta situaci\u00f3n, Defendamos la Paz cuestiona al Gobierno en cuanto es una \u201cutilizaci\u00f3n politizada para dar rienda suela de facto a las reformas no obtenidas v\u00eda Congreso\u201d. \r\n\r\nEn la misma l\u00ednea de las evasiones del Gobierno sobre la implementaci\u00f3n del Acuerdo, la plataforma recopila los deseos del Ejecutivo por retomar las aspersi\u00f3n con glifosato de los cultivos il\u00edcitos, espec\u00edficamente en tiempo de cuarentena. \u201cReiteramos nuestro rechazo a la fumigaci\u00f3n con glifosato, cuanto m\u00e1s en \u00e9poca de aislamiento cuando las familias dependen de los cultivos de pancoger\u201d. \r\n\r\nEl tercer punto expuesto es el relacionado a las excarcelaciones durante la pandemia. \u201cEl decreto 456 de 2020, que autoriza la. Detenci\u00f3n domiciliaria, deja por fuera a miembros de la Fuerza P\u00fablica y de las Farc. La exclusi\u00f3n no solo carece del m\u00e1s m\u00ednimo sentido humanitario, sino tambi\u00e9n constituye una violaci\u00f3n del Acuerdo, que establece la libertad condicionada para quienes acepten la jurisdicci\u00f3n de la JEP\u201d, advierte la plataforma. \r\n\r\nPor \u00faltimo, como ya se mencion\u00f3, lo relacionado a las propuestas de reorientar los recursos para la paz que se destinen a atender la crisis por el coronavirus, especialmente a las peque\u00f1as y medianas empresas que necesitan de un salvavidas para no quebrar. \r\n\r\n\u201cCreemos que no se puede garantizar la salud de los colombianos en medio de la guerra y, por eso, la apuesta por la paz forma parte de la respuesta sanitaria. Exhortamos, m\u00e1s bien, a acelerar la puesta en marcha de los proyectos de salud de los Planes de Desarrollo con Enfoque Territorial\u201d, insiste el movimiento. \r\n\r\nConcluyen: \u201cEn Colombia, una pandemia se est\u00e1 utilizando para esquivar los compromisos de la paz. La enfermedad del coronavirus no puede prestarse para fortalecer la enfermedad de la guerra\u201d. \r\n", "link": "https://www.elespectador.com/politica/defendamos-la-paz-alerta-a-naciones-unidas-de-las-embestidas-contra-el-acuerdo-article-916918/", "actores": [], "puntos": ["punto1", "punto2", "punto3", "punto4", "punto5"], "medio": "elespectador"}