{"titulo": "descentralizacion-paz-y-mas-bases-de-la-coalicion-de-centro-derecha", "fecha": "19/3/2021", "aux": "", "contenido": "En una reuni\u00f3n en Barranquilla, los exalcaldes y exgobernadores que mueven una alianza regional para 2022, sentaron los principios que los regir\u00e1n. Estuvieron presentes Alejandro Char, Dilian Francisca Toro, Eduardo Verano de la Rosa, y Carlos Eduardo Osorio, entre otros.En una reuni\u00f3n en Barranquilla, la alianza regional que vienen promoviendo algunos exalcaldes y exgobernadores, anunci\u00f3 las bases y principios que los regir\u00e1n en su campa\u00f1a para las elecciones de 2022. En el encuentro participaron Alejandro Char, exalcalde de Barranquilla, y exgobernadores como Dumek Turbay, de Bol\u00edvar, Dilian Francisca Toro, de Valle del Cauca, Luis P\u00e9rez, de Antioquia, Carlos Eduardo Osorio, de Quind\u00edo, William Villamizar, de Norte de Santander, y Eduardo Verano de la Rosa, de Atl\u00e1ntico.  Los exmandatarios expresaron que est\u00e1n dejando de lado sus diferencias ideol\u00f3gicas, pol\u00edticas y personales para \u201cpara pensar en lo que realmente nos une y nos motiva seguir adelante en nuestras conversaciones\u201d. Bajo esa premisa, dijeron, presentaron este viernes los principios que articular\u00e1n sus b\u00fasquedas electorales.  Los pol\u00edticos, varios de ellos fuerzas electorales importantes, manifestaron que promover\u00e1n la descentralizaci\u00f3n y as\u00ed fortalecer las regiones. As\u00ed mismo, pusieron por delante su respaldo a la implementaci\u00f3n del Acuerdo de Paz, as\u00ed varios de ellos hayan presentado resistencia a ese mandato durante sus administraciones. Agregaron que ese apoyo se da para lograr la \u201creconciliaci\u00f3n que requiere Colombia y buscar la disminuci\u00f3n de las violencias locales\u201d.  En su mapa tambi\u00e9n est\u00e1 reactivar la econom\u00eda de los ciudadanos. Comunicaron que para hacerlo se deben \u201cgenerar nuevo motores econ\u00f3micos para las regiones, fortaleciendo los sectores m\u00e1s afectados por la actual crisis\u201d. De igual forma, subrayaron que incluir\u00e1n la agenda sobre medio ambiente y desarrollo sostenible, que encare con m\u00e1s fuerza la emergencia clim\u00e1tica, y propender\u00e1n por estrategias que, en \u00faltimas, ayuden al pa\u00eds a salir de la profunda desigualdad social que se ha estructurado en los territorios.  \u201cLa construcci\u00f3n de esta agenda estar\u00e1 siempre dirigida bajo dos grandes principios: el ciudadano y su bienestar ser\u00e1 siempre el centro de nuestras decisiones y propuestas. Y trabajaremos desde lo colectivo, construyendo redes, enlaces, puentes y caminos que apuesten al bienestar com\u00fan en lugar de individual\u201d, a\u00f1adieron.  Esa hoja de ruta es la que presentar\u00e1n en las ciudades que recorran, tanto individual como colectivamente. Adem\u00e1s, dijeron que esta coalici\u00f3n avanza con el prop\u00f3sito de aportar a los cambios que requiere el pa\u00eds y no ser simples espectadores. \u201cNos une la experiencia, el saber hacer, la capacidad ya probada de responder a las necesidades de los ciudadanos con acciones desde cada una de nuestras regiones\u201d, expusieron.  Seg\u00fan los exmandatarios, las acciones de \u201cbuen gobierno, capacidad para afrontar crisis y la habilidad de reinventarse en medio de las dificultades\u201d, son aspectos que los hacen capaces de emprender esta b\u00fasqueda electoral por la Presidencia, esta vez a trav\u00e9s de un bloque regional. La pr\u00f3xima reuni\u00f3n se realizar\u00e1 el 20 de abril, en Buenaventura. En ella, afirmaron, pueden participar otras figuras pol\u00edticas \u201cque consideren que con su participaci\u00f3n pueden aportar a la reconstrucci\u00f3n de Colombia desde las regiones\u201d. ", "link": "https://www.elespectador.com/politica/descentralizacion-paz-y-mas-bases-de-la-coalicion-de-centro-derecha-article/", "actores": [], "puntos": ["punto2", "punto4", "punto5"], "medio": "elespectador"}