{"titulo": "dia-negativo-para-duque-en-las-encuestas-desaprobacion-aumento-6-segun-invamer", "fecha": "28/10/2020", "aux": "", "contenido": "De agosto a octubre, la desfavorabilidad del presidente pas\u00f3 de un 55 a un 61%, de acuerdo con la encuestadora.En el segundo resultado de mediciones de favorabilidad del presidente Iv\u00e1n Duque que se dio a conocer este mi\u00e9rcoles, el mandatario tampoco ve cifras positivas a su favor. De acuerdo con Invamer, de agosto a octubre de este a\u00f1o la desaprobaci\u00f3n de Duque aument\u00f3 seis puntos. El 61% de los colombianos encuestados desaprueba la gesti\u00f3n del jefe de Estado, comparado con el 31% que cree que lo est\u00e1 haciendo bien. En agosto esa medici\u00f3n fue un 55% de desfavorabilidad contra un 38%. Sin embargo, su desaprobaci\u00f3n no alcanz\u00f3 al mayor pico (71%) que registr\u00f3 en febrero de 2020, desde su posesi\u00f3n en agosto de 2018. Este resultado de principio de a\u00f1o se debi\u00f3 m\u00e1s que todo por el inconformismo que la ciudadan\u00eda ven\u00eda presentando desde finales de 2019 en el marco del paro nacional. Tras febrero, las encuestas mostraron una subida considerable de su aprobaci\u00f3n en medio del manejo de la pandemia que lleg\u00f3 a un 52%, la medici\u00f3n m\u00e1s alta en t\u00e9rminos de favorabilidad del primer mandatario desde que lleg\u00f3 al Gobierno. Con el tiempo, el avance de la pandemia y la reapertura de la econom\u00eda, el presidente no logr\u00f3 mantener la aprobaci\u00f3n a su favor y desde junio se evidencia un aument\u00f3 en la desfavorabilidad. A nivel general, Invamer tambi\u00e9n indag\u00f3 sobre la percepci\u00f3n de la situaci\u00f3n del pa\u00eds y lanz\u00f3 como resultado que el 74% de los encuestados consideran que las cosas han empeorado. En comparaci\u00f3n de un 16% que considera que s\u00ed est\u00e1n mejorado. Otros temas analizados y que no arrojaron un resultado esperanzador son la seguridad de la que un 89% de los colombianos cree que est\u00e1 empeorando, seguido del desempleo (86%), corrupci\u00f3n (85%), costo de vida (83%), manejo de la inmigraci\u00f3n de venezolanos (80%) y econom\u00eda (76). As\u00ed mismo, sobre la opini\u00f3n favorable de algunos personajes de la vida p\u00fablica, la encuesta destac\u00f3 que un 39% de los colombianos tienen buena imagen de Sergio Fajardo, en comparaci\u00f3n de un 26% que lo desaprueba. De Gustavo Petro el 47% de los encuestados lo desaprueba, en contraste con un 39%. Cabe anotar que la favorabilidad de Fajardo ha ca\u00eddo tras la segunda vuelta presidencial en junio de 2018 y, en cambio, la de Petro ha aumentado levemente desde junio de 2019. Tambi\u00e9n el nombre de \u00c1lvaro Uribe fue puesto a consideraci\u00f3n y se encontr\u00f3 que su desaprobaci\u00f3n ha incrementado ocho puntos porcentuales desde la \u00faltima medici\u00f3n de Invamer. Es decir, pas\u00f3 de agosto a octubre de un 53 a un 61% de desfavorabilidad, en contraste al 30% que tiene de buena imagen. Como bien se dijo, el de Invamer es el segundo resultado de medici\u00f3n de imagen del primer mandatario que se public\u00f3 este mi\u00e9rcoles. La encuesta Polim\u00e9trica encontr\u00f3 que la desfavorabilidad del mandatario llega a un 63%, en comparaci\u00f3n al 37% de imagen favorable.", "link": "https://www.elespectador.com/politica/dia-negativo-para-duque-en-las-encuestas-desaprobacion-aumento-6-segun-invamer-article/", "actores": [], "puntos": [], "medio": "elespectador"}