{"titulo": "dia-decisivo-para-jesus-santrich-aparece-o-no", "fecha": "9/7/2019", "aux": "", "contenido": "Para este martes est\u00e1 programada la citaci\u00f3n a indagatoria por parte de la Corte Suprema de Justicia, quien investiga al representante a la C\u00e1mara por el partido FARC por concierto para delinquir con fines de narcotr\u00e1fico.\r\n\r\nEste 9 de julio es un d\u00eda decisivo para el futuro del exl\u00edder guerrillero  , de quien no se conoce su paradero desde el pasado domingo 30 de junio, luego de que abandonara su esquema de seguridad y, seg\u00fan la informaci\u00f3n de las autoridades, dejara el Espacio Territorial de Capacitaci\u00f3n y Reincorporaci\u00f3n (ETCR) de Tierra Grata, en La Paz (Cesar). \r\n\r\nEs decisivo porque para este martes, a las 9 de la ma\u00f1ana, est\u00e1 programada la citaci\u00f3n a indagatoria que la Corte Suprema de Justicia le hizo al reci\u00e9n posesionado representante a la C\u00e1mara por el partido FARC, en la investigaci\u00f3n que adelanta por presunto concierto para delinquir con fines de narcotr\u00e1fico,  \r\n\r\n \r\n\r\nLa Corte neg\u00f3 el lunes el aplazamiento de la cita a indagatoria que fue pedido por los abogados de   al considerar que la Secci\u00f3n de Apelaciones de la Jurisdicci\u00f3n Especial para la Paz (JEP) no hab\u00eda tomado una decisi\u00f3n de fondo en cuanto a la garant\u00eda de no extradici\u00f3n otorgada al exjefe de las extintas Farc, ante el recurso presentado por la Procuradur\u00eda en contra de ese fallo. \r\n\r\nSin embargo, lo que ocurra este martes respecto de  , es decir, si comparece ante el tribunal o no, podr\u00eda generar un efecto frente a su condici\u00f3n, toda vez que  , en teor\u00eda, no est\u00e1 preso ni su esquema de seguridad funciona como un organismo de restricci\u00f3n de la movilidad. En pocas palabras,   puede desplazarse por el territorio sin problemas, aunque la falta de informaci\u00f3n sobre su ubicaci\u00f3n genere preocupaciones tanto en el Gobierno Nacional, como en los organismos internacionales y su propio partido al ser una de las cabezas m\u00e1s visibles del proceso de paz. \r\n\r\nLa otra tesis, que a\u00fan no est\u00e1 confirmada del todo, es que   sali\u00f3 del pa\u00eds hacia Venezuela, temiendo un atentado en su contra que iba a ser perpetrado en la ciudad de Barranquilla, hacia donde se dirig\u00eda el pasado domingo, seg\u00fan informaci\u00f3n de personas cercanas a la FARC. En ese sentido, Miguel Ceballos, alto comisionado para la Paz, se\u00f1al\u00f3 que lo m\u00ednimo que debi\u00f3 hacer el miembro del partido de la exguerilla fue pedir permiso a la JEP porque salir del pa\u00eds sin autorizaci\u00f3n \u201cconstituir\u00eda una violaci\u00f3n al r\u00e9gimen de condicionalidad para mantener sus beneficios\u201d. \r\n\r\n \r\n\r\n\u00bfQu\u00e9 pasa si   no se presenta hoy ante la Corte Suprema de Justicia? Emilio Archila, consejero para la Estabilizaci\u00f3n y encargado de la implementaci\u00f3n del Acuerdo de Paz, dijo que \u201cson varias las consecuencias\u201d. \u201cDeber\u00eda comparecer ante la Corte Suprema de Justicia. Si no comparece en ese juicio, le van a iniciar un proceso en ausencia y le deber\u00edan dictar una orden de captura. Y si no comparece ante la JEP, en mi opini\u00f3n, deber\u00edan iniciarle un incidente de incumplimiento y sacarlo de la JEP\u201d, dijo el funcionario. \r\n\r\nSin embargo, neg\u00f3 que estas acciones le estuvieran haciendo un \u201cgrave da\u00f1o\u201d al proceso de paz. \u201cEn mi opini\u00f3n, tenemos 10.500 excombatientes dentro del proceso, cumpli\u00e9ndole a la justicia, cumpli\u00e9ndole a las v\u00edctimas,  \r\n\r\nPor otro lado, la Unidad Nacional de Protecci\u00f3n (UNP), entidad que provey\u00f3 los escoltas a  ,   para conocer si los funcionarios asignados a la seguridad del exjefe de las Farc ayudaron \u201cpor omisi\u00f3n o por acci\u00f3n\u201d a que este abandonada el ETCR. Pablo El\u00edas Gonz\u00e1lez, director de la UNP, expres\u00f3 que se busca establecer si hubo alguna responsabilidad dentro de un proceso que es reservado. \r\n\r\n\u00a0 \r\n", "link": "https://www.elespectador.com/politica/dia-decisivo-para-jesus-santrich-aparece-o-no-article-869978/", "actores": [], "puntos": ["punto1", "punto4", "punto5"], "medio": "elespectador"}