{"titulo": "dialogos-entre-gobierno-y-comite-del-paro-listo-el-documento-con-preacuerdos", "fecha": "25/5/2021", "aux": "En contexto:  Lea tambi\u00e9n: Tambi\u00e9n le puede interesar: ", "contenido": "El Ejecutivo report\u00f3 que ya se analizaron los puntos de cada una de las partes, que ahora deber\u00e1n ser refrendados. Sin embargo, a\u00fan las delegaciones siguen instalar formalmente una mesa de negociaci\u00f3n.En desarrollo de otra   entre el   y el    , este lunes la Oficina del Alto Comisionado para la Paz anunci\u00f3 que, tras una semana de concertaci\u00f3n, hoy se concluy\u00f3 un   Seg\u00fan la entidad, se trata de un texto en el que trabajaron durante esta primera etapa de acercamientos. \u201cSe dio por   en los que las partes han redactado textos que  tanto por el Gobierno Nacional, como por la Asamblea del Comit\u00e9 del Paro. Tambi\u00e9n dejaron constancias para un an\u00e1lisis posterior sobre los puntos en los que a\u00fan no hay consenso\u201d, explic\u00f3 la Oficina. El Ejecutivo explic\u00f3 que continuar\u00e1 en la construcci\u00f3n de los puntos de encuentro que, conf\u00eda, permitir\u00e1n llegar al siguiente paso de las conversaciones:  Previamente, cumplidos  de la instalaci\u00f3n de la mesa de conversaciones \u2013planteada en b\u00fasqueda de y medidas que permitan hacerle frente al estallido social que completa m\u00e1s de tres semanas en el pa\u00eds\u2013, el Comit\u00e9 llam\u00f3 la atenci\u00f3n por   por parte del Ejecutivo. Seg\u00fan reclam\u00f3 el Comit\u00e9, que calific\u00f3 como  si bien se han llegado a puntos de encuentro en la discusi\u00f3n de las garant\u00edas para el ejercicio de la protesta, el para hacerle frente a los hechos de  y abuso de la Fuerza P\u00fablica. \u201cLa t\u00e1ctica del Gobierno ha sido la , desconociendo la urgente necesidad de tomar medidas efectivas que contengan la intervenci\u00f3n sistem\u00e1tica, violenta y arbitraria desatada por la Fuerza P\u00fablica contra las y los manifestantes, en el marco de la implementaci\u00f3n de la , aleg\u00f3 el Comit\u00e9. A su turno, el Gobierno destac\u00f3 que han mantenido un   para generar un ambiente favorable e intentan \u201csuperar cada reto de forma asertiva y desde el  En esa l\u00ednea, la entidad defendi\u00f3 que el Gobierno Nacional ha venido actuando de manera diligente para dar inicio a una  En esa tarea, explican, han analizado, proactivamente, cada una de las propuestas presentadas en relaci\u00f3n con las garant\u00edas correspondientes a la manifestaci\u00f3n p\u00fablica y pac\u00edfica. \u201cGracias a lo anterior  que fortalecer\u00e1n el ejercicio del derecho constitucional a la protesta pac\u00edfica en los frentes planteados, incluidas m\u00faltiples verificaciones de las acciones estatales por parte de \u00f3rganos independientes y organismos internacionales multilaterales\u201d, explic\u00f3 la Oficina. Desde hace m\u00e1s de una semana se saben las  , con el que el Gobierno no lleg\u00f3 a ning\u00fan acuerdo el pasado 16 de mayo. Lo principal, para la delegaci\u00f3n, es  para controlar las protestas y ordenar a la Fuerza P\u00fablica que se abstenga de usar armas. Tambi\u00e9n piden que la y autonom\u00eda para investigar la violencia en el paro. Por otro lado, el Comit\u00e9 del Paro solicita que el por el uso excesivo de la fuerza por parte de la Polic\u00eda y, adem\u00e1s, que se acoja a la visita de la Comisi\u00f3n Interamericana de Derechos Humanos   la cual pidi\u00f3 pista el pasado 14 de mayo para documentar la violencia en medio de las manifestaciones.", "link": "https://www.elespectador.com/politica/dialogos-entre-gobierno-y-comite-del-paro-listo-el-documento-con-preacuerdos/", "actores": [], "puntos": ["punto3"], "medio": "elespectador"}