{"titulo": "dos-proyectos-para-reducir-la-jornada-laboral-aterrizan-en-el-congreso", "fecha": "1/10/2019", "aux": "", "contenido": "Una iniciativa es del senador \u00c1lvaro Uribe, que propone reducir la jornada semanal de 48 a 45 horas. La otra, del representante Le\u00f3n Fredy Mu\u00f1oz, buscar\u00e1 la reducci\u00f3n de 48 a 36 horas semanales.Al Congreso de la Rep\u00fablica llegaron este martes dos proyectos de ley que proponen la  , dos iniciativas que llegan justo en momentos en que el pa\u00eds discute una pol\u00e9mica propuesta del Gobierno y la Federaci\u00f3n Nacional de Comerciantes (Fenalco) para realizar una reforma laboral que flexibilice las condiciones de contrataci\u00f3n y despido de trabajadores y habilite la contrataci\u00f3n por horas, como una forma de reducir la informalidad en Colombia. \r\n\r\nUno de los proyectos fue radicado en Senado por el senador  , que pretende \u201creducir la jornada laboral semanal de manera gradual, permitir la contrataci\u00f3n laboral a tiempo parcial para j\u00f3venes de 18 a 28 a\u00f1os de edad, mujeres mayores de 57 a\u00f1os y hombres mayores de 62 a\u00f1os, permitir los aportes a la seguridad social y el pago de prestaciones sociales en proporci\u00f3n al tiempo laborado, en virtud de estos contratos\u201d. \r\n\r\n \r\n\r\nEn detalle, propone  , \u201cque podr\u00e1n ser distribuidas, de com\u00fan acuerdo, entre empleador y trabajador, en 5 o 6 d\u00edas a la semana, garantizando siempre el d\u00eda de descanso\u201d. La jornada laboral semanal actual es de 48 horas. \r\n\r\nLa propuesta de Uribe plantea una implementaci\u00f3n gradual de la reducci\u00f3n, de manera que  \r\n\r\n\u201cCon la presente iniciativa, se busca aumentar la productividad de las empresas motivando a los trabajadores a bien invertir su tiempo, de manera que las mismas funciones que tienen asignadas, sean realizadas en menor tiempo, para de esta manera disfrutar m\u00e1s tiempo con sus familias, acceder a capacitaci\u00f3n, educaci\u00f3n o recreaci\u00f3n, fomentando de asta manera el salario emocional\u201d, se\u00f1ala el senador del Centro Democr\u00e1tico en la exposici\u00f3n de motivos. \r\n\r\nEl otro proyecto radicado es del representante  , de la Alianza Verde, que propone una  En ese sentido, contempla que los trabajadores adolescentes entre 15 y 17 a\u00f1os solo podr\u00e1n en jornada diurna hasta las 5 de la tarde y los mayores de 17 solo podr\u00e1n trabajar en una jornada m\u00e1xima de cinco horas diarias y 30 a la semana hasta las 6 de la tarde. \r\n\r\n \r\n\r\nSobre ese asunto, el C\u00f3digo Sustantivo del Trabajo determina actualmente que los mayores de 15 y menores de 17 \u201cs\u00f3lo podr\u00e1n trabajar en jornada diurna m\u00e1xima de seis horas diarias y treinta horas a la semana y hasta las 6:00 de la tarde\u201d y que los mayores de 17 \u201csolo podr\u00e1n trabajar en jornada diurna m\u00e1xima de seis horas diarias y treinta horas a la semana y hasta las 6:00 de la tarde. \r\n\r\n\u201cLa aplicaci\u00f3n de la presente medida se realizar\u00e1 de manera gradual disminuyendo dos horas de la jornada laboral de 48 horas semanales cada a\u00f1o hasta llegar a las treinta y seis (36) horas semanales, sin que esto afecte los salarios percibidos por los trabajadores colombianos y la negociaci\u00f3n que en materia de salario m\u00ednimo mensual legal se realiza cada a\u00f1o\u201d, se\u00f1ala el proyecto de ley en un par\u00e1grafo transitorio. \r\n \r\nEn la exposici\u00f3n de motivos, Mu\u00f1oz se\u00f1ala que \u201ccon esta iniciativa se busca dar soluciones que desde el \u00e1mbito laboral que impactaran de manera positiva la productividad del pa\u00eds, el mejoramiento de indicadores de manejo ambiental y la salud de los colombianos, lo que tambi\u00e9n significar\u00eda una mejora en el gasto p\u00fablico\u201d. \r\n", "link": "https://www.elespectador.com/politica/dos-proyectos-para-reducir-la-jornada-laboral-aterrizan-en-el-congreso-article-883898/", "actores": [], "puntos": ["punto1", "punto5"], "medio": "elespectador"}