{"titulo": "duque-firma-directriz-de-austeridad-para-toda-la-rama-ejecutiva", "fecha": "9/11/2018", "aux": "", "contenido": "Este viernes, el presidente Iv\u00e1n Duque, dio a conocer un plan para ajustar los gastos del Gobierno Nacional a lo estrictamente necesario que requieran los funcionarios o las plantas de personal.Tras enunciar en varios de sus discursos medidas austeras para ahorrar dinero en su Gobierno,  \r\n\r\n\u201cDentro de una pol\u00edtica p\u00fablica de austeridad, eficiencia, econom\u00eda y efectividad que debe prevalecer en la rama ejecutiva del orden nacional y con el fin de obrar de manera responsable y  , se imparten las siguientes directrices\u201d, se lee en el encabezado de la carta firmada por el presidente Duque. \r\n\r\nSon en total diez puntos en los que el mandatario exige austeridad. Estos corresponden a  \r\n\r\n\u201c He firmado la directiva presidencial de austeridad para que limitemos los gastos\u201d, se\u00f1al\u00f3 el jefe de Estado este viernes en el taller Construyendo Pa\u00eds en Leticia, Amazonas. \r\n\r\n . Cuando estos cambios sean excepcionales, solo se aprobar\u00e1n, a trav\u00e9s del Departamento Administrativo, con concepto favorable del Ministerio de Hacienda, los que sean prioritarios. \r\n\r\n\u201c a gastos de funcionamiento, y la no creaci\u00f3n de plantas temporales - por inversi\u00f3n o funcionamiento - independientemente que tengan recursos disponibles en el presupuesto de la vigencia\u201d, se explica en la carta. \r\n\r\nTambi\u00e9n, se pide hacer una revisi\u00f3n de pr\u00f3ximas contrataciones para que se efect\u00faen \u00fanicamente las que sean justificadas.  para coadyuvar el cumplimiento de las funciones y fines de cada entidad\u201d. Sin embargo, hacen el llamado a reducir, gradualmente, los tipos de contrataci\u00f3n por prestaci\u00f3n de servicios. \r\n\r\nAcerca del punto de plantas de personal, desde presidencia \r\n\r\nEn segundo lugar, en cuanto al tema de vi\u00e1ticos,  y est\u00e9n justificados ante Departamento Administrativo. \r\n\r\n . \u201cLos desembolsos de viaje se autorizar\u00e1n \u00fanicamente si no est\u00e1n cubiertos por la entidad o por las entidades que organizan los eventos\u201d. \r\n\r\nAsimismo, se sostiene esta \u00faltima medida para los vi\u00e1ticos cuando sean asumidos por otro organismo. \u201cSi los gastos que genera la comisi\u00f3n son asumidos de forma parcial por otro organismo o entidad, \u00fanicamente se reconocer\u00e1 la diferencia en forma proporcional, a criterio de la entidad\u201d, recalcan. \r\n\r\nPor su parte . \u201cCorresponde a las entidades soportar documentalmente la razonabilidad y necesidad de la asistencia del n\u00famero plural de sus funcionarios, individualizando la justificaci\u00f3n por cada uno de ellos, seg\u00fan el empleo que desempe\u00f1a, sus funciones, el objeto de la comisi\u00f3n, y que no se afectar\u00e1 la prestaci\u00f3n del servicio por parte de la entidad\u201d, se enfatiza en la directiva. \r\n\r\nDe las comisiones que tengan por objeto viajar al exterior, el permiso debe ser aprobado por el Departamento Administrativo y avisar con antelaci\u00f3n al Ministerio de Relaciones Exteriores para coordinar la actividad diplom\u00e1tica. \r\n\r\nReferente a los eventos y capacitaciones, se exigen realizar los estrictamente necesarios por cada entidad, que deber\u00e1n, tambi\u00e9n, coordinarse entre s\u00ed para optimizar gastos, en tanto las circunstancias para su realizaci\u00f3n sean similares. Dentro de estas gestiones debe de imperar la racionalizaci\u00f3n de la alimentaci\u00f3n y papeleo. Por \u00faltimo, recomiendan llevar a cabo las actividades en instalaciones del Gobierno. \r\n\r\n  \u201cLa Unidad Nacional de Protecci\u00f3n y la Direcci\u00f3n de Protecci\u00f3n de la Polic\u00eda Nacional deber\u00e1n en lo posible efectuar una revisi\u00f3n a los esquemas de seguridad de los funcionarios de las entidades de la rama ejecutiva del orden nacional y, de ser posible, reducir su conformaci\u00f3n\u201d. Adem\u00e1s, habr\u00e1 un control de horas extra de quienes prestan estos servicios. \r\n\r\nEn quinto orden, toda publicidad estatal contratada o gastada tendr\u00e1 que ser declarada ante el Departamento Administrativo. Se pide, por otro lado, el \u201cno uso excesivo\u201d de este recurso. \r\n\r\n  Tambi\u00e9n en este punto se pide racionalizar las llamadas internacionales, nacionales y a celulares. \r\n\r\nLa racionalizaci\u00f3n se exigir\u00e1, adem\u00e1s, para suscripci\u00f3n a medios de comunicaci\u00f3n y a bases de datos especializadas que sean necesarias para su consulta de informaci\u00f3n. \r\n\r\n  con la naturaleza como la bicicleta. \r\n\r\nPor \u00faltimo, \u201cse deber\u00e1 hacer uso de los acuerdos marco de precios dise\u00f1ados por Colombia Compra Eficiente para el plan de adquisiciones\u201d.  \r\n\r\nDe acuerdo con el presidente Duque habr\u00e1, por a\u00f1o de su gesti\u00f3n, un ahorro gradual en cuanto se implemente y acaten las medidas. \u201cEn el a\u00f1o 2019 buscaremos ahorros por m\u00e1s de $1.2 billones; para 2020 espero que lleguemos a $3 billones; en 2021 de $3 a $4 billones; y lo propio en 2022 para  \r\n", "link": "https://www.elespectador.com/politica/duque-firma-directriz-de-austeridad-para-toda-la-rama-ejecutiva-article-822873/", "actores": [], "puntos": ["punto4", "punto5"], "medio": "elespectador"}