{"titulo": "duque-un-gobierno-de-eufemismos", "fecha": "4/2/2020", "aux": "", "contenido": "No habla de reformas Tributaria y Pensional sino de Ley de Crecimiento Econ\u00f3mico y reforma a la estructura del sistema de protecci\u00f3n a la vejez, respectivamente. Una estrat\u00e9gica utilizaci\u00f3n del lenguaje frente a iniciativas que impactan a la ciudadan\u00eda en general. Fue a finales de octubre de 2018, luego de varios meses de m\u00faltiples anuncios, que el gobierno del presidente Iv\u00e1n Duque radic\u00f3 ante el Congreso el proyecto de Ley de Financiamiento, cuyo objetivo era obtener $ 14 billones faltantes del Presupuesto General de 2019. La\u00a0misma\u00a0iniciativa que, casi un a\u00f1o despu\u00e9s, la Corte Constitucional hundi\u00f3 por errores de procedimiento en su aprobaci\u00f3n en el Capitolio, por lo que la Casa de Nari\u00f1o se tuvo que apresurar a presentar una\u00a0nueva propuesta, a la\u00a0que llam\u00f3 \"Ley de Crecimiento Econ\u00f3mico\". En el fondo, en uno u otro caso, de lo que se trat\u00f3 fue de una evidente Reforma Tributaria. \r\n\r\nEste fin de semana, la ministra de Trabajo, Alicia Arango \u2014quien, por cierto, est\u00e1 de salida, pues a mediados de febrero pasar\u00e1 a encabezar el Ministerio del Interior\u2014 comenz\u00f3 a develar los pormenores de lo que ser\u00e1 la Reforma Pensional de la administraci\u00f3n Duque, la cual, asegur\u00f3, ser\u00e1 llevada a la Mesa de Concertaci\u00f3n Laboral\u00a0en la que tienen asiento empresarios y trabajadores. Posteriormente, fue el mismo jefe de Estado quien ratific\u00f3 lo dicho por Arango, hablando de herramientas en las que la prioridad sea el aumento de la cobertura y que se garantice equidad. Pero no le llam\u00f3 Reforma Pensional sino \u201creforma a la estructura del sistema de protecci\u00f3n a la vejez\u201d. \r\n\r\n \r\n\r\nPara los expertos en estas materias, lo que el Gobierno est\u00e1 haciendo no es m\u00e1s que utilizar eufemismos para esconder sus verdaderas intenciones en torno a reformas que, como la Tributaria o\u00a0la Pensional, impactan a todos los ciudadanos en general, y m\u00e1s a\u00fan en estos tiempos de protestas y movilizaciones. \u201cHa intentado, a trav\u00e9s del lenguaje, evitar un mayor impacto negativo. Por eso utiliza reformas con nombres rimbombantes\u201d, se\u00f1al\u00f3 un congresista cercano al Ejecutivo, pidiendo la reserva de su nombre. La Real Academia de la Lengua Espa\u00f1ola  \r\n\r\nPor ejemplo, en el caso de la ahora llamada Ley de Crecimiento Econ\u00f3mico, as\u00ed opina el columnista Salom\u00f3n Kalmanovitz, en  : \u201cEl nombre de la nueva Reforma Tributaria del Gobierno es un eufemismo. Con ella se considera que habr\u00e1 mucho crecimiento, gracias a una creencia sin fundamento que informa que mientras menos impuestos tengan las empresas invertir\u00e1n m\u00e1s y producir\u00e1n m\u00e1s. Lo cierto es que es una pol\u00edtica que beneficia a las empresas y castiga a la clase media y a los profesionales independientes, mientras les arroja migajas a los m\u00e1s pobres, y es la respuesta a las movilizaciones masivas que se dieron a partir del 21 de noviembre\u201d. \r\n\r\nOtros opinadores son m\u00e1s duros. Para el acad\u00e9mico y periodista Esteban V\u00e9lez, tambi\u00e9n refiri\u00e9ndose a la Reforma Tributaria, llamarla de otra manera lo que busca es \u201cdarle mejor est\u00e9tica para que fuera bien recibida por los colombianos\u201d. Incluso, en un escrito en el portal  , fue m\u00e1s all\u00e1 en cuanto a la campa\u00f1a que lidera el presidente Duque frente al gobierno de Nicol\u00e1s Maduro en Venezuela. \u201cOtro eufemismo que recientemente est\u00e1 en boca de todos los colombianos amantes de la paz es el supuesto \u2018cerco diplom\u00e1tico\u2019. Este se populariz\u00f3 luego de la entrevista al medio de comunicaci\u00f3n  . \u2018Cerco diplom\u00e1tico\u2019 es una bella manera de decir que la soluci\u00f3n a la crisis en Venezuela es la intervenci\u00f3n militar estadounidense, camuflada en ayudas humanitarias\u201d. \r\n\r\n \r\n\r\nY as\u00ed son varios los ejemplos en el\u00a0gobierno Duque: llamar \u201cestabilizaci\u00f3n\u201d a la implementaci\u00f3n de los acuerdo de paz que firm\u00f3 su antecesor con la hoy desmovilizada guerrilla de las Farc o hablar de \u201cpaz con legalidad\u201d, un discurso que, dicen algunos, de entrada cuestiona la legitimidad de lo pactado. O\u00a0hablar de \u201cdevoluci\u00f3n del IVA\u201d y no se subsidios a los pobres. O cuando se rumora en altas esferas de la Casa de Nari\u00f1o de \u201cacuerdos program\u00e1ticos\u201d con algunas fuerzas pol\u00edticas, l\u00e9ase Cambio Radical, para tratar de garantizar gobernabilidad, cuando de lo que se trata es, advierten los cr\u00edticos, de una \u201crepartija burocr\u00e1tica\u201d. \r\n\r\nEn conclusi\u00f3n, una estrat\u00e9gica utilizaci\u00f3n del lenguaje en la que, seg\u00fan los analistas,\u00a0la intenci\u00f3n de disfrazar las cosas y no decirlas por su nombre. \u201cEl prop\u00f3sito de estos eufemismos consiste en darle un toque sutil y decoroso a reformas impopulares y claramente lesivas para las personas asalariadas del pa\u00eds\u201d, enfatiza el catedr\u00e1tico de la Universidad Nacional, Andr\u00e9s Felipe Mora. En respuesta, desde el Ejecutivo recalcan que no se trata de disfrazar nada, simplemente de definir las leyes a partir de sus objetivos. Lo cierto es que lo que se ve hasta el momento es que el presidente Iv\u00e1n Duque, en a\u00f1o y medio que lleva\u00a0de mandato, no ha podido consolidar el \u201cgran pacto nacional\u201d del que habl\u00f3 el d\u00eda en que se posesion\u00f3. \r\n", "link": "https://www.elespectador.com/politica/duque-un-gobierno-de-eufemismos-article-902931/", "actores": [], "puntos": ["punto1", "punto3", "punto4", "punto5"], "medio": "elespectador"}