{"titulo": "duque-dice-que-es-de-ideologia-de-extremo-centro", "fecha": "30/11/2020", "aux": "", "contenido": "A\u00f1adi\u00f3 que ese es el \u201clugar ideal\u201d y desde ah\u00ed responde a los ataques de la extrema derecha e izquierda.Mientras el pa\u00eds y los diferentes medios de comunicaci\u00f3n abordan la discusi\u00f3n sobre la existencia del centro pol\u00edtico, este lunes el presidente Iv\u00e1n Duque recalc\u00f3 que \u00e9l es de \u201cextremo centro\u201d. Lo hizo durante el XIII Foro Atl\u00e1ntico: Iberoam\u00e9rica y el mundo: desaf\u00edos postpandemia. En ese espacio, el moderador pregunt\u00f3 por los ataques que le lanzan los sectores de extrema derecha e izquierda, que dicen que \u201cIv\u00e1n Duque es un blandengue\u201d o que hace parte de \u201cla derecha cavernaria\u201d, respectivamente. A ello, el primer mandatario afirm\u00f3 el hecho de que lo califiquen de esa manera quiere decir que est\u00e1 \u201cen el lugar ideal\u201d. \u201cEstoy en el puro centro. Yo soy de extremo centro y me seguir\u00e9 declarando as\u00ed porque necesitamos mirar hacia delante, con desarrollo, pensando en lo que beneficia a la sociedad y no desviarse ni para un lado ni para el otro\u201d, asever\u00f3. Repiti\u00f3 que el futuro y el presente son el centro. En ese sentido, a\u00f1adi\u00f3 que \u00e9l derrot\u00f3 en la carrera electoral de 2018 a esos otros sectores que le critican su gesti\u00f3n presidencial. \u201cYo fui elegido candidato de un partido, con un programa. Con eso gan\u00e9 la consulta abierta con la mayor votaci\u00f3n que haya tenido una consulta de ese tipo. Con ese programa gan\u00e9 la primera vuelta y luego ganamos con la mayor votaci\u00f3n que ha tenido un presidente electo en nuestro pa\u00eds\u201d, dijo, exaltando que ha tenido las m\u00e1s altas votaciones a su favor. En su intervenci\u00f3n, Duque tambi\u00e9n respondi\u00f3 ante las cr\u00edticas del expresidente Juan Manuela Santos, sobre la implementaci\u00f3n del Acuerdo de Paz. \u201cYo no pretendo contestarle a nadie, pero con eso siempre me acuerdo del tango que dice \u2018la tristeza de haber sido, y el dolor de ya no ser\u201d, fue el inicio de su respuesta a ese tema. Seg\u00fan el jefe de Estado, los hechos de la aplicaci\u00f3n de lo pactado en Cuba son m\u00e1s elocuentes que los discursos y los testimonios. Y que, aunque todo el pa\u00eds conoce de su f\u00e9rrea oposici\u00f3n al Acuerdo, asegur\u00f3 que su compromiso ha sido la \u201cpaz con legalidad\u201d. \u201cDije una frase: ni trizas ni risas. Lo dije porque hab\u00eda unos sectores extremistas que hablaban de hacer trizas el Acuerdo y otros del otro extremo, que han sido actores violentos, que le dec\u00edan a las v\u00edctimas \u2018quiz\u00e1s, quiz\u00e1s, quiz\u00e1s\u2019\u201d. Dijo que le propuso a los colombianos una serie de reformas para \u201cconstruir confianza\u201d. \u201cQuer\u00edamos una reforma constitucional para que ni el narcotr\u00e1fico ni el secuestro fueran delitos conexos al pol\u00edtico y por ende administiables. Lo logramos. Enfrentamos el crecimiento de h\u00e9ctareas de coca. Este a\u00f1o ser\u00e1 el de mayor erradicaci\u00f3n. Hemos tenido una pol\u00edtica integral\u201d, coment\u00f3, frente a los retos que introducen al pa\u00eds al posconflicto. Agreg\u00f3 que no le han dado la espalda a los excombatientes que han dejado las armas. \u201cNosotros hemos garantizado que ese proceso avance y hoy las Naciones Unidas reconocen ese proceso\u201d, cont\u00f3.", "link": "https://www.elespectador.com/politica/duque-dice-que-es-de-ideologia-de-extremo-centro-article/", "actores": [], "puntos": ["punto1", "punto2", "punto3", "punto4", "punto5"], "medio": "elespectador"}