{"titulo": "durante-la-pandemia-policia-destinaria-9-515-millones-para-comprar-municiones-del-esmad", "fecha": "6/5/2020", "aux": "", "contenido": "Con ese dinero, la instituci\u00f3n busca cerrar la convocatoria para contratar el suministro de 47.244 cartuchos de gas, 5.352 granadas multi-impacto, y 23.775 esferas de \u201cpaint ball\u201d calibre 0,68, entre otros elementos para el \u201ccontrol de masas\u201d. El senador Wilson Arias denuncia la acci\u00f3n porque considera que no se est\u00e1 reorientando el gasto para solventar la crisis actual. \r\nSeg\u00fan el senador Wilson Arias, del Polo Democr\u00e1tico, no lo est\u00e1 haciendo. Para el congresista es inadmisible encontrar que, en medio de la pandemia, la Polic\u00eda Nacional tenga abierta una convocatoria para la contrataci\u00f3n de municiones y equipo como cartuchos de gas de diferentes mil\u00edmetros, esferas paint ball, y granadas multi-impacto, entre otros, para el control de masas y la protecci\u00f3n del orden p\u00fablico.  \r\n\r\n \r\n\r\n  seg\u00fan se constata en el SECOP II, la p\u00e1gina de contrataci\u00f3n del Estado. Para \u00e9l, la compra de 10 tipos de municiones en diferentes cantidades no es una prioridad en esta coyuntura. De hecho, considera que este gasto va en contra de la implementaci\u00f3n de una visi\u00f3n social en este momento: ese dinero se podr\u00eda invertir en evitar el hambre de poblaciones vulnerables o en la adquisici\u00f3n de elementos de bioseguridad,  \r\n\r\n\u201cSe espera que se pueda reorientar el gasto en \u00e9poca de emergencia y en funci\u00f3n de paleativos de la pantemia en materia de salud, pero tambi\u00e9n de una intervenci\u00f3n social.  \r\n\r\nY aunque la compra de estos implementos no es ilegal, el parlamentario opina que va en contrav\u00eda de las necesidades actuales de los colombianos. \u201cUsted no est\u00e1 comprando en estos momentos material para la salud, infraestructura, equipos y talento para la salud, ni tampoco para aguantar el hambre y el confinamiento,   a\u00f1adi\u00f3 Arias.\u00a0 \r\n\r\n \r\n\r\nDe igual forma, el documento deja claro que la contrataci\u00f3n cumple con la pol\u00edtica de Defensa y Seguridad, definida por el Gobierno para el cuatrienio 2018-2022: \u201cSe hace necesario adquirir las municiones menos letales con las cuales se   y las fuerzas disponibles de la Polic\u00eda Metropolitanas y Departamentos de Polic\u00eda\u201d.\u00a0 \r\n\r\nEn las siguientes im\u00e1genes se identifica el tipo de munici\u00f3n solicitado, su cantidad, y el costo en d\u00f3lares:\u00a0 \r\n", "link": "https://www.elespectador.com/politica/durante-la-pandemia-policia-destinaria-9515-millones-para-comprar-municiones-del-esmad-article-918220/", "actores": [], "puntos": ["punto4"], "medio": "elespectador"}