{"titulo": "durante-2020-37-lideres-sociales-han-sido-asesinados-gobierno", "fecha": "9/7/2020", "aux": "", "contenido": "La cifra es de acuerdo con las verificaciones que hace la Oficina de DD.HH. de Naciones Unidas sobre si estas personas murieron a ra\u00edz de sus labores en el territorio. Por otro lado, se est\u00e1n verificando otros 49 casos ocurridos este a\u00f1o.Este jueves, el Gobierno comparti\u00f3 el segundo informe trimestral de homicidios contra l\u00edderes sociales y defensores de derechos humanos, correspondiente al per\u00edodo 1 de abril al 30 de junio de este a\u00f1o. Seg\u00fan las cifras, se certificaron 11 l\u00edderes sociales asesinados en los pasados tres meses por su funci\u00f3n de defensores de derechos humanos. Cauca, Magdalena, Valle, Norte de Santander, Cesar y Vichada fueron los departamentos donde se registraron los hechos.  En total, en el primer semestre de 2020, el Gobierno, junto a la Oficina de la Alta Consejera para los Derechos Humanos de Naciones Unidas en Colombia, ha confirmado 37 homicidios a l\u00edderes sociales, 32 hombres y cinco mujeres.  As\u00ed mismo, dos de los l\u00edderes asesinados se encontraban en proceso de reincorporaci\u00f3n.  A la vez, hay otros 49 casos de homicidios que est\u00e1n en tr\u00e1mite de verificaci\u00f3n por parte de la Oficina de DD.HH. de Naciones Unidas. De estos, 45 son hombres, tres mujeres y uno de la poblaci\u00f3n LGBTI. Junio es el mes con m\u00e1s registros pendientes de confirmaci\u00f3n, con 12 casos, seguido de mayo con 11.  Cauca es el departamento m\u00e1s afectado, con 14 l\u00edderes sociales, contin\u00faa Antioquia con seis, C\u00f3rdoba (5), Valle (4) y Putumayo (4).  Entre otras cifras, se encontr\u00f3 que el 33% de los l\u00edderes asesinados hac\u00edan trabajo comunal y el 21% se desempe\u00f1aban como l\u00edderes sociales.  Desde el Gobierno, se insiste en la necesidad de seguir implementando las sesiones de la Mesa Nacional y Mesas Territoriales de Garant\u00edas. \u201cEstas son las que le permite al presidente Iv\u00e1n Duque y a las autoridades pertinentes tomar las decisiones de prevenci\u00f3n\u201d, dijo la consejera presidencial para derechos humanos, Nancy Patricia Guti\u00e9rrez. A la vez, Guti\u00e9rrez anunci\u00f3 que se est\u00e1 trabajando en un documento Conpes para garantizar los derechos de los l\u00edderes sociales del pa\u00eds.  Los retos por cumplir siguen siendo los mismos: continuar con el avance de las investigaciones para dar con los responsables, ser m\u00e1s efectivos en las capturas, sensibilizar a los colombianos en torno a las labores de los l\u00edderes y reforzar la respuesta institucional en los territorios priorizados.  Sobre el trabajo que ha venido recogiendo el Gobierno, el representante de la alta consejera de DD.HH. de la ONU, Alberto Brunori, se\u00f1al\u00f3 que \u201ces un esfuerzo muy interesante e importante porque se analizan cifras, datos, no solo de la Defensor\u00eda y Fiscal\u00eda, sino, tambi\u00e9n, de la sociedad civil\u201d, apunt\u00f3.", "link": "https://www.elespectador.com/politica/durante-2020-37-lideres-sociales-han-sido-asesinados-gobierno-article/", "actores": [], "puntos": ["punto3", "punto4", "punto5"], "medio": "elespectador"}