{"titulo": "el-90-de-las-farc-sigue-en-el-proceso-de-paz-juan-manuel-santos", "fecha": "29/8/2019", "aux": "February 16, 2019 August 29, 2019", "contenido": "El expresidente y gestor del Acuerdo de Paz se manifest\u00f3 sobre el video de \u201cIv\u00e1n M\u00e1rquez\u201d y su anuncio de regresar a las armas. Santos pidi\u00f3 todo el peso de la ley contra los reincidentes y reiter\u00f3 que el pa\u00eds debe rodear y apoyar a los excombatientes que est\u00e1n cumpliendo con lo pactado. \r\n\r\nLas palabras de \u201cIv\u00e1n M\u00e1rquez\u201d, mientras\u00a0lee el manifiesto con el que \u00e9l, , y un grupo de excombatientes anuncian que se alzan nuevamente en armas, gener\u00f3\u00a0incertidumbre en los colombianos que lo escucharon en un video\u00a0temprano en la ma\u00f1ana de este jueves. Varias autoridades en el tema han tratado de disipar dicha sensaci\u00f3n y de reiterar que, \r\n\r\n \r\n\r\nAs\u00ed lo hizo el expresidente Juan Manuel Santos, gestor del Acuerdo de Paz, quien asegur\u00f3 que a los reinsidentes que se salieron del proceso para volver a la guerra les debe caer la justicia. A los desertores hay que reprimirlos con toda contundencia! La batalla por la paz no se detiene!\", dijo el exmandatario y nobel de Paz en su cuenta de Twitter. \r\n\r\n \r\n\r\n\u00a0A la par, las declaraciones de los dem\u00e1s defensores de la paz no se hicieron esperar. Rodrigo Londo\u00f1o, presidente del partido FARC y mejor conocido como Timochenko, sali\u00f3 a los medios y reafirmar su compromiso y el de su colectividad con el proceso de construir una paz estable y duradera. \u00c9l, que tambi\u00e9n\u00a0acompa\u00f1\u00f3 la mesa de negociaci\u00f3n en Cuba, dijo que la terminaci\u00f3n del conflicto armado se mantiene y es la bandera de los exguerrilleros que est\u00e1n en los Espacios Territoriales de Capacitaci\u00f3n y Reincorporaci\u00f3n (ETCRS) y que construyen en estos momentos una vida en lo civil.  \r\n\u2014 Rodrigo Londo\u00f1o (@TimoFARC)  \r\n \r\n\r\nAs\u00ed mismo, Londo\u00f1o declar\u00f3 que, seguramente, hubo muchos tropiezos en el proceso que enfrent\u00f3 Santrich con la justicia. Expres\u00f3 que en ese momento era \"imposible no respaldarlo\", pero que su desaparici\u00f3n a finales de julio y nueva aparici\u00f3n en el video hacen que decididamente el partido se aleje de \u00e9l y su postura.\u00a0 \r\n\r\n \r\n\r\nLos negociadores del Acuerdo tambi\u00e9n se pronunciaron. Humberto de la Calle ley\u00f3 la declaraci\u00f3n que \u00e9l y Sergio Jaramillo, exalto comisionado para la paz en el gobierno Santos. Ambos defensores de los textos de La Habana reconocieron, como lo han hecho antes,  pues reconciliar a las personas luego de m\u00e1s de cincuenta a\u00f1os de guerra toma tiempo.\u00a0 \r\n \r\n Reconocemos que la gran mayor\u00eda de los hombres y las mujeres de la FARC\u00a0han cumplido con lo pactado y los invitamos a continuar con su proceso\", dijo. Adem\u00e1s, fue contundente con la idea de que el gobierno del presidente Iv\u00e1n Duque debe ser firme con la efectiva y total implementaci\u00f3n del Acuerdo Final.\u00a0 \r\n \r\n Por nuestra parte, reafirmamos nuestra disponibilidad para contribuir al proceso de paz con un sentido de altruismo y generosidad\", manifest\u00f3. \u00c9l, como los dirigentes del partido Farc\u00a0esperan el respaldo de la comunidad internacional para blindar a\u00fan m\u00e1s la paz y el de las v\u00edctimas para \"rodear y robustecer\" el proceso.\u00a0 \r\n\r\n \r\n\u00a0 \r\n\u2014 Humberto de la Calle (@DeLaCalleHum)  \r\n", "link": "https://www.elespectador.com/politica/el-90-de-las-farc-sigue-en-el-proceso-de-paz-juan-manuel-santos-article-878361/", "actores": [], "puntos": ["punto1", "punto5"], "medio": "elespectador"}