{"titulo": "el-legado-de-horacio-serpa-en-la-carta-del-91", "fecha": "20/2/2021", "aux": "", "contenido": "Fue uno de los tres presidentes de la Asamblea Nacional Constituyente. Lleg\u00f3 a dicho cuerpo colegiado por la lista del Partido Liberal.\u201cHemos sido secularmente una naci\u00f3n asediada por el desequilibrio, la injusticia y la violencia. Grandes brechas sociales y econ\u00f3micas dividen la comunidad colombiana, y el medio pol\u00edtico, a pesar de tantos y tan notables esfuerzos, no fue pr\u00f3digo en realizaciones. (...) La democracia participativa es la columna vertebral de la nueva Constituci\u00f3n. En lo pol\u00edtico pero igualmente en lo econ\u00f3mico y social. Que el pueblo sea el objetivo b\u00e1sico del Estado y al mismo tiempo el protagonista de sus realizaciones. Que el pueblo se exprese y tambi\u00e9n decida buscando el mejor destino advertido de que su mejor patrimonio es la concordia social\u201d. Son apartes del discurso que pronunci\u00f3 Horacio Serpa el 4 de julio de 1991, d\u00eda de la promulgaci\u00f3n de la nueva constituci\u00f3n colombiana. Junto a Antonio Navarro y \u00c1lvaro G\u00f3mez, como uno de los copresidentes de la Asamblea Nacional Constituyente, Serpa fue uno de los art\u00edfices de esa nueva carta de navegaci\u00f3n para el pa\u00eds. Lleg\u00f3 a ella como l\u00edder del Partido Liberal, la bancada mayoritaria, y con una amplia hoja de vida en su trasegar pol\u00edtico: juez municipal, alcalde de Barrancabermeja, concejal, representante a la C\u00e1mara, senador y miembro de la Comisi\u00f3n de Paz en el gobierno de Belisario Betancur, donde vivi\u00f3 de frente los avatares de la b\u00fasqueda de la reconciliaci\u00f3n. Cuentan que, en ese entonces, Serpa recorri\u00f3 aldeas perdidas de la geograf\u00eda santandereana buscando de qu\u00e9 manera el comandante del frente 20 de las Farc, que se manten\u00eda reacio a la tregua pactada por Betancur, aceptaba acogerla. Sus detractores pol\u00edticos no le perdonaron esa convicci\u00f3n por la paz y, por mucho tiempo, utilizaron fotograf\u00edas de su encuentro con la guerrilla para estigmatizar su accionar pol\u00edtico. \u201cPorque al pa\u00eds se le dio una nueva dimensi\u00f3n en la democracia, porque se reconoci\u00f3 que somos una gran diversidad en desarrollo de una pol\u00edtica unitaria, porque reconocemos lo que vale el sentido de ser un Estado Social de Derecho, porque aplaudimos que la soberan\u00eda radique en el pueblo, porque estimamos como cosa muy valiosa la participaci\u00f3n, porque consideramos que lo social que es lo de la gente, es lo que evidentemente debe primar en lo que corresponde al desarrollo de los pueblos\u201d, dec\u00eda Serpa hace diez a\u00f1os, cuando precisamente se conmemoraban los 20 a\u00f1os de la Constituci\u00f3n, refiri\u00e9ndose a las voces aisladas que, en ese momento, preguntaban el porqu\u00e9 de la celebraci\u00f3n. La lucha de Serpa continu\u00f3. Al t\u00e9rmino de la Constituyente, acept\u00f3 ser comisionado de paz del gobierno de C\u00e9sar Gaviria para los fallidos di\u00e1logos con los grupos insurgentes en Tlaxcala (M\u00e9xico). De cara a los comicios electorales de 1994, fue jefe de debate de Ernesto Samper y, tras su victoria, ministro del Interior. Se convirti\u00f3 entonces en guardi\u00e1n del primer mandatario, ante la arremetida de la oposici\u00f3n para forzarlo a renunciar por el proceso 8.000. Luego candidato presidencial en 1998, 2002 y 2006, esta \u00faltima tras su renuncia a la embajada en la OEA, para enfrentar el cambio institucional que implic\u00f3 la reelecci\u00f3n inmediata, encarnada en \u00c1lvaro Uribe V\u00e9lez. En los tres intentos de llegar al poder, los votos le fueron esquivos y supo pasar la p\u00e1gina para convertirse en gobernador de Santander en 2008 e incluso regresar al Congreso para el per\u00edodo 2014-2018, en el que vio c\u00f3mo se cumpl\u00eda uno de los sue\u00f1os que quiso plasmar a partir de la Constituci\u00f3n de 1991: la firma del Acuerdo de Paz entre el Estado y las Farc, lograda tras los di\u00e1logos en La Habana. Sus \u00faltimas acciones p\u00fablicas fueron para asegurar que esa iniciativa prosperara y quedara trazado por el Legislativo el camino para la implementaci\u00f3n de lo pactado en Cuba. Concluida su gesti\u00f3n parlamentaria dio un paso al costado. En su reemplazo, fue elegido su hijo Horacio Jos\u00e9 Serpa. \u00c9l regres\u00f3 a su terru\u00f1o, Santander; se recogi\u00f3 en su vida familiar y el pasado 31 de octubre de 2020 perdi\u00f3 la batalla contra el c\u00e1ncer. Pero su legado en la Carta Pol\u00edtica del 91 sigue vigente, es el de un liberal firme y combativo, un hombre que nunca cedi\u00f3 a la tentaci\u00f3n de armar disidencias oportunistas, que supo jugar limpio y que dio de qu\u00e9 hablar durante cinco d\u00e9cadas de lucha permanente por un ideario que defendi\u00f3 hasta su muerte. Alguna vez, cuando le preguntaban por los aportes de la nueva constituci\u00f3n, afirm\u00f3: \u201cSomos una sociedad mucho m\u00e1s incluyente donde caben los negros, los ind\u00edgenas, los pobres, los coste\u00f1os, los bogotanos, los cat\u00f3licos, los adventistas, todos. Otra cosa es el empoderamiento del ciudadano de sus derechos con la tutela. El criterio social y democr\u00e1tico se mantiene. Somos un pa\u00eds que avanza con firmeza por lo institucional\u201d.", "link": "https://www.elespectador.com/politica/el-legado-de-horacio-serpa-en-la-carta-del-91-article/", "actores": [], "puntos": ["punto1", "punto2", "punto3", "punto4", "punto5"], "medio": "elespectador"}