{"titulo": "emilio-archila-asume-liderazgo-de-dialogos-con-el-comite-del-paro", "fecha": "26/5/2021", "aux": "", "contenido": "El consejero para la Estabilizaci\u00f3n reemplaza a Miguel Ceballos en esta tarea, luego de que este indicara que dejaba el Gobierno para buscar la Presidencia.Emilio Archila, consejero para la Estabilizaci\u00f3n y Consolidaci\u00f3n, es el nuevo negociador del Gobierno con el Comit\u00e9 del Paro. Asume este rol luego de que Miguel Ceballos renunciara a su cargo como comisionado de Paz, quien hab\u00eda sido encargado por el presidente Iv\u00e1n Duque para entablar una mesa de di\u00e1logo con los representantes del paro nacional.  En ese sentido, Archila debe adelantar el documento de peticiones del Comit\u00e9 del Paro que, entre otras cosas, solicita al Gobierno verdaderas garant\u00edas para la manifestaci\u00f3n social. Este mi\u00e9rcoles, el consejero reiter\u00f3 que el preacuerdo que realiz\u00f3 Ceballos con el Comit\u00e9 sigue en proceso de validaci\u00f3n.  \u201cEstamos trabajando en la validaci\u00f3n del documento al que llegamos como preacuerdo con el Comit\u00e9 del Paro, referido a las garant\u00edas de la protesta. Estamos trabajando con toda la celeridad\u201d, dijo, reiterando que al Gobierno le interesa que se avance con rapidez, pero que lo planteado en el documento quede bien. \u201cNecesitamos las validaciones legales. Se\u00f1alo con agradecimiento los avances significativos en otros de los frentes relacionados con las inconformidades\u201d, indic\u00f3 Archila. No obstante, a\u00fan no hay mayores avances, por lo menos tangibles, de los di\u00e1logos entre ambas partes.  Adem\u00e1s de este nuevo trabajo, Archila seguir\u00e1 encargado de la Consejer\u00eda para la Estabilizaci\u00f3n, entidad encargada de la implementaci\u00f3n de los Acuerdos de Paz. Por otro lado, con la salida de Ceballos, Juan Camilo Restrepo G\u00f3mez funge en adelante como nuevo comisionado de Paz y podr\u00eda entrar a apoyar las negociaciones con el Comit\u00e9 del Paro, si as\u00ed se requiere.  Cabe recordar que la salida negociada a las diferencias entre la ciudadan\u00eda y el Gobierno tom\u00f3 forma el pasado 5 de mayo, cuando el presidente Duque anunci\u00f3 que el ejecutivo adelantar\u00eda una conversaci\u00f3n nacional con todos los sectores del pa\u00eds, para rechazar la violencia y resolver el malestar social.  No obstante, fue hasta el 10 de mayo que el Comit\u00e9 del Paro se sent\u00f3 con el Gobierno. Desde esa fecha se han dado los intercambios entre ambas partes, sin ning\u00fan resultado a\u00fan. Este mi\u00e9rcoles y el viernes (28 de mayo), est\u00e1n convocadas nuevas manifestaciones en el marco del paro nacional. ", "link": "https://www.elespectador.com/politica/emilio-archila-asume-liderazgo-en-dialogos-con-el-comite-del-paro/", "actores": [], "puntos": ["punto3", "punto5"], "medio": "elespectador"}