{"titulo": "en-meta-gobierno-hace-propuesta-embaucadora-de-erradicacion-farc", "fecha": "28/11/2016", "aux": "", "contenido": "El comando de los Puntos de Reagrupamiento Temporal de las Farc en Meta, asegur\u00f3 que funcionarios del Gobierno han socializado una propuesta que niega lo acordado en La Habana en materia de drogas il\u00edcitas.A trav\u00e9s de un corto comunicado, el comando de los Puntos de Preagrupamiento Temporal de las Farc de los municipios de Uribe y Mesetas (Meta) , asegur\u00f3 que funcionarios del Gobierno han estado en el departamento socializando una propuesta de erradicaci\u00f3n de cultivos de hoja de coca que no concuerda con lo acordado por los equipos negociadores de paz en La Habana sobre\u00a0 el punto de soluci\u00f3n al problema de las drogas Il\u00edcitas y que se constituye como un enga\u00f1o a las comunidades. \"Susodicha propuesta gubernamental se basa en un estipendio de\u00a0 750.000 pesos por finca cocalera cada dos meses\u00a0 y una ayuda para huertas caseras, la cual no satisface las urgentes necesidades de las familias cocaleras\", reza la misiva. De acuerdo con el grupo guerrillero, el acuerdo suscrito entre el Gobierno y las Farc se basa en la implementaci\u00f3n de un Programa Nacional de Sustituci\u00f3n de Cultivos\u00a0 de uso Il\u00edcito (PENIS) que, como qued\u00f3 establecido, debe impulsar planes de desarrollo alternativo para la sustituci\u00f3n de cultivos, construidos conjuntamente con las comunidades, teniendo como eje la formalizaci\u00f3n de la propiedad, inversiones p\u00fablicas, cr\u00e9ditos y asistencia t\u00e9cnica, entre otros.\u00a0 \"Las comunidades deben rechazar esta oferta embaucadora del gobierno y unirse a exigir la implementaci\u00f3n del Programa Nacional de Sustituci\u00f3n de Cultivos de Uso Il\u00edcito, el cual interpreta las aspiraciones de las comunidades y se construye con las comunidades, seg\u00fan sus m\u00e1ximas aspiraciones de transformaci\u00f3n estructural del territorio en el marco del proceso de construcci\u00f3n de una paz estable y duradera\", explica el texto. En ese sentido las Farc se\u00f1alan que est\u00e1n dispuestas a\u00a0 ofrecer pedagog\u00eda sobre el tema para que queda clara la metodolog\u00eda \"que se debe implementar para la sustituci\u00f3n de cultivos de uso il\u00edcito, conforme a lo acordado en La Habana\".", "link": "https://www.elespectador.com/politica/en-meta-gobierno-hace-propuesta-embaucadora-de-erradicacion-farc-article-667907/", "actores": [], "puntos": ["punto4", "punto5"], "medio": "elespectador"}