{"titulo": "en-parlamento-britanico-critican-casos-de-abuso-policial-en-colombia", "fecha": "22/4/2021", "aux": "Tambi\u00e9n le puede interesar:", "contenido": "En el parlamento alertaron que 13 personas perdieron la vida durante manifestaciones en 2020 e hicieron alusi\u00f3n a j\u00f3venes que perdieron uno de sus ojos despu\u00e9s de las protestas.Tal como ocurri\u00f3 en , cuando miembros de la cuestionaron el papel del presidente y su gobierno en la implementaci\u00f3n del  una vez m\u00e1s los miembros del  discutieron la situaci\u00f3n de Colombia y criticaron los  que recientemente han sacudido al pa\u00eds. El escenario fue la   donde el representante expres\u00f3 su preocupaci\u00f3n frente al actuar de la Polic\u00eda en diferentes protestas, alegando que  durante manifestaciones en 2020 y llamando la atenci\u00f3n por casos como los de   j\u00f3venes quienes perdieron la vista de uno de sus ojos despu\u00e9s de las manifestaciones. \u201cHa habido informaci\u00f3n preocupante de un despu\u00e9s de ser impactados por proyectiles disparados por la Polic\u00eda\u201d reclam\u00f3 el diputado, que visit\u00f3 Colombia en 2019. A su turno, desde la C\u00e1mara de los Lores,  , encargado de Asuntos Exteriores del Partido Laborista, lament\u00f3 el asesinato del sindicalista colombiano , alertando por la situaci\u00f3n de derechos humanos en Colombia. \u201c\u00bfQu\u00e9 medidas est\u00e1 tomando el gobierno (brit\u00e1nico) para asegurar que   con una pol\u00edtica p\u00fablica para desmantelar las organizaciones criminales incluidos los grupos sucesores del paramilitarismo, como estipula el Acuerdo de Paz?\u201d, cuestion\u00f3 el Lor al ministro del gobierno de Boris Johnson. En respuesta, los funcionarios del gobierno brit\u00e1nico destacaron que  en t\u00e9rminos de derechos humanos y reafirmaron su apoyo al Acuerdo de Paz. En diciembre pasado, varios miembros de la C\u00e1mara de los Lores cuestionaron el papel del  y criticaron la actuaci\u00f3n del exfiscal   y el presunto ocultamiento de informaci\u00f3n a la Jurisdicci\u00f3n Especial para la Paz (JEP) en el  \u201cEl reciente reportaje que revela detalles de una operaci\u00f3n de la Fiscal\u00eda General aparentemente dise\u00f1ada para es alarmante. La Fiscal\u00eda dirigida por N\u00e9stor Humberto Mart\u00ednez supuestamente proporcion\u00f3 cinco kilos de coca\u00edna para la operaci\u00f3n, pero esta y otra informaci\u00f3n no fue compartida con las cortes\u201d, se\u00f1al\u00f3 Christine Blower, del Partido Laborista. Otros miembros de la C\u00e1mara de los Lores insistieron en los intentos desde el gobierno de Colombia de figura que consideraron como un ejemplo que ha destacado la Corte Penal Internacional y un punto de referencia para el resto del mundo.", "link": "https://www.elespectador.com/politica/en-parlamento-britanico-critican-casos-de-abuso-policial-en-colombia-article/", "actores": [], "puntos": ["punto3", "punto4"], "medio": "elespectador"}