{"titulo": "en-que-consiste-el-pacto-del-golfo-morrosquillo-que-firmo-el-gobierno-nacional", "fecha": "7/2/2020", "aux": "", "contenido": "El presidente Duque, desde Cove\u00f1as (Sucre), anunci\u00f3 la propuesta que involucra a ocho municipios de Sucre y C\u00f3rdoba para la que se destinar\u00e1n recursos por m\u00e1s de $ 350.000 millones.La primera parte de la agenda de este viernes del presidente de la Rep\u00fablica, Iv\u00e1n Duque M\u00e1rquez, se desarroll\u00f3 en Cove\u00f1as (Sucre). Desde all\u00ed, con el mar de fondo, el primer mandatario firm\u00f3 lo que se denomin\u00f3 como pacto del Golfo de Morrosquillo, \r\n\r\nDe acuerdo con la Presidencia, el objetivo principal del pacto es articular todos las pol\u00edticas y programas previsto para el desarrollo econ\u00f3mico, social y ambiental en esa regi\u00f3n para que el Golfo de Morrosquillo se convierta en un destino tur\u00edstico de primer nivel y se espera que la implementaci\u00f3n se haga en los pr\u00f3ximo cinco a\u00f1os. \r\n\r\n \r\n\r\nDe hecho, el turismo parece ser un tema fundamental para el presidente Duque, quien destac\u00f3 las oportunidades que ofrece esa regi\u00f3n del pa\u00eds para el desarrollo de esa actividad econ\u00f3mica. \u201cEsta regi\u00f3n tiene m\u00faltiples beneficios y oportunidades.  , como uno de los puntos centrales para el desarrollo\u201d, indic\u00f3 el mandatario. \r\n\r\nAl tiempo, le solicit\u00f3 al Departamento Nacional de Planeaci\u00f3n (DNP) que, si bien los alcaldes de los ocho municipios contemplados tienen proyectos, el mayor problema que se presenta est\u00e1 en la etapa de estructuraci\u00f3n. Por esa raz\u00f3n, se necesita una gu\u00eda desde el Gobierno Nacional para que desde esta regi\u00f3n se pueda acceder a recursos del orden nacional. \r\n\r\n \r\n\r\nEl documento firmado de desarrollar\u00e1 desde las l\u00edneas tem\u00e1ticas de ordenamiento territorial, infraestructura para el desarrollo, sostenibilidad ecosist\u00e9mica y turismo e historia y riqueza natural. Siguiendo esa hoja de ruta, las inversiones ascender\u00e1n a m\u00e1s de $ 350.000 millones, de los cuales el Gobierno Nacional aportar\u00e1 el 70 %. \r\n\r\nEsos recursos ser\u00e1n invertidos, de manera prioritaria, \r\n\r\nPor otra parte, se contempla la ampliaci\u00f3n del aeropuerto que le sirve a la regi\u00f3n, ubicado en Tol\u00fa. La inversi\u00f3n para este proyecto ser\u00e1 de $ 398.000 millones y se desarrollar\u00e1 en tres fases: una de ampliaci\u00f3n y mejoramiento de los 1.400 metros de pista existentes y terminal de pasajeros, la construcci\u00f3n de v\u00edas de acceso y una planta de tratamiento de tratamiento de agua potable y, finalmente, la construcci\u00f3n y ampliaci\u00f3n de la pista a 2.200 metros. \r\n", "link": "https://www.elespectador.com/politica/en-que-consiste-el-pacto-del-golfo-morrosquillo-que-firmo-el-gobierno-nacional-article-903586/", "actores": [], "puntos": ["punto4"], "medio": "elespectador"}