{"titulo": "estos-son-los-protocolos-para-la-actividad-fisica-durante-la-cuarentena", "fecha": "21/4/2020", "aux": "Video: \u00bfQui\u00e9n tiene la vacuna contra el coronavirus?", "contenido": "La propuesta es que se pueda hacer ejercicio como caminar, correr, trotar montar bicicleta y patines hasta un radio de un kil\u00f3metro del domicilio. Entre otras, solo podr\u00e1n realizar actividades f\u00edsicas personas entre los 18 y 69 a\u00f1os. Aunque los protocolos pueden variar seg\u00fan los acuerdos a los que lleguen alcaldes y gobernadores con el Gobierno Nacional, el ministro de Deporte, Ernesto Lucena, sent\u00f3 las bases de c\u00f3mo funcionar\u00e1 la actividad f\u00edsica\u00a0al aire libre. \r\n\r\nEn primer lugar, la actividad, bien sea correr, caminar, trotar, montar en bicicleta o en patines, debe de hacerse a un kil\u00f3metro de radio del lugar de domicilio. Es decir, un recorrido que caminando tome entre\u00a015 y 20 minutos m\u00e1ximo. Adicionalmente, solo podr\u00e1n salir a realizar actividades f\u00edsicas personas entre los 18 y 69 a\u00f1os, ello indica que no est\u00e1 autorizada la salida de menores de edad. \r\n\r\nPor otro lado,\u00a0ser\u00e1 obligatorio el uso de tapabocas y deber\u00e1 conservarse una distancia m\u00ednima de cinco metros con las dem\u00e1s personas que est\u00e9n realizando actividades f\u00edsicas.\u00a0 \r\n\r\n \r\n\r\nEl uso de canchas y parques recreativos est\u00e1n prohibidos al ser considerados focos de contagio y\u00a0para evitar las aglomeraciones.\u00a0Las personas podr\u00e1n salir, por ejemplo en el caso de Bogot\u00e1, los d\u00edas en que no tengan restricci\u00f3n por el pico y g\u00e9nero, es decir, los hombres tienen posibilidad de ejercitarse los d\u00edas impares y las mujeres los pares. Esto aplica para otras medidas, como el pico y c\u00e9dula que han implementado otras ciudades. \r\n\r\nA quienes salgan a hacer actividad f\u00edsica se les pedir\u00e1\u00a0estar fuera de casa por un tiempo m\u00e1ximo de una hora, para evitar de este modo la concentraci\u00f3n de ciudadanos alrededor de los domicilios. \r\n\r\n \r\n\r\nComo medida piloto, el Ministerio del Deporte recomienda que dichas actividades se hagan solamente de 5:00 a.m. a 8:00 a.m. \u201cNos preocupa que se habiliten horarios nocturnos, porque estos se pueden desviar a otros temas\u201d, confes\u00f3 Lucena. No obstante, fue reiterativo de que estas horas depender\u00e1n de lo que dispongan los entes territoriales, pensando, tambi\u00e9n, en las clases virtuales que deben de cumplir los ni\u00f1os. \r\n\r\nLos adultos mayores deber\u00e1n permanecer en sus casas, mientras que las personas con preexistencias, a quienes\u00a0sus m\u00e9dicos les hayan recomendado la actividad f\u00edsica, pueden hacerlo, pero conservando la distancia m\u00ednima de cinco metros entre cada persona.\u00a0 \r\n\r\nAs\u00ed las cosas, este levantamiento de restricci\u00f3n no es para reactivar el deporte de alto rendimiento, sino para evitar el sendentarismo y problemas de salud mental causados por cuenta del aislamiento obligatorio. \r\n\r\n\u201cConf\u00edo en que la gente cumpla, pero tambi\u00e9n necesitaremos ayuda de la Polic\u00eda de cuadrante y alcaldes para controlar esta oportunidad\u201d, dijo el ministro en entrevista con Blu Radio. \r\n\r\nEl hecho de que se eval\u00fae ampliar m\u00e1s las restricciones, como a la pr\u00e1ctica de tenis, golf o montar bicicleta de un municipio a otro, est\u00e1 sujeto al compromiso que tengan los ciudadanos con esta medida. \u201cEsto depende de la autorresponsabilidad y cultura que tengamos, esta es una oportunidad, si respetamos las distancias, la higiene, si no nos aglomeramos, vamos a poder ir permitiendo la salida de otros\u201d, enfatiz\u00f3 Lucena. \r\n\r\nFinalmente, durante el programa de Prevenci\u00f3n y Acci\u00f3n del presidente Duque, el ministro Lucena reiter\u00f3 que por ahora y durante el resto de la emergencia sanitaria es imposible reabrir las ligas de f\u00fatbol pues el contagio de un deportista un riesgo que no vale la pena correr. \"Hemos hablado con la Dimayor para retomar el proceso de f\u00fatbol rentable, pero ahora es imposible que ese torneo se pueda hacer. Recibimos un protocolo a trav\u00e9s de la Federaci\u00f3n Colombiana de F\u00fatbol, y lo vamos a analizar para tomar una decisi\u00f3n posterior a la emergencia\", asegur\u00f3. \r\n\r\n\u00a0 \r\n\r\n \r\n\r\n\u00a0 \r\n\r\n \r\n", "link": "https://www.elespectador.com/politica/estos-son-los-protocolos-para-la-actividad-fisica-durante-la-cuarentena-article-915747/", "actores": [], "puntos": ["punto5"], "medio": "elespectador"}