{"titulo": "eurodiputados-piden-intervencion-inmediata-ante-asesinato-de-lideres-sociales", "fecha": "13/7/2018", "aux": "Lea tambi\u00e9n:\u00a0Colombia Humana le pidi\u00f3 a la UE intervenir ante asesinatos de l\u00edderes sociales Le puede interesar:\u00a0Senador \u00c1lex L\u00f3pez propone intervenci\u00f3n de la CPI ante asesinatos de l\u00edderes sociales Lea m\u00e1s:\u00a0Mininterior proteger\u00e1 a l\u00edderes sociales de la Colombia Humana", "contenido": "En una carta, 38 diputados del Parlamento Europeo le expresan a Federica Mogherini, la alta representante de la Uni\u00f3n Europea para Asuntos Exteriores y Pol\u00edtica de Seguridad, su intranquilidad sobre la seguridad de los defensores de DD.HH. y el futuro del Acuerdo de Paz en Colombia. Un grupo de eurodiputados le envi\u00f3 una carta a la  , Federica Mogherini, manifest\u00e1ndole su \u201chonda preocupaci\u00f3n\u201d por la situaci\u00f3n que viven l\u00edderes y lideresas sociales alrededor del pa\u00eds, ante la  , seg\u00fan informes de la Defensor\u00eda del Pueblo \r\n\r\nLos parlamentarios denunciaron que  \u201cEl ritmo ha aumentado:\u00a0 \u201d, aseguran en la misiva, nombrando los recientes homicidios registrados de Felicinda Santamar\u00eda, en Choc\u00f3; Mar\u00eda Estupi\u00f1an, en Nari\u00f1o; Ancizar Cifuentes, en Tolima; Ana Mar\u00eda Cort\u00e9s, en Antioquia; Luis Erazo Fern\u00e1ndez, en Cauca; Fernando G\u00f3mez, en Valle, y Frank Dairo Rinc\u00f3n, en Huila. \r\n\r\n \r\n\r\n\u201cLa alta frecuencia de estos asesinatos y el hecho que ocurren en partes muy diversas del territorio de Colombia o al menos parte de ellas\u201d, advierten en la carta, \r\n\r\nLos diputados\u00a0a\u00f1aden\u00a0tambi\u00e9n que esto responde, entre otras cosas,\u00a0a una  \r\n\r\n \r\n\r\nA su vez, expresan lo siguiente sobre el  : \u201cCinco dirigentes locales han sido asesinados en esta regi\u00f3n en las \u00faltimas cuatro semanas. Nos parece ins\u00f3lito que destinadas a proteger a la poblaci\u00f3n civil\u201d. \r\n\r\n  con el fin de salvar la vida de decenas o centenares de personas en las semanas venideras\u201d, concluyen los diputados, quienes mencionan\u00a0su  \r\n\r\n \r\n\r\nLa misiva fue  \r\n", "link": "https://www.elespectador.com/politica/eurodiputados-piden-intervencion-inmediata-ante-asesinato-de-lideres-sociales-article-800011/", "actores": [], "puntos": [], "medio": "elespectador"}