{"titulo": "eurocamara-reitera-apoyo-al-proceso-de-paz-y-condena-asesinato-de-excombatientes", "fecha": "29/4/2021", "aux": "Puede ver: Lea:  Lea tambi\u00e9n: ", "contenido": "Los miembros del Parlamento Europeo aprobaron la resoluci\u00f3n en una votaci\u00f3n de 569 contra 67. Llamaron la atenci\u00f3n tanto al Gobierno como a los antiguos miembros de las Farc.El Parlamento Europeo aprob\u00f3 este jueves una nueva resoluci\u00f3n en la que, tras cinco a\u00f1os de la firma del Acuerdo de Paz entre el Estado colombiano y las Farc, reiteran su apoyo al pacto y elogian varios de sus puntos, como los planes de desarrollo con enfoque territorial (PDET). \u201cReitera su apoyo al Acuerdo de Paz en Colombia y acoge con satisfacci\u00f3n el reciente di\u00e1logo que ha tenido lugar entre las partes, al tiempo que reconoce su esfuerzo pol\u00edtico, realismo y perseverancia\u201d, dice la resoluci\u00f3n, en la que tambi\u00e9n queda en firme la disposici\u00f3n de los eurodiputados de mantener la asistencia pol\u00edtica y financiera para apoyar su implementaci\u00f3n. En ese sentido, la Euroc\u00e1mara elogi\u00f3 el acuerdo al reconocer que \u201ces citado a menudo como modelo en todo el mundo debido a su determinaci\u00f3n de abordar los problemas que causaron el conflicto y su pronunciada atenci\u00f3n a los derechos y la dignidad de las v\u00edctimas; recuerda que deben aplicarse todas las partes de un acuerdo tan complejo e innovador, ya que est\u00e1n todas imbricadas para el tratamiento de las causas profundas del conflicto\u201d. Tambi\u00e9n reconoci\u00f3 el trabajo que ha desarrollado la Jurisdicci\u00f3n Especial para la Paz (JEP). \u201cAcoge con satisfacci\u00f3n todas las medidas ya adoptadas por la JEP para crear un futuro, con la consolidaci\u00f3n de la paz y la falta de impunidad como n\u00facleo, y pide la JEP que prosiga sus importantes esfuerzos, a pesar de los numerosos problemas, incluidos los retrasos en la aplicaci\u00f3n de la legislaci\u00f3n\u201d. A rengl\u00f3n seguido, les pidi\u00f3 a las autoridades colombianas que garanticen la autonom\u00eda y la independencia del Sistema Integral de Verdad, Justicia, Reparaci\u00f3n y No Repetici\u00f3n. Por otra parte, condenaron el asesinato de l\u00edderes sociales y excombatientes firmantes del acuerdo. \u201cCondena los asesinatos y la violencia contra defensores de los derechos humanos, excombatientes de las Farc y l\u00edderes sociales e ind\u00edgenas; hace hincapi\u00e9 en que abordar la violencia persistente contra ellos es uno de los principales retos en Colombia; observa que el conflicto se ha agravado en zonas rurales del pa\u00eds y lamenta la violencia causada principalmente en esas zonas por grupos armados ilegales y delincuencia organizada relacionada con el tr\u00e1fico de drogas y la miner\u00eda ilegal\u201d. Igualmente, se hizo un llamado de atenci\u00f3n por casos de \u201creclutamiento forzoso, violencia sexual contra ni\u00f1os y mujeres, matanzas, torturas y otras atrocidades y ataques contra comunidades y autoridades \u00e9tnicas, y que se han visto afectadas las autoridades p\u00fablicas\u201d. Por esa raz\u00f3n, pidi\u00f3 al Estado colombiano para que se incremente la seguridad para estas personas, se haga mayor presencia en los territorios m\u00e1s apartados del pa\u00eds y se adopten pol\u00edticas para la desarticulaci\u00f3n de organizaciones delictivas. Tambi\u00e9n hubo llamados de atenci\u00f3n para los antiguos miembros de las extintas Farc. \u201cExpresa su preocupaci\u00f3n por el hecho de que, a pesar de su obligaci\u00f3n de hacerlo, hasta la fecha las antiguas guerrillas no han facilitado informaci\u00f3n sobre las rutas de tr\u00e1fico de drogas y las fuentes de financiaci\u00f3n que sustentan a los grupos criminales que atacan a defensores, l\u00edderes y excombatientes; se\u00f1ala asimismo su preocupaci\u00f3n por el hecho de que el plazo fijado para la entrega de los activos de las antiguas Farc-EP para indemnizar a las v\u00edctimas expir\u00f3 el 31 de diciembre de 2020, y solo se ha entregado el 4 % del importe acordado\u201d. Entre los \u00faltimos apartados de la resoluci\u00f3n, el Parlamento Europeo le pide al Consejo Europeo y a la Comisi\u00f3n Europea \u201cque redoblen su apoyo pol\u00edtico y econ\u00f3mico a Colombia en el marco de los nuevos instrumentos de cooperaci\u00f3n durante el nuevo per\u00edodo presupuestario\u201d.", "link": "https://www.elespectador.com/politica/eurocamara-reitera-apoyo-al-proceso-de-paz-y-condena-asesinato-de-excombatientes-article/", "actores": [], "puntos": ["punto1", "punto2", "punto3", "punto4", "punto5"], "medio": "elespectador"}