{"titulo": "farc-propone-renta-basica-para-95-millones-de-hogares-durante-tres-meses", "fecha": "12/5/2020", "aux": "", "contenido": "Seg\u00fan el senador Juli\u00e1n Gallo, el Gobierno debe destinar un mayor porcentaje del PIB a atender la emergencia producida por el nuevo coronavirus.La bancada del   en el Congreso de la Rep\u00fablica anunci\u00f3 este martes la radicaci\u00f3n de varios proyectos de ley para enfrentar la crisis desatada en el pa\u00eds por el nuevo coronavirus. Uno de ellos es la implementaci\u00f3n de una  , una iniciativa en la que, seg\u00fan el senador de ese partido Juli\u00e1n Gallo, conocido como Carlos Antonio Lozada, hay consenso entre al menos 50 senadores. \r\n\r\nLa propuesta concreta es que durante tres meses ese n\u00famero de familia reciba un salario m\u00ednimo mensual, lo que le costar\u00eda al Estado unos 44 billones de pesos. De acuerdo con Gallo,  \r\n\r\n\u201cEn pa\u00edses como Per\u00fa, (esa inversi\u00f3n) est\u00e1 por encima del 8 o 10 %, de manera que hay que modificar esencialmente esa visi\u00f3n que se tiene desde el Gobierno acerca del papel del Estado como regulador en el marco de una situaci\u00f3n de emergencia\u201d, dijo el senador, y habl\u00f3 de la necesidad de destinar a ese fin impuestos como el 4x1.000, la refinanciaci\u00f3n de la deuda externa y el aumento del recaudo de manera temporal a trav\u00e9s del impuesto al patrimonio a personas naturales y, eventualmente, a empresas. \r\n\r\n \r\n\r\nEntre las otras iniciativas, tambi\u00e9n se destaca la de la senadora Victoria Sandino, que tiene como objetivo enfrentar la corrupci\u00f3n Enel programa de alimentaci\u00f3n escolar y fortalecer el sistema de salud en medio de la emergencia, por ejemplo, \r\n\r\n\u201cEl Estado tendr\u00e1 la potestad de reorganizar y gestionar todos los recursos de las instituciones prestadoras de servicios de salud, p\u00fablicas y privadas, al servicio prioritario del enfrentamiento la emergencia sanitaria dada el marco del COVID-19, as\u00ed como en las sucesivas declaratorias de emergencia sanitaria que emita el Ministerio de Salud y Protecci\u00f3n Social o, a futuro, la instituci\u00f3n que pueda quedar a cargo de esta funci\u00f3n, bajo el principio de la prevalencia del inter\u00e9s general sobre el particular\u201d, dice el texto del proyecto. \r\n\r\nPor su parte, la senadora Sandra Ram\u00edrez anunci\u00f3 la radicaci\u00f3n de un proyecto de ley para que se congele el cobro de los cr\u00e9ditos del Icetex durante tres meses y los intereses s reduzcan a cero. En ese mismo sentido, la bancada de FARC pidi\u00f3 que el Gobierno establezca un m\u00ednimo vital en servicios como agua, luz, gas e internet \u201cpara la ciudadan\u00eda colombiana que no parta s\u00f3lo de la garant\u00eda al acceso, sino que tambi\u00e9n se preocupe porque el valor de estas unidades m\u00e9tricas corresponda al valor de cero pesos colombianos\u201d. \r\n", "link": "https://www.elespectador.com/politica/farc-propone-renta-basica-para-9-5-millones-de-hogares-durante-tres-meses-article-919105/", "actores": [], "puntos": ["punto1", "punto2", "punto5"], "medio": "elespectador"}