{"titulo": "feministas-presentan-pliego-con-siete-propuestas-para-fortalecer-democracia-en-medio-del-paro", "fecha": "12/5/2021", "aux": "Lea tambi\u00e9n:  Lea tambi\u00e9n:  Tambi\u00e9n le puede interesar:", "contenido": "Decenas de mujeres y organizaciones feministas divulgaron un documento en el que abogan, entre otras, por el desmonte del Esmad, la renuncia del ministro de Defensa, una renta b\u00e1sica universal y la desmilitarizaci\u00f3n inmediata de las ciudades.Advirtiendo que la ola de protestas en Colombia ha sido \u201cenfrentada con  este mi\u00e9rcoles se conoci\u00f3 un pliego con siete propuestas por parte de  , que abogaron por el  en el pa\u00eds en medio de las jornadas de En su pronunciamiento, las feministas alertan que se han presentado hechos \u201cque degradan la movilizaci\u00f3n\u201d, como  \u201ccon prop\u00f3sitos ajenos a la defensa de los intereses de la ciudadan\u00eda\u201d, y  por las v\u00edctimas del sistema patriarcal y del modelo econ\u00f3mico neoliberal\u201d. Por ello, advierten que se acorta el tiempo para encontrar salidas antes de \u201cuna hecatombe\u201d que, aseguran, el Gobierno Nacional no logra enfrentar \u201cpor su  En esa l\u00ednea, abogan por una agenda compartida para salvar vidas y detener un \u201cba\u00f1o de sangre\u201d, que implique \u201cEl enfoque de seguridad nacional, hoy , act\u00faa como una amenaza a la estabilidad nacional. Es fundamental comprender que la sociedad est\u00e1 bajo constante amenaza a su supervivencia (abuso f\u00edsico, m\u00faltiples violencias, incluida la  , a sus medios de vida (desempleo, inseguridad alimentaria, amenazas a la salud) y a su   (la falta de garant\u00edas para el goce efectivo de los derechos humanos, la desigualdad, la exclusi\u00f3n, la discriminaci\u00f3n y la falta de libertad)\u201d, alegan. En ese sentido, insistiendo en que el y la construcci\u00f3n de confianza es un fundamento indispensable, presentaron un pliego con siete propuestas, iniciando con la necesidad de que el di\u00e1logo planteado para conjurar la crisis por parte del Gobierno Nacional abarque no solo una conversaci\u00f3n, sino una Lo anterior, con el concurso de la comunidad internacional y el apoyo de una mediaci\u00f3n especializada. Se\u00f1alan, adem\u00e1s, que se debe garantizar la presencia paritaria y diversa de las mujeres en esos espacios de negociaci\u00f3n. En segundo lugar, manifiestan que la protesta social debe permitir el  prevaleciendo los derechos a la seguridad alimentaria y al respeto por los bienes p\u00fablicos. Frente al actuar de la Fuerza P\u00fablica, explicaron que el Ej\u00e9rcito debe  a su turno, garantizar la movilizaci\u00f3n ciudadana, siempre en el marco de los derechos humanos. \u201cEl monopolio del uso de las armas le corresponde al Estado.  Que el gobierno condene los abusos de la Fuerza P\u00fablica y la sociedad que apoya la protesta rechace la violencia en su desarrollo, buscando siempre su desescalamiento\u201d, alertaron. El tercer punto del pliego feminista aboga por la explicando que el uso de la figura de la asistencia militar para contener la protesta social es inconstitucional. En esa l\u00ednea, propusieron   prohibir el uso de armas de letalidad reducida y de armas de fuego en los equipos de patrullaje; la  y que pase al Ministerio del Interior; una reforma a la Jurisdicci\u00f3n Penal Militar para que se excluya de dicho fuero a los uniformados por violaciones a derechos humanos, en particular por las violencias contra las mujeres, y la creaci\u00f3n de un mecanismo, con participaci\u00f3n de la comunidad internacional, para  En cuarto lugar, el movimiento feminista exigi\u00f3 justicia ante los excesos y abusos de la Fuerza P\u00fablica en el marco de la protesta, sumado a la   \u201cque durante los \u00faltimos d\u00edas ha promovido desde sus declaraciones y acciones, la estigmatizaci\u00f3n al derecho leg\u00edtimo a la protesta poniendo en riesgo la vida de protestantes, defensores de derechos humanos, periodistas y personal m\u00e9dico\u201d. En relaci\u00f3n con la reforma a la seguridad, el quinto punto plantea un sobre las bases de una \u201cvida libre de miedo\u201d y la libertad para vivir en dignidad, sumado a un enfoque garantista del Estado Social de Derecho que asegure el  y de una Fuerza P\u00fablica\u201d guardiana de la  Por otro lado, en sexto lugar, proponen que haya acuerdos para , especialmente de g\u00e9nero, as\u00ed como la puesta en marcha de un plan de emergencia que atienda la pobreza causada por la pandemia, haciendo \u00e9nfasis en las mujeres. Lo anterior, debido al \u201c  en su contra, del deterioro alarmante de sus condiciones de vida laborales y su falta de reconocimiento en las diversas esferas de poder\u201d. Por \u00faltimo, las feministas insisten en una , priorizando a las mujeres en toda su diversidad, y la implementaci\u00f3n de garant\u00edas para que puedan acceder al trabajo con remuneraci\u00f3n justa, incorporando estrategias como la econom\u00eda social y solidaria. Adicionalmente, la puesta en marcha del Sistema Nacional de Cuidado, \u201cen el que el  se transforme la divisi\u00f3n sexual del trabajo y se eliminen las grandes brechas del uso del tiempo\u201d.", "link": "https://www.elespectador.com/politica/feministas-presentan-pliego-con-siete-propuestas-para-fortalecer-democracia-en-medio-del-paro-article/", "actores": [], "puntos": ["punto1", "punto3", "punto4", "punto5"], "medio": "elespectador"}