{"titulo": "francia-marquez-pide-accion-urgente-de-la-onu-ante-violencia-contra-lideres-en-colombia", "fecha": "21/4/2021", "aux": "Lea tambi\u00e9n:  Le puede interesar: ", "contenido": "La precandidata presidencial hizo un en\u00e9rgico llamado al Consejo de Seguridad de ese organismo internacional. Dice que el Estado hace parte del problema.En una nueva acci\u00f3n internacional, la lideresa social y precandidata presidencial Francia M\u00e1rquez envi\u00f3 el martes una carta al Consejo de Seguridad de las Naciones Unidas en la que pide una atenci\u00f3n y acci\u00f3n urgente \u201cfrente a las graves situaciones que vienen poniendo en riesgo la concreci\u00f3n de una paz estable y duradera en nuestro pa\u00eds\u201d. M\u00e1rquez record\u00f3 episodios recientes de asesinatos de l\u00edderes sociales y pol\u00edticos, como el de Francisco Giacometto o el de la gobernadora ind\u00edgena Sandra Liliana Pe\u00f1a para sumarse, nuevamente, a los mensajes de indignaci\u00f3n y rechazo por la violencia en Colombia y los llamados de atenci\u00f3n por la implementaci\u00f3n expedita del Acuerdo de Paz. Para la lideresa, las alertas sobre la implementaci\u00f3n se hacen \u201cno s\u00f3lo por la evidente y dram\u00e1tica falla en la generaci\u00f3n de garant\u00edas eficaces para la vida de las y los l\u00edderes sociales, defensores/as de derechos humanos y excombatientes firmantes, sino por la falta de voluntad del gobierno de Colombia para su cumplimiento integral\u201d. Denunci\u00f3 que las comunidades en las regiones m\u00e1s apartadas del pa\u00eds viven en medio de la pandemia y del derramamiento de sangre, \u201cgenerando devastaci\u00f3n colectiva con los hechos de desmembramiento y tortura de los cuerpos, el desplazamiento forzado y el horror de la muerte a gran escala como parte de su angustiosa cotidianidad\u201d. Por otra parte, manifest\u00f3 sentir impotencia al ver que las comunidades racializadas y empobrecidas no cuenten con oportunidades para fomentar su propio desarrollo econ\u00f3mico de manera justa y equitativa. \u201cYa no sabe de d\u00f3nde le vienen las balas (\u2026) pues, al tiempo que soportan condiciones similares a los d\u00edas de la esclavitud, deben resistir la presencia de actores armados que imponen su voluntad y atentan contra todos los principios b\u00e1sicos para la vida digna\u201d. En ese sentido, manifest\u00f3 que el Estado colombiano sigue siendo parte del problema de la violencia al defender, por ejemplo, el uso del glifosato para combatir los cultivos de uso il\u00edcito, aunque el qu\u00edmico pueda traer consecuencias para la salud p\u00fablica, la soberan\u00eda alimentaria y la integridad de los territorios. \u201cAl hacer prevalecer esta medida de alto impacto frente a otras pol\u00edticas antidrogas que, como la regularizaci\u00f3n y la legalizaci\u00f3n, resultan m\u00e1s oportunas y necesarias en la actualidad, el Estado colombiano evidencia su atraso frente a las tendencias internacionales que promueven cambios dr\u00e1sticos en la lucha contra las drogas y que buscan generar condiciones materiales y productivas efectivas, en vez de campa\u00f1as de estigmatizaci\u00f3n, frente a las poblaciones que se ven involucradas en las redes de narcotr\u00e1fico\u201d, dice la carta. Por esa raz\u00f3n, le pidi\u00f3 al gobierno de Iv\u00e1n Duque que explore otras alternativas para hacer frente al problema de las drogas, al tiempo que se contribuya a \u201ccerrar las brechas de inequidad y desigualdad en las que viven las comunidades v\u00edctimas de la guerra y del narcotr\u00e1fico\u201d. Tambi\u00e9n se\u00f1al\u00f3 al Gobierno Nacional de emprender una afrenta en contra de instancias como el Consejo Nacional de Paz. \u201cAs\u00ed, a la fecha, y a pesar de que desde el mes de octubre de 2020 fue aprobado por el Consejo Nacional de Paz en pleno, el plan de acci\u00f3n para la vigencia 2020-2021, el Gobierno, y en su representaci\u00f3n, la Oficina del Alto Comisionado para la Paz, no ha garantizado el presupuesto, los mecanismos y procedimientos necesarios para ejecutar dicho plan, ralentizando y desgastando las distintas instancias y sectores sociales dentro del Consejo y generando una percepci\u00f3n y malestar generalizado frente a la inactividad e ineficacia en el desarrollo de nuestras tareas\u201d. La comunicaci\u00f3n de M\u00e1rquez a la ONU termina con un llamado al acompa\u00f1amiento internacional y un apoyo urgente para que se concreten medidas para atender la violencia, fortalecer el Consejo Nacional de Paz y garantizar la seguridad en los territorios. A comienzos de a\u00f1o, M\u00e1rquez tambi\u00e9n envi\u00f3 una carta a la vicepresidenta de los Estados Unidos, Kamala Harris, en las que acus\u00f3 al gobierno colombiano de indolente y pidi\u00f3 ayuda para fortalecer las medidas de seguridad y garantizar la vida de los l\u00edderes sociales, pol\u00edticos y ambientales, as\u00ed como excombatientes de las Farc.", "link": "https://www.elespectador.com/politica/francia-marquez-pide-accion-urgente-de-la-onu-ante-violencia-contra-lideres-en-colombia-article/", "actores": [], "puntos": ["punto1", "punto3", "punto4", "punto5"], "medio": "elespectador"}