{"titulo": "gobierno-ha-acreditado-a-13-003-excombatientes-de-las-farc", "fecha": "12/7/2018", "aux": "As\u00ed se han construido los listados de las Farc Lea m\u00e1s sobre los colados en Justicia y Paz", "contenido": "El Comisionado de Paz inform\u00f3 que solo falta por revisar 347 nombres y que hasta el momento se han excluido 346 personas sobre las que hab\u00eda dudas de su pertenencia a la guerrilla. En medio de una aguda crisis por cuenta de la dif\u00edcil implementaci\u00f3n del Acuerdo de Paz con las Farc,  . \r\n\r\n\u201cEl proceso de acreditaci\u00f3n y tr\u00e1nsito a la legalidad de miembros de las Farc ha sido satisfactorio.  , despu\u00e9s de las exclusiones que hemos acordados, gracias al mecanismo de verificaci\u00f3n de listados\u201d, expres\u00f3 el comisionado de paz, Rodrigo Rivera. \r\n\r\n \r\n\r\nLa Oficina del Alto Comisionado lider\u00f3  . El Acuerdo de Paz estableci\u00f3 que el Gobierno se reservar\u00eda el derecho de verificar los nombres de los listados y de excluir a quienes considerar\u00e1n que no pertenec\u00edan a las filas insurgentes, sino que buscaban beneficios jur\u00eddicos, tal y como ocurri\u00f3 en  , entre ellos varios capos del narcotr\u00e1fico. \r\n\r\n \r\n\r\n  pudo establecer  y no pertenec\u00edan org\u00e1nicamente a la guerrilla sino que aterrizaron en la fase de acreditaci\u00f3n para beneficiarse judicialmente y saldar sus deudas. \r\n\r\nRivera tambi\u00e9n inform\u00f3 que en los pr\u00f3ximos d\u00edas se notificar\u00e1 la acreditaci\u00f3n de 300 excombatientes, con lo cual, a partir de ese momento,  . Este es el documento que permite iniciar el proceso de reintegraci\u00f3n, pero tambi\u00e9n los obliga a asumir\u00a0 compromisos con el sistema de justicia, verdad y reparaci\u00f3n que se pact\u00f3 en La Habana. \r\n\r\nAhora,  El Comit\u00e9 T\u00e9cnico permanecer\u00e1 activo en tanto existan casos pendientes de acreditaci\u00f3n de los listados entregados por FARC antes del 15 de agosto de 2017 o se ajusten las disposiciones legales actuales\u201d, concluy\u00f3 el Comisionado de Paz. \r\n", "link": "https://www.elespectador.com/politica/gobierno-ha-acreditado-a-13003-excombatientes-de-las-farc-article-799812/", "actores": [], "puntos": ["punto3", "punto4", "punto5"], "medio": "elespectador"}