{"titulo": "gobierno-duque-sabotea-nuestra-actividad-politica-partido-comunes", "fecha": "17/4/2021", "aux": "#denuncia @IvanDuque @ComunesCoL @MisionONUCol pic.twitter.com/Pj3ajAeQ0q", "contenido": "Congresistas del partido nacido del Acuerdo de Paz reclamaron que la UNP les niega sistem\u00e1ticamente \u201cy con diferentes pretextos\u201d el acompa\u00f1amiento a diferentes lugares para desarrollar su actividad pol\u00edtica.Alegando que han sufrido  y que les han negado las misiones de los  por parte de la Unidad Nacional de Protecci\u00f3n , este s\u00e1bado el   \u2013nacido del   entre el Estado colombiano y la otrora guerrilla de las  \u2013 reclam\u00f3 que el  As\u00ed lo alert\u00f3 la bancada legislativa de la colectividad, que insisti\u00f3, ante la comunidad nacional e internacional,  por parte del Ejecutivo a lo acordado en La Habana (Cuba), \u201cen particular todos los puntos referidos a las  para quienes lo firmamos\u201d. Los congresistas recordaron que, seg\u00fan lo acordado, es deber del Ejecutivo crear un  para el ejercicio de la pol\u00edtica, que \u201cse funda en el respeto de la  y en la defensa de los valores democr\u00e1ticos, en particular en la protecci\u00f3n de los derechos y libertades de quienes ejercen la pol\u00edtica\u201d. Seg\u00fan los parlamentarios, la forma utilizada es la , de misiones de los esquemas de seguridad por parte de la UNP. \u201cEsta realidad coloca a quienes firmamos la paz en  masacres y de la estigmatizaci\u00f3n contra integrantes de nuestra colectividad, precisamente por la  , alegaron. Para el partido, lo que se busca es  Por ello, exigieron al gobierno Duque garant\u00edas de seguridad, \u201cporque  de trabajar por la construcci\u00f3n de la paz estable y duradera en todo el territorio nacional\u201d. Los congresistas precisaron que  participaci\u00f3n pol\u00edtica, seguridad y la vida. Por ello, insistieron en que recurrir\u00e1n a todas las instancias y recursos que les otorgan la Constituci\u00f3n, la ley y el Acuerdo Final de Paz \u201cpara exigir el  La misiva es firmada por los senadores Juli\u00e1n Gallo, Criselda Lobo y Pablo Catatumbo, as\u00ed como por los representantes Carlos Carre\u00f1o Mar\u00edn, Omar de Jes\u00fas Restrepo, Jairo Reinaldo Cala y Luis Alberto Alb\u00e1n. Nuestra bancada   que el gobierno de   sabotea la actividad pol\u00edtica del partido   y se empe\u00f1a en estropear avances del proceso de paz.   ", "link": "https://www.elespectador.com/politica/gobierno-duque-sabotea-nuestra-actividad-politica-partido-comunes-article/", "actores": [], "puntos": ["punto3", "punto4"], "medio": "elespectador"}