{"titulo": "humberto-de-la-calle-tambien-votara-en-blanco", "fecha": "31/5/2018", "aux": "Lea tambi\u00e9n: Sergio Fajardo votar\u00e1 en blanco en segunda vuelta Lea m\u00e1s:\u00a0Cuando C\u00e9sar Gaviria era ac\u00e9rrimo antiuribista @PartidoLiberal @IvanDuque pic.twitter.com/zaC0RKfBft", "contenido": "A pesar de que el Partido Liberal, encabezado por C\u00e9sar Gaviria, decidi\u00f3 respaldar al candidato uribista, Iv\u00e1n Duque, el exaspirante a la Presidencia anunci\u00f3 que ir\u00e1 hacia el mismo rumbo. Humberto De la Calle anunci\u00f3 que su voto para el pr\u00f3ximo 17 de junio, d\u00eda en el que se celebrar\u00e1 la segunda vuelta de las elecciones presidenciales, no ser\u00e1 ni para ni para  . \r\n\r\n \u00a0\u201cMe preguntan hoy, despu\u00e9s del respaldo del director del Partido Liberal a la candidatura de Iv\u00e1n Duque, si voy a acompa\u00f1ar esa decisi\u00f3n. Mi respuesta es No,  \u201d, manifest\u00f3 en una misiva p\u00fablica en la que comunic\u00f3 su decisi\u00f3n. \r\n\r\n \r\n\r\n De la Calle, que ha defendido la implementaci\u00f3n de los acuerdos de paz, a pesar de que eso le costara popularidad en su candidatura, opt\u00f3 por mantenerse consecuente con sus afirmaciones. , expres\u00f3. \u201cTambi\u00e9n dije en serio que ninguna de las dos v\u00edas que se abren a los electores me parece \u00f3ptima\u201d. \r\n\r\n A su vez, declar\u00f3 que se tomar\u00e1 un descanso en los alrededores de Bogot\u00e1, tras haber recibido una derrota electoral el domingo, recogiendo\u00a0algo m\u00e1s del 2% de los sufragios. Luego de un tiempo, dijo, estar\u00e1 presente en la vida p\u00fablica desde la sociedad civil para ayudar en la construcci\u00f3n de paz en Colombia. , declar\u00f3. \r\n\r\n Rumbo distinto tom\u00f3 el director de su partido,  , quien a pesar de haber estado ocho a\u00f1os haci\u00e9ndole oposici\u00f3n al entonces presidente \u00c1lvaro Uribe V\u00e9lez, d  Esto le ha costado diversas cr\u00edticas y un sin fin de fracturas dentro de la colectividad liberal. \r\n\r\n Me preguntan hoy, despu\u00e9s del respaldo del director del   a la candidatura de  , si voy a acompa\u00f1ar esa decisi\u00f3n. Mi respuesta es No, en mi caso votar\u00e9 en blanco. Es lo que dicta mi conciencia.  \r\n\r\n\r\n \u00a0 \r\n\r\n \u00a0 \r\n\r\n \u00a0 \r\n\r\n \u00a0 \r\n\r\n : \r\n", "link": "https://www.elespectador.com/politica/humberto-de-la-calle-tambien-votara-en-blanco-article-791801/", "actores": [], "puntos": ["punto1", "punto2", "punto3"], "medio": "elespectador"}