{"titulo": "juanita-goebertus-dice-que-no-aspirara-al-congreso-en-2022", "fecha": "17/11/2020", "aux": "", "contenido": "La representante a la C\u00e1mara por Bogot\u00e1 fue la m\u00e1s destacada de su corporaci\u00f3n, seg\u00fan el Panel de Opini\u00f3n 2020.Las fichas se siguen moviendo en una anticipada estrategia de las fuerzas pol\u00edticas por las elecciones de 2022. Mientras algunos congresistas han renunciado a sus partidos (como fue el caso de los senadores Roy Barreras y Armando Benedetti, que dejaron la U), otros han anunciado que no tienen intenciones de regresar al Capitolio. Ese es el caso de Juanita Goebertus, representante de la Alianza Verde por Bogot\u00e1 y una de las m\u00e1s populares en la opini\u00f3n p\u00fablica. Este martes, Goebertus expres\u00f3 que no aspirar\u00e1 en 2022 a ser nuevamente congresista.  \u201cMi vocaci\u00f3n de vida es ser servidora p\u00fablica. Trabajar\u00e9 para que una coalici\u00f3n de centro y centro-izquierda sea Gobierno y servir\u00e9 desde all\u00ed\u201d, comunic\u00f3 por medio de su cuenta de Twitter. Seg\u00fan cont\u00f3 una persona de su equipo de trabajo, la representante no est\u00e1 pens\u00e1ndose como una opci\u00f3n presidencial en s\u00ed misma.  En vez de eso, buscar\u00e1 aportar desde dicha coalici\u00f3n de centro izquierda que espera se conforme con los dirigentes pol\u00edticos para apostarle, entre otras cosas, a la implementaci\u00f3n del Acuerdo de Paz, uno de sus temas principales en el legislativo. \u201cVamos a seguir transformando el Congreso desde adentro vinculando a m\u00e1s gente buena a la pol\u00edtica\u201d, a\u00f1adi\u00f3.  Como ella, el senador Rodrigo Lara dijo hace unos d\u00edas que tampoco regresar\u00e1 al Capitolio. Lara renunci\u00f3 al partido Cambio Radical, que represent\u00f3 en el Congreso durante unos 10 a\u00f1os, y asegur\u00f3 que deja tanto esa colectividad como el trabajo legislativo para ejercer la pol\u00edtica desde una fundaci\u00f3n.  En los recientes resultados de Panel de Opini\u00f3n 2020, que datan del 12 de noviembre, Juanita Goebertus fue la congresista m\u00e1s destacada de su corporaci\u00f3n. Logr\u00f3 un 16 % de aceptaci\u00f3n del p\u00fablico. Si bien es un descenso, en comparaci\u00f3n con 2019 que sac\u00f3 un 21 %, contin\u00faa encabenzando el escalaf\u00f3n. Pese a sus buenos resultados, seg\u00fan la encuesta, Goebertus decide dejar el Congreso.", "link": "https://www.elespectador.com/politica/juanita-goebertus-dice-que-no-aspirara-al-congreso-en-2022-article/", "actores": [], "puntos": ["punto2", "punto4"], "medio": "elespectador"}