{"titulo": "juan-manuel-santos-se-estrena-como-profesor", "fecha": "12/10/2018", "aux": "12 de octubre de 2018 12 de octubre de 2018", "contenido": "El expresidente y Nobel de Paz reapareci\u00f3 este viernes en Twitter, en donde public\u00f3 una foto en Harvard Kennedy School, en Cambridge (EE.UU.). Su primera lecci\u00f3n, seg\u00fan dijo, ser\u00e1 la de ense\u00f1arles a sus alumnos hacer lo correcto y no popular.Tal y como lo hab\u00eda prometido antes de finalizar su mandato, el expresidente Juan Manuel Santos decidi\u00f3 dedicarse a la academia una vez terminado su periodo en la jefatura de Estado y,  \r\n\r\n\u00a0 public\u00f3 una foto en su cuenta de Twitter, desde Harvard Kennedy School, en Cambridge, Massachusetts, y advirti\u00f3 cu\u00e1l ser\u00e1 su primera lecci\u00f3n para sus estudiantes:  \r\n\u2014 Juan Manuel Santos (@JuanManSantos)  \r\n \r\n\r\n a pesar de que sali\u00f3 con una desaprobaci\u00f3n del 72% respecto de su gesti\u00f3n, principalmente, producto del acuerdo de paz firmado con la exguerrilla de las Farc, siempre argument\u00f3 que esa era la mejor salida para la terminaci\u00f3n de un conflicto. \r\n\r\nDe hecho, poco antes de salir del gobierno, Santos reiteraba que sentarse a dialogar con el hoy partido pol\u00edtico FARC ten\u00eda repercusiones pol\u00edticas y costos muy altos. Por lo que, reiteraba,  \r\n\r\nAl final de su mandato, Santos mejor\u00f3 su popularidad llegando a un favoritismo del 45% y un desfavorable del 49% en la Gallup Poll de agosto, donde de hecho por primera vez desde que fue elegido super\u00f3 en popularidad a su antecesor el expresidente \u00c1lvaro Uribe. \r\n\r\n \r\n\r\nIncluso, en sus discursos, siempre se le escuch\u00f3 rememorar los inicios del proceso de paz en La Habana cuando hablaba con asesores internacionales, y afirmaba que ellos le hab\u00edan advertido sobre las fuertes cr\u00edticas que iban a caer desde los sectores opositores a su gobierno. En ese sentido \r\n\u2014 Camilo Enciso (@camiloencisov)  \r\n \r\n\r\nEsta es una de las pocas apariciones que hace el exmandatario pues, cumpliendo con su promesa de no molestar a su sucesor, ha preferido mantenerse al margen de las decisiones que ha tomado el actual presidente Iv\u00e1n Duque, principalmente, con el legado que le dej\u00f3 frente a la implementaci\u00f3n de lo pactado en Cuba.   con la que, seg\u00fan dice, dej\u00f3 Santos dicho proceso. \r\n", "link": "https://www.elespectador.com/politica/juan-manuel-santos-se-estrena-como-profesor-article-817623/", "actores": [], "puntos": ["punto1", "punto3", "punto4", "punto5"], "medio": "elespectador"}