{"titulo": "la-estrategia-nazi-y-el-no-en-el-plebiscito", "fecha": "24/1/2017", "aux": "", "contenido": "Una de las tutelas contra el No en el plebiscito del 2 de octubre plantea una tesis inesperada y pol\u00e9mica: compara la estrategia que utiliz\u00f3 el uribismo con los 11 principios de la propaganda nazi de Joseph Goebbels, cuya supuesta similitud demuestra c\u00f3mo  se ejerci\u00f3 violencia psicol\u00f3gica sobre el electorado.Bien es sabido que el triunfo del No en el  , con el que se buscaba refrendar el acuerdo final de paz firmado con las Farc, gener\u00f3 una serie de acciones jur\u00eddicas, incluyendo demandas de tutela,\u00a0 por parte de muchos ciudadanos que consideraron vulnerado el derecho a vivir en paz. M\u00e1s a\u00fan despu\u00e9s de que el entonces   admitiera en una entrevista que todo estuvo fundamentado en una serie de mentiras, con lo cual lograron \u201cque la gente saliera a votar verraca\u201d. Precisamente, una de esas tutelas contra la estrategia del No, aceptada para su estudio por el  , plantea una tesis pol\u00e9mica que, seg\u00fan el demandante,   desde hace rato ronda la manera de hacer pol\u00edtica del uribismo: la utilizaci\u00f3n de los postulados de   En concreto, lo que le pide al Tribunal es \u201ccomparar los 11 principios de la propaganda nazi con las mentiras que transmitieron los promotores del No al plebiscito, para que verifiquen su similitud y comprueben c\u00f3mo . \u00bfDe qu\u00e9 se tratan esos 11 principios? El primero habla de la simplificaci\u00f3n y del enemigo \u00fanico, y consiste en adoptar una \u00fanica idea y un \u00fanico s\u00edmbolo, adem\u00e1s de individualizar al adversario en un \u00fanico enemigo. El segundo es el m\u00e9todo de contagio y apunta a reunir diversos adversarios en una sola categor\u00eda o individuo. El tercero es el principio de la transposici\u00f3n, cuyo objetivo es cargar sobre el adversario los propios errores o defectos, respondiendo el ataque con el ataque.   es la tesis. El cuarto principio tiene que ver con la exageraci\u00f3n y desfiguraci\u00f3n, es decir, convertir cualquier an\u00e9cdota, por peque\u00f1a que sea, en amenaza grave. El quinto es el de la vulgarizaci\u00f3n:  a. Cuanto m\u00e1s grande sea la masa a convencer, m\u00e1s peque\u00f1o ha de ser el esfuerzo mental a realizar. La capacidad receptiva de las masas es limitada y su comprensi\u00f3n escasa; adem\u00e1s, tienen gran facilidad para olvidar\u201d, dec\u00eda Goebbels. El sexto es el de orquestaci\u00f3n: \u201cLa propaganda debe limitarse a un n\u00famero peque\u00f1o de ideas y repetirlas incansablemente, presentadas una y otra vez desde diferentes perspectivas pero siempre convergiendo sobre el mismo concepto. Sin fisuras ni dudas\u201d. De aqu\u00ed viene tambi\u00e9n la famosa frase:  . El s\u00e9ptimo principio es el de la\u00a0 de renovaci\u00f3n y plantea que hay que emitir constantemente informaciones y argumentos nuevos a un ritmo tal que cuando el adversario responda, el p\u00fablico est\u00e9 ya interesado en otra cosa. \u201cLas respuestas del adversario nunca han de poder contrarrestar el nivel creciente de acusaciones\u201d. El octavo es el de la verosimilitud y tiene que ver con construir argumentos a partir de fuentes diversas, a trav\u00e9s de los llamados globos sondas o de informaciones fragmentarias. El noveno es el de la silenciaci\u00f3n, es decir, acallar sobre las cuestiones sobre las que no se tienen argumentos y disimular las noticias que favorecen el adversario, tambi\u00e9n contraprogramando con la ayuda de medios de comunicaci\u00f3n afines. El d\u00e9cimo principio es el de la transfusi\u00f3n y estipula que, por regla general, la propaganda opera siempre a partir de un sustrato preexistente, ya sea una mitolog\u00eda nacional o un complejo de odios y prejuicios tradicionales. Y por \u00faltimo, est\u00e1 el principio de la unanimidad:  . Seg\u00fan el abogado Maya, quien instaur\u00f3 la tutela, l , lo cual determina una causal de anulaci\u00f3n electoral\u201d frente al resultado del plebiscito. Por eso,   y le ordene al Congreso legislar de forma inmediata, concreta y taxativa sobre este tema, con el fin de evitar que la conducta de las mentiras \u201cse incruste en los pr\u00f3ximos cert\u00e1menes electorales\u201d. Una tesis que da para arduo debate, al fin y al cabo, hay quienes creen que  . El meollo del asunto, seg\u00fan los analistas, es poner un l\u00edmite. Y es al fil\u00f3sofo franc\u00e9s Fran\u00e7ois Marie Arouet, mejor conocido como Voltaire, a quien se le atribuye el aforismo de que  . Y en su obra \u201cEl arte de la mentira pol\u00edtica\u201d, el escritor irland\u00e9s Jonathan Swift acot\u00f3: \u201cLa mentira pol\u00edtica no se improvisa. Se calcula, se cultiva, se destila y se sopesa. Tiene sus reglas. Es un arte sabio, \u00fatil y bello\u201d. La discusi\u00f3n puede dar para todo tipo de debates. Lo cierto es que en su momento, Juan Carlos V\u00e9lez fue calificado por varios movimientos que impulsaron el S\u00ed en el plebiscito como el  , t\u00e9rmino que tambi\u00e9n se utiliz\u00f3 en el pasado con respecto al hoy senador del\u00a0Centro Democr\u00e1tico , cuando oficiaba como asesor del gobierno de \u00c1lvaro Uribe y fue quien le prepar\u00f3 toda la \u201cartiller\u00eda\u201d con la que enfrent\u00f3 la batalla por la reelecci\u00f3n en 2006. Hoy el debate en torno al plebiscito est\u00e1 en un segundo plano y la implementaci\u00f3n del acuerdo de paz con las Farc ya avanza en el Legislativo, despu\u00e9s de que el Gobierno decidiera hacer algunos replanteamientos a ra\u00edz del triunfo del No en las urnas y lo refrendara en ese mismo escenario, pasos que, por cierto, no convencieron a la oposici\u00f3n uribista. Aun as\u00ed, en la  , el   y varios tribunales administrativos muchas demandas siguen vivas y todo indica que tarde que temprano el debate revivir\u00e1 con igual o mayor intensidad.", "link": "https://www.elespectador.com/politica/la-estrategia-nazi-y-el-no-en-el-plebiscito-article-676393/", "actores": [], "puntos": ["punto1", "punto2", "punto3", "punto4", "punto5"], "medio": "elespectador"}