{"titulo": "la-importancia-que-de-cero-a-siempre-pase-a-ser-politica-de-estado", "fecha": "25/5/2016", "aux": "", "contenido": "Un proyecto, que concluy\u00f3 su aprobaci\u00f3n en el Congreso, asegura por v\u00eda de ley los recursos para la atenci\u00f3n a la primera infancia.Este martes la plenaria del Senado aprob\u00f3 en \u00faltimo debate un  . En concreto, el proyecto est\u00e1 encaminado a  \u2019. De acuerdo a la iniciativa se establecer\u00e1n sus fases, l\u00edneas de acci\u00f3n y gesti\u00f3n integral. Adem\u00e1s se determinar\u00e1n las competencias de los entes involucrados y se se\u00f1alar\u00e1n los lineamientos acerca de la implementaci\u00f3n, seguimiento y evaluaci\u00f3n de esta estrategia. El autor de la iniciativa, el representante Eduardo Jos\u00e9 Tous De La Ossa, dijo que la  . \u201cEl compromiso adquirido por Colombia al adherir a la Convenci\u00f3n de los Derechos de la Ni\u00f1ez es avanzar progresivamente hacia la garant\u00eda de sus derechos fundamentales, y eso es lo que este proyecto de ley representa. Dimos un paso hacia la posibilidad de avanzar de la enunciaci\u00f3n de los derechos a su realizaci\u00f3n. Pasaremos de tener un marco normativo, a ponerlo en acci\u00f3n a trav\u00e9s de la atenci\u00f3n integral a los ni\u00f1os y ni\u00f1as en primera infancia\u201d, explic\u00f3. A trav\u00e9s de esta ley  , con entidades articuladas y con competencias definidas para la intersectorialidad. Al respecto, la senadora Claudia L\u00f3pez logr\u00f3 la inclusi\u00f3n en \u00faltimo debate de un art\u00edculo que asegura la financiaci\u00f3n anual del programa de atenci\u00f3n infantil. \u201cSe sac\u00f3 adelante un punto que establece que en ning\u00fan caso podr\u00e1 un gobierno disminuir el presupuesto destinado para la primera infancia. Pese a estar en una crisis econ\u00f3mica deber\u00e1 por lo menos destinar lo mismo del a\u00f1o inmediatamente anterior\u201d, explic\u00f3. As\u00ed las cosas,  \u2019. \u00a0", "link": "https://www.elespectador.com/politica/la-importancia-que-de-cero-a-siempre-pase-a-ser-politica-de-estado-article-634203/", "actores": [], "puntos": ["punto2", "punto3", "punto5"], "medio": "elespectador"}