{"titulo": "la-justicia-se-hace-grande-cuando-llega-a-la-verdad-en-providencias-y-no-en-microfonos-duque-a-la-jep", "fecha": "24/2/2021", "aux": "", "contenido": "El primer mandatario volvi\u00f3 a tener palabras en contra del tribunal de justicia transicional y nuevamente insisti\u00f3 en que condenados por cr\u00edmenes de lesa humanidad no tengan representaci\u00f3n pol\u00edtica.Durante la semana pasada, la Jurisdicci\u00f3n Especial para la Paz revel\u00f3 que los casos de ejecuciones extrajudiciales llevadas a cabo por militares, fen\u00f3meno mal llamado falsos positivos, habr\u00edan superado las 6.000 v\u00edctimas durante el mandato del presidente \u00c1lvaro Uribe. La respuesta desde el uribismo fue rechazar lo dicho por el tribunal transicional y sembrar dudas sobre la metodolog\u00eda para llegar a la cifra de v\u00edctimas. El presidente Iv\u00e1n Duque hab\u00eda guardado silencio sobre el pronunciamiento de la JEP sobre los falsos positivos. Sin embargo, este mi\u00e9rcoles, el primer mandatario se manifest\u00f3 sobre el asunto y nuevamente volvi\u00f3 a lanzar dardos en contra del tribunal de justicia transicional. En esta ocasi\u00f3n, expres\u00f3 que esperaba que se llegara la claridad en los casos a trav\u00e9s de providencias y que las pesquisas no se revelaran a trav\u00e9s de los medios de comunicaci\u00f3n. \u201cLa forma m\u00e1s importante en la que esperamos que se pronuncie la justicia sea con la claridad y la efectividad de sus providencias. La justicia siempre se hace grande cuando llega a la verdad objetiva e incontrovertible de sus sentencias en las providencias y no en los micr\u00f3fonos\u201d, fueron algunas de las palabras del presidente hacia la JEP. En esa misma l\u00ednea, Duque coment\u00f3 que el pa\u00eds quer\u00eda \u201cque la verdad est\u00e9 soportada en un material probatorio incontrovertible\u201d. Sobre este punto, tambi\u00e9n dijo: \u201cQueremos que todo el manejo de informaci\u00f3n y los casos tengan todo el soporte probatorio y el esclarecimiento debido seg\u00fan los principios del derecho penal en nuestro pa\u00eds. Que no haya espacio para la especulaci\u00f3n\u201d. Vale decir que, durante la semana pasada, el uribismo declar\u00f3 que la informaci\u00f3n dada por el tribunal transicional sobre los falsos positivos no era confiable dado que se hab\u00eda alimentado de informes suministrados por organizaciones \u201codiadoras del gobierno de \u00c1lvaro Uribe\u201d. Por otro lado, el presidente colombiano insisti\u00f3 en que la reparaci\u00f3n debe hacerse efectiva con los bienes de los m\u00e1ximos responsables. \u201cSe han dado lo tiempos y obviamente si hay incumplimientos, como en efecto hay, esperamos que las autoridades act\u00faen en conformidad para que las v\u00edctimas no sean revictimizadas por la inacci\u00f3n y la falta de reparaci\u00f3n con respecto a la totalidad de los bienes\u201d, agreg\u00f3 Duque frente al tema de la reparaci\u00f3n. Asimismo, el presidente pidi\u00f3 sanciones efectivas frente a \u201ctemas como el reclutamiento de menores, secuestro, asesinato. Esperamos tambi\u00e9n que delitos atroces relacionados con la esclavizaci\u00f3n sexual de muchas mujeres, como lo ha denunciado Rosa Blanca, por parte de los m\u00e1ximos responsables, tambi\u00e9n tenga una sanci\u00f3n efectiva\u201d. El primer mandatario coment\u00f3 que el pa\u00eds y el mundo entero est\u00e1 esperando que haya resultados y sanciones eficaces. En este punto, volvi\u00f3 a insistir en el punto de que los responsables de delitos de lesa humanidad no tengan cargos de representaci\u00f3n pol\u00edtica. \u201cCuando una v\u00edctima ve a sus victimarios ostentar poder en esos cargos despu\u00e9s de ser sancionado lo que existe es una revictimizaci\u00f3n\u201d, a\u00f1adi\u00f3. Es preciso se\u00f1alar que, seg\u00fan los acuerdos de la Habana, si los responsables de delitos de lesa humanidad confiesan y colaboran a totalidad, no se puede restringir sus derechos pol\u00edticos. Por \u00faltimo, el presidente Iv\u00e1n Duque asegur\u00f3 que su administraci\u00f3n \u201cno hace pol\u00edtica con la paz, sino que tiene una pol\u00edtica de paz con legalidad\u201d. Luego, concluy\u00f3: \u201cLa paz no es un premio y no tiene due\u00f1os, sino que le pertenece a toda la naci\u00f3n\u201d. La intervenci\u00f3n del primer mandatario se dio durante el Seminario Paz con Legalidad, en ella expuso los avances en la implementaci\u00f3n duran su gobierno.", "link": "https://www.elespectador.com/politica/la-justicia-se-hace-grande-cuando-llega-a-la-verdad-en-providencias-y-no-en-microfonos-duque-a-la-jep-article/", "actores": [], "puntos": ["punto1", "punto3", "punto4", "punto5"], "medio": "elespectador"}