{"titulo": "la-reunion-secreta-entre-el-presidente-ivan-duque-y-timochenko", "fecha": "13/3/2021", "aux": "Puede ver:  pic.twitter.com/mBcY6M5G9O", "contenido": "El primer mandatario tuvo un encuentro con la cabeza del partido Comunes gracias al trabajo de la misi\u00f3n de verificaci\u00f3n de la ONU.Tres veces se han reunido el presidente Iv\u00e1n Duque y el l\u00edder del partido Comunes, Rodrigo Londo\u00f1o, conocido en la guerra como Timochenko, desde que el primer mandatario asumi\u00f3 la presidencia. El \u00faltimo encuentro entre estos ocurri\u00f3 este mi\u00e9rcoles, gracias a la coordinaci\u00f3n de Carlos Ruiz Massieu, jefe de la delegaci\u00f3n de verificaci\u00f3n de la ONU. En el encuentro no solo estuvo el l\u00edder exguerrillero y el presidente, sino que por el lado de Comunes estuvo Pastor Alape por el Gobierno hicieron acto de presencia el alto comisionado para la Paz, Miguel Ceballos; el consejero para la estabilizaci\u00f3n, Emilio Archila; y Mar\u00eda Paula Correa, jefa de gabinete. El tema, como no pod\u00eda ser otro, fue la implementaci\u00f3n de los acuerdos de paz firmados entre la extinta guerrilla de las Farc y el Estado colombiano. De acuerdo a informaci\u00f3n conocida este viernes, el di\u00e1logo entre las partes estuvo marcado por la fraternidad y la conciliaci\u00f3n. Tanto as\u00ed que se habr\u00eda establecido una hoja de ruta para avanzar en temas de implementaci\u00f3n en lo que queda del gobierno de Iv\u00e1n Duque y frente a la pr\u00f3xima administraci\u00f3n. Asimismo, ambas partes habr\u00edan acordado trabajar en los pendientes de la implementaci\u00f3n para llegar a buen puerto de manera conjunta. Precisamente el primer mandatario habr\u00eda insistido durante el encuentro que el cumplimiento de los acuerdos era un asunto de doble v\u00eda. En este mismo encuentro, seg\u00fan informaci\u00f3n de prensa, se habr\u00eda acordado extender los pagos a los exguerrilleros. Frente a la reuni\u00f3n, el l\u00edder de partido Comunes se pronunci\u00f3 este viernes, cuando dijo que se dio \u201cun encuentro que fue cordial, respetuoso y muy humano\u201d. Asimismo, coment\u00f3 que le habr\u00edan comentado al presidente \u00b7las preocupaciones de los firmantes del acuerdo de paz\u00b7. Seg\u00fan el parte dado por Londo\u00f1o, \u201cse proyectaron acciones para cumplir con lo acordado\u00b7 en la Habana. Por \u00faltimo, durante el balance del encuentro, el tambi\u00e9n conocido como Timochenko hizo un llamado a la comunidad internacional y a los colombianos para seguir apoyando el acuerdo. El encuentro de este mi\u00e9rcoles est\u00e1 enmarcado en la solicitud que ven\u00eda haciendo Rodrigo Londo\u00f1o para que se diera una reuni\u00f3n con el actual presidente Iv\u00e1n Duque y el expresidente Juan Manuel Santos, administraci\u00f3n con la que las Farc firm\u00f3 los acuerdos de paz. La reuni\u00f3n solicitada se dio, pero no cont\u00f3 con la asistencia del mandatario entre 2010-2018. En febrero se conoci\u00f3 un cruce de cartas entre Timochenko y Santos. El l\u00edder de Comunes hab\u00eda pedido la reuni\u00f3n con Duque y el exmandatario, mientras que este \u00faltimo contest\u00f3 que ser\u00eda bueno un encuentro de dicho tipo, pero ser\u00eda dif\u00edcil. \u201cSer\u00eda lo ideal, pero no me hago ilusiones. Espero estar equivocado\u201d, se lee en una carta que envi\u00f3 Santos al exl\u00edder guerrillero. Nos reunimos con el presidente Duque y en nombre de los firmantes del Acuerdo de Paz acordamos acciones para avanzar en la implementaci\u00f3n integral de lo pactado en La Habana entre el Estado colombiano y las FARC-EP  En esta misiva, el exmandatario hizo un recuento de las veces que se ha ofrecido para trabajar con la actual administraci\u00f3n, sin tener mayores respuestas. \u201cEn el empalme me puse a su disposici\u00f3n. M\u00e1s tarde, ofrec\u00ed mi modesto concurso para enfrentar la cat\u00e1strofe de la pandemia, hice ofertas concretas para ayudar a Providencia y por varias v\u00edas y en varios momentos propuse al presidente que uniera a los colombianos alrededor de la implementaci\u00f3n de la paz, con lo que por dem\u00e1s est\u00e1 obligado legal y moralmente, y que yo ser\u00eda el primero en poner mi granito de arena, si se quiere. Nunca hubo el m\u00e1s m\u00ednimo eco\u201d, le narr\u00f3 a \u201cTimo\u201d.", "link": "https://www.elespectador.com/politica/la-reunion-secreta-entre-el-presidente-ivan-duque-y-timochenko-article/", "actores": [], "puntos": ["punto1", "punto3", "punto5"], "medio": "elespectador"}