{"titulo": "las-10-curules-para-la-farc-en-el-congreso-estan-garantizadas-santos", "fecha": "6/5/2018", "aux": "", "contenido": "Aunque no hizo alusi\u00f3n directa a la amenaza de Iv\u00e1n M\u00e1rquez de no posesionarse el 20 de julio, el jefe de Estado dijo que espera que los 10 miembros de la exguerrilla a quienes le corresponde ese lugar lleguen al Congreso y escuchen su \u00faltimo discurso como mandatario.\r\nComo van las cosas,   a partir del pr\u00f3ximo 20 de julio. El proceso judicial por el que atraviesa \u2018Jes\u00fas Santrich\u2019, quien estaba llamado a ocupar una silla en la C\u00e1mara de Representantes, lo dej\u00f3 sin d\u00f3nde aterrizar en el panorama pol\u00edtico por cuenta de su presunta intenci\u00f3n de mantener el negocio ilegal del narcotr\u00e1fico, a pesar de haberse acogido al Acuerdo de Paz de La Habana. \r\n\r\n \r\n\r\nI tampoco llegar\u00e1 al Congreso \u2013en su caso, al Senado-, aunque por motivos distintos. A \u00e9l, de momento, no se le adelanta en Colombia ning\u00fan proceso que lo vincule a los cuestionamientos que giran alrededor de \u2018Santrich\u2019 pero, eso s\u00ed, advirti\u00f3 que si su compa\u00f1ero no recobra la libertad y, eventualmente, resulta extraditado, no asumir\u00e1 su rol como legislador. \u201cC\u00f3mo hago yo para ir el 20 de julio a ejercer como senador y que me me vayan a decir que soy un narcotraficante. Yo no estoy para esas cosas.. Prefiero dejar esa joda all\u00e1\u201d, dijo hace algunas semanas. \r\n\r\nTodo eso ha evidenciado la verdadera situaci\u00f3n por la que atraviesa la implementaci\u00f3n del Acuerdo de Paz, no exenta de esc\u00e1ndalos de corrupci\u00f3n para mencionar apenas uno de los tantos traspi\u00e9s con los que se ha visto enfrentado el llevar a cabo lo pactado en Cuba. Por eso,   este s\u00e1bado, desde Turbaco (Bol\u00edvar) en donde entreg\u00f3 un breve balance sobre c\u00f3mo avanza la materializaci\u00f3n de la paz.   que se les asignaron, producto de los acuerdos. \r\n\r\n \r\n\r\n  est\u00e1n listas y que el 20 de julio estar\u00e1n sentados all\u00e1 en el recinto del Congreso escuchando por \u00faltima vez la intervenci\u00f3n de este servidor en el Congreso de la Rep\u00fablica\u201d, dijo el presidente Santos, sin referirse de manera directa a los dos episodios arriba mencionados. Asegur\u00f3, no obstante, que aunque vendr\u00e1n m\u00e1s dificultades en la implementaci\u00f3n \u201cno nos va a quedar grande la paz\u201d. \r\n\r\nLa intervenci\u00f3n del primer mandatario se dio durante la reuni\u00f3n de la Comisi\u00f3n de Seguimiento, Impulso y Verificaci\u00f3n a la Implementaci\u00f3n del Acuerdo Final (CSIVI), en donde participaron los expresidentes del gobierno espa\u00f1ol, Felipe Gonz\u00e1lez, y de Uruguay, Jos\u00e9 \u2018Pepe\u2019 Mujica. \u201cNadie dijo que esta paz o que la reconciliaci\u00f3n iban a ser f\u00e1ciles. Sab\u00edamos que \u00edbamos a tener detractores, muchos obst\u00e1culos. Y vendr\u00e1n m\u00e1s desaf\u00edos. Pero juntos todos los colombianos vamos a superarlas\u201d, concluy\u00f3. \r\n", "link": "https://www.elespectador.com/politica/las-10-curules-para-la-farc-en-el-congreso-estan-garantizadas-santos-article-754174/", "actores": [], "puntos": ["punto4", "punto5"], "medio": "elespectador"}