{"titulo": "las-advertencias-y-llamados-de-karina-garcia-previo-a-su-crimen", "fecha": "2/9/2019", "aux": "#NoQuremosVivirEnGuerra @IvanDuque @PartidoLiberal pic.twitter.com/K0oAJpijfw", "contenido": "La candidata a la Alcald\u00eda de Su\u00e1rez, en Cauca, quien fue asesinada en las \u00faltimas horas, hab\u00eda emitido un video en el que ped\u00eda no hacer comentarios irresponsables sobre su candidatura. Tambi\u00e9n reclamaba garant\u00edas por parte de las autoridades.\u00a0\u00a0\r\n\r\nApenas horas despu\u00e9s del crimen de\u00a0 , candidata a la Alcald\u00eda del   (Cauca), por el Partido Liberal, se conoci\u00f3 un video grabado por la aspirante en el que  , emite alertas por su situaci\u00f3n e incluso, pide ayuda de las autoridades para evitar \u201chechos que lamentar\u201d.\u00a0 \r\n\r\n \r\n\r\n En las im\u00e1genes, grabadas hace cerca de 15 d\u00edas, Garc\u00eda sostiene que\u00a0otros candidatos y sus seguidores\u00a0han emitido\u00a0una serie de   que estar\u00edan\u00a0teniendo \r\n\r\n \u201cLes pido a los seguidores y\u00a0a los\u00a0dem\u00e1s candidatos que acerca de\u00a0mi candidatura\u00a0frente a estos grupos armados. Son comentarios falsos, como que  \u00a0que voy a traer\u00a0las  o\u00a0que le voy a quitar las tierras a la gente.\u00a0\u00a1Por Dios, no sean irresponsables!,  alert\u00f3.\u00a0 \r\n\r\n La candidata \u2013cuyo veh\u00edculo fue interceptado y posteriormente, incinerado por desconocidos cuando se desplazaba junto a varios acompa\u00f1antes, tambi\u00e9n asesinados\u2013\u00a0da cuenta del   y advierte de una suerte de  \r\n\r\n \u201cMientras un grupo de mi candidatura se dirig\u00eda al corregimiento de Betulia,  quienes dijeron que ten\u00edan orden directa de no permitir que mi publicidad fuera puesta (\u2026)\u00a0Es muy triste que se haga esto con la candidatura de la\u00a0primera mujer\u00a0que decide levantar la mano y  , indic\u00f3.\u00a0 \r\n\r\n \r\n\r\n En el video, Garc\u00eda le pide a la Alcald\u00eda municipal que  : \u201cLe pregunto al alcalde,\u00a0la\u00a0principal autoridad municipal,\u00a0que,\u00a0si fuera otro candidato\u00a0al que le estuviera pasando esto o\u00a0si fuera el candidato\u00a0de la administraci\u00f3n, \u00a0Pido que tengamos garant\u00edas, igualdad de condiciones y esperemos que no haya casos que lamentar\u201d, asegura.\u00a0  / Ella era Karina Garc\u00eda Sierra, nuestra candidata la alcald\u00eda de Suarez, Cauca. Miserables nos la masacraron junto a su mam\u00e1 y sus escoltas. Presidente   y las garant\u00edas al derecho a la vida ?    \r\n\r\n Ante lo ocurrido, el  manifest\u00f3 que,\u00a0siguiendo\u00a0las instrucciones del presidente Iv\u00e1n Duque, estar\u00e1 junto a la c\u00fapula militar en Cauca, \u201cliderando las acciones contra terroristas. Los   No hay sitio vedado para la Fuerza P\u00fablica\u201d.\u00a0 \r\n\r\n El representante a la C\u00e1mara por el Partido de la U,\u00a0Jhon\u00a0Jairo C\u00e1rdenas, se\u00f1al\u00f3 que la campa\u00f1a de Garc\u00eda hab\u00eda sido v\u00edctima de varias  . \"Ella hab\u00eda recibido amenazas y hab\u00eda sido objeto de una campa\u00f1a agresiva en la zona donde fue asesinada, que su publicidad ven\u00eda siendo rota y eliminada\", dijo, precisando que el s\u00e1bado pasado fueron asesinadas tres personas m\u00e1s que la apoyaban.\u00a0 \r\n\r\n El hecho sucedi\u00f3 en la noche del domingo. El gobernador del Cauca, \u00d3scar Campo, se\u00f1al\u00f3 al diario El Pa\u00eds de Cali que entre las v\u00edctimas  , as\u00ed como una candidata al Concejo de Su\u00e1rez. En la zona, seg\u00fan el mandatario regional, hace presencia una   denominada \"Jaime Mart\u00ednez\".\u00a0\u00a0 \r\n\r\n Mu\u00f1oz Solarte, el defensor regional del\u00a0Pueblo,\u00a0explic\u00f3 que apenas hace una semana se hab\u00eda expuesto la grave situaci\u00f3n de la candidata Garc\u00eda en un  y que la mujer contaba ya con un esquema de seguridad de la Unidad Nacional de Protecci\u00f3n. La entidad tambi\u00e9n hab\u00eda lanzado en agosto pasado una a la Alcald\u00eda de Su\u00e1rez.\u00a0\u00a0 \r\n\r\n Dicha alerta, de 28 p\u00e1ginas, document\u00f3, por ejemplo, que hasta el 2 de julio pasado se registraron un total de  , 14 a las \u00c1guilas Negras, uno a las Autodefensas\u00a0Gaitanistas, y el resto, sin identificar, seg\u00fan datos de la Polic\u00eda del Cauca.\u00a0\u00a0 \r\n\r\n \"El contenido de los panfletos refleja la intenci\u00f3n de  ind\u00edgenas y afrodescendientes, as\u00ed como l\u00edderes que apoyaron el Acuerdo de paz, que hoy exigen la implementaci\u00f3n del mismo\", dice el documento.\u00a0 \r\n\r\n Ante lo sucedido, Mediante una declaraci\u00f3n p\u00fablica, los cuatro\u00a0aspirantes expresaron su rechazo a los 13 asesinatos que se han vivido en los \u00faltimos 13 d\u00edas, en los municipios de Corinto, Tambo y Su\u00e1rez, en especial el de la candidata Garc\u00eda. \"Ofrecemos nuestra voz de solidaridad y condolencias a los familiares de las v\u00edctimas de la continuaci\u00f3n del conflicto armado y la violencia en Colombia. Asimismo, afirmaron los candidatos a esa administraci\u00f3n.\u00a0 \r\n\r\n  \"instamos a las organizaciones internacionales y de defensa de los derechos humanos a realizar un monitoreo permanente que permita una verdadera consolidaci\u00f3n de la paz\", dice su comunicado.\u00a0 \r\n", "link": "https://www.elespectador.com/politica/las-advertencias-y-llamados-dekarina-garcia-previo-a-su-crimen-article-879059/", "actores": [], "puntos": ["punto1", "punto3", "punto4", "punto5"], "medio": "elespectador"}