{"titulo": "le-piden-a-la-corte-constitucional-mantener-en-los-jueces-la-titulacion-de-tierras-en-el-pais", "fecha": "11/3/2021", "aux": "", "contenido": "El alto tribunal debe decidir sobre una tutela que busca que esa funci\u00f3n de titulaci\u00f3n de predios quede en la Agencia Nacional de Tierras (ANT).La Sala Plena de la Corte Constitucional deber\u00e1 definir este jueves una tutela interpuesta por la Agencia Nacional de Tierras (ANT), en la que pide tener la potestad de la titulaci\u00f3n de predios en el pa\u00eds, funci\u00f3n que hoy recae en los jueces de la Rep\u00fablica. Una decisi\u00f3n trascendental y que ha generado ardua pol\u00e9mica, hasta el punto de que el abogado Jos\u00e9 Alfredo Bernal Rivera radic\u00f3 una s\u00faplica ante la Secretaria General del alto tribunal, solicitando tener en cuenta que, desde hace m\u00e1s de 70 a\u00f1os, son los jueces los que han conocido de esa situaci\u00f3n, funciones que se deben mantener. De acuerdo con las cifras que revel\u00f3 la misma Corte Constitucional en audiencia p\u00fablica, son alrededor de 37.000 solicitudes de clarificaci\u00f3n, recuperaci\u00f3n y titulaci\u00f3n de bienes bald\u00edos rurales los que tiene en este momento la ANT para resolver en todo el territorio nacional. Y en criterio del abogado, con un presupuesto de alrededor de $900.000 millones, se podr\u00eda demorar entre 35 y 45 a\u00f1os para resolver dicha titularidad, por lo que hoy m\u00e1s que nunca se hace necesaria la implementaci\u00f3n de una jurisdicci\u00f3n agraria. \u201cEl tema rural en Colombia es el m\u00e1s atrasado del mundo. La Corte Constitucional debe de tener en cuenta y reconocerlo en su sentencia, y buscar alternativas para tratar de solucionar este atraso en la legalizaci\u00f3n de miles de predios rurales que hoy tienen los campesinos y gentes humildes del pa\u00eds. Los terrenos que reclaman cientos de campesinos que dicen ser bald\u00edos, ya no lo son, porque muchos de ellos est\u00e1n cultivando sus tierras y sacando este pa\u00eds adelante. El campo no puede seguir siendo la cenicienta de Colombia\u201d, enfatiz\u00f3 Bernal Rivera. En este sentido, el abogado indic\u00f3 que no se puede desconocer que la Rama Judicial, pese a sus problemas y corrupci\u00f3n en algunos casos, ha jugado un papel clave a la hora de asignar, proferir y admitir sentencias en temas agrarios, por lo que se debe fortalecer esa labor antes que quit\u00e1rsela. \u201cLa Rama Judicial y los jueces pueden trabajar conjuntamente con la Agencia Nacional de Tierras en alternativas para conjurar el atraso en el tema de la entrega de predios, que ya est\u00e1n desde hace d\u00e9cadas en manos de campesinos\u201d. Bernal Rivera cree adem\u00e1s que el aparato del Estado debe de ir de la mano de los municipios y departamentos, y que a este se deben sumar los jueces, que se encuentran en el 95% del territorio nacional, en lugar de excluirlos. \u201cLa Ley 200 de 1936, con la que trabajan los jueces de la Rep\u00fablica desde hace m\u00e1s de 80 a\u00f1os, no se puede tirar por la borda, y se debe mantener con firmeza. La Corte Constitucional la debe proteger en su sentencia, porque es una herramienta necesaria en la aplicaci\u00f3n de cada uno de los fallos que se han proferido. Por la equidad y la justicia del pueblo colombiano, la Corte no puede borrar de un tajo las actuaciones de quienes en muchas oportunidades han sido los \u00fanicos que se han enfrentado a los terratenientes en muchas zonas del pa\u00eds\u201d, enfatiz\u00f3 el abogado. Bernal Rivera incluso hizo alusi\u00f3n a los textos del Acuerdo de Paz de La Habana, que hablan de equidad en la distribuci\u00f3n de la tierra, de entrega de subsidios, y de una verdadera reforma agraria, que es donde, en su concepto, se deben incluir a los jueces. \u201cNo podemos entregarles a unos funcionarios administrativos el manejo de las tierras del pa\u00eds, deben y tienen que ser los jueces de la Rep\u00fablica los que entren a hacer justicia en esos aspectos y que, dentro de esa gran reforma, sea el Estado colombiano en su conjunto -gobernadores, alcaldes, jueces, comunidades y cabildos- los que entren a definir la finalidad de todo este asunto\u201d, concluy\u00f3.", "link": "https://www.elespectador.com/politica/le-piden-a-la-corte-constitucional-mantener-en-los-jueces-la-titulacion-de-tierras-en-el-pais-article/", "actores": [], "puntos": ["punto1", "punto5"], "medio": "elespectador"}