{"titulo": "liberales-y-la-u-rumbo-a-la-independencia-del-gobierno-duque", "fecha": "21/8/2018", "aux": "", "contenido": "El senador Roy Barreras dijo que, dados los hechos recientes como la elecci\u00f3n de contralor general, se va marcando la pauta hacia esa decisi\u00f3n que ser\u00e1 anunciada en los pr\u00f3ximos d\u00edas. Entre tanto, la colectividad roja envi\u00f3 una carta a su director para que asuma la misma postura.A dos semanas de que se venza el plazo para que los partidos pol\u00edticos con representaci\u00f3n en el Congreso declaren oficialmente su postura en torno al Ejecutivo, la coalici\u00f3n propuesta por el gobierno de Iv\u00e1n Duque empieza a hacer aguas en los raudales de la pol\u00edtica. \u00a0A las fuerzas de oposici\u00f3n que tienen una cuarta parte del   y que tendr\u00eda las mayor\u00edas en el Legislativo. \r\n\r\nEste martes, el partido de la U lanz\u00f3 las primeras l\u00edneas de cara a la forma en la que ejercer\u00e1 sus funciones en el interior del Capitolio Nacional, y desde ya,   que, a trav\u00e9s de una carta, pidi\u00f3 a su director, el expresidente C\u00e9sar Gaviria, tomar distancia de la coalici\u00f3n del presidente Duque. \r\n\r\n \r\n\r\nEl senador Roy Barreras, de la U, hizo el anuncio anticipado este martes al explicar una lista de cinco puntos que, seg\u00fan dijo, son la ruta a seguir de cara a los pr\u00f3ximos cuatro a\u00f1os de ejercicio legislativo. \u00a0  con la desarmada guerrilla de las Farc y ello incluye retomar dicha causa para implementar lo pactado en Cuba. \r\n\r\n\u201cMucho se ha hablado de lo importante de hacer un pacto nacional sobre asuntos fundamentales y   camino en el que el partido estar\u00e1 transitando\u201d, se\u00f1al\u00f3 Barreras. \r\n\r\n \r\n\r\nEl congresista dijo que, de hecho, esta pronta decisi\u00f3n \u2013la cual ser\u00e1 ratificada por el jefe de la colectividad, Aurelio Iragorri-, se explica, entre otras cosas, por lo que consider\u00f3 triunfos del sector independiente. Por ejemplo: la elecci\u00f3n de Contralor General de la Rep\u00fablica. \u201c  Y no ser\u00e1n los \u00fanicos. Ayer ocurri\u00f3 un hecho pol\u00edtico en la elecci\u00f3n de contralor, hoy en la Comisi\u00f3n Primera de la C\u00e1mara\u201d, se\u00f1al\u00f3. \r\n\r\n  a delegados para el Consejo Superior de Pol\u00edtica Criminal. Un organismo que lidera el Ministerio de Justicia y que ser\u00e1 fundamental para el sector uribista por cuenta de los asuntos que all\u00ed se discuten, como la pol\u00edtica de lucha contra las drogas. No obstante, la derrota se dio porque los acuerdos que se ten\u00edan previstos para elegir a un miembro del Centro Democr\u00e1tico en coalici\u00f3n con el Partido Liberal no se cumplieron. \r\n\r\nAl final, fue la colectividad roja la que tom\u00f3 distancia y prefiri\u00f3 conformar una alianza con la U y Cambio Radical, sacando de tajo al que, se supon\u00eda iba a ser el representante del Centro Democr\u00e1tico en el organismo de pol\u00edtica criminal: Jos\u00e9 Jaime Usc\u00e1tegui.   en estos dos triunfos, seguramente declarar\u00e1n su independencia como escenario de comunicaci\u00f3n con el nuevo gobierno, desde la independencia, con propuestas concretas\u201d, agreg\u00f3 el senador Roy Barreras. \r\n\r\nPor su parte,  , en la que le pide considerar la posibilidad de declararse en independencia al gobierno Duque.   liberales y se\u00f1ala que, dado que el Estatuto de Oposici\u00f3n establece que los partidos deber\u00e1n declarar su relaci\u00f3n con el Ejecutivo en t\u00e9rminos de \u201cindependencia\u201d, \u201ccoalici\u00f3n\u201d u \u201coposici\u00f3n\u201d, la base liberal no se siente c\u00f3moda con el gobierno. \r\n\r\nLos senadores liberales sostuvieron ante su director que el gobierno ha presentado una serie de proyectos, algunos de los cuales consideran interesantes, otros oportunos, y otros m\u00e1s, como la reforma tributaria, como inconvenientes.   y para ellos es fundamental que muestren un norte ideol\u00f3gico. En nuestro caso debemos reivindicar las ideas liberales que otros asumieron como propias, independientemente de los resultados en el debate electoral de junio pasado\u201d, expresan los parlamentarios. \r\n\r\n . Los ciudadanos en general y los liberales en particular nos ver\u00e1n como una colectividad seria si notan que estudiamos cada una de las iniciativas que presente el Gobierno Duque, acompa\u00f1ando aquellas que sintamos se necesitan, mejorando en procesos de concertaci\u00f3n las que puedan mejorarse y oponi\u00e9ndonos a aquellas que vayan en contrav\u00eda de los que representamos. Declarar nuestra independencia es el primer paso para volver a conectarnos con el pa\u00eds\u201d, concluyen los parlamentarios del \u201ctrapo rojo\u201d. \r\n", "link": "https://www.elespectador.com/politica/liberales-y-la-u-rumbo-a-la-independencia-del-gobierno-duque-article-807457/", "actores": [], "puntos": ["punto1", "punto2", "punto3", "punto4", "punto5"], "medio": "elespectador"}