{"titulo": "lideres-sociales-un-problema-sin-sistematicidad-segun-el-gobierno", "fecha": "26/12/2019", "aux": "", "contenido": "El balance de cr\u00edmenes contra l\u00edderes sociales, seg\u00fan el consejero presidencial en Derechos Humanos, Francisco Barbosa, es de 84 homicidios entre el 1\u00b0 de enero de 2019 y el 17 de diciembre. Sin embargo, Indepaz controvierte la cifra del Ejecutivo y registra 234 asesinatos de defensores de derechos humanos.El consejero presidencial en Derechos Humanos y Relaciones Internacionales,  . Seg\u00fan su oficina, los cr\u00edmenes contra l\u00edderes sociales han sido menos que el a\u00f1o pasado y est\u00e1n asociados a fen\u00f3menos de criminalidad que responden a particularidades territoriales, por lo que, insiste, no existe sistematicidad ni relaci\u00f3n entre uno y otro homicidio. \r\n\r\n y quien fue postulado por el presidente Iv\u00e1n Duque para asumir la Fiscal\u00eda General de la Naci\u00f3n. Barbosa asegura que desde el primer d\u00eda de este a\u00f1o los homicidios de l\u00edderes han ocurrido en 58 de los 1.103 municipios del pa\u00eds. Adem\u00e1s, revel\u00f3 que en el periodo entre el 1\u00b0\u00a0de enero de 2019 y el 17 de diciembre fueron 84 los l\u00edderes asesinados, lo que, a su juicio, implica una reducci\u00f3n del 25 % con respecto al 2018. \r\n\r\n \r\n\r\n y recuerda que la categor\u00eda de l\u00edderes sociales empez\u00f3 a utilizarse a partir de 2016. Barbosa aprovech\u00f3 para destacar que, en el marco de la implementaci\u00f3n del Plan de Acci\u00f3n Oportuna (PAO), puesto en marcha desde noviembre de 2018 hasta hoy, la reducci\u00f3n de cr\u00edmenes fue del 23 %. \r\n\r\n , donde, adem\u00e1s, est\u00e1n luchando por el control de las rutas de narcotr\u00e1fico. Zonas con aumento de cultivos de coca y al mismo tiempo miner\u00eda ilegal\u201d, expres\u00f3 Barbosa. Tambi\u00e9n afirma que en estas regiones el gobierno de Duque est\u00e1 haciendo un esfuerzo por llevar la presencia estatal, como es el caso de los 170 municipios priorizados por el Acuerdo de Paz por ser las regiones donde el impacto del conflicto armado ha sido mayor. \r\n\r\nBarbosa hizo un llamado para que los gobernantes locales y departamentales que iniciar\u00e1n sus mandatos el 1\u00b0 de enero de 2019 asuman dentro de sus planes de gobierno medidas para proteger a los l\u00edderes sociales y denuncien los hechos cuando estos ocurran. A prop\u00f3sito de esto, el consejero presidencial\u00a0inform\u00f3 que  . \r\n\r\n \r\n\r\n\u201c400 mil millones se destinan exclusivamente a l\u00edderes sociales, sobre prevenci\u00f3n colectiva ya hay 38 resguardos, 31 consejos comunitarios\u00a0inscritos y 12 organizaciones sociales que gozan de protecci\u00f3n. Un componente colectivo muy importante\u201d, precis\u00f3 el funcionario. Asimismo\u00a0anunci\u00f3 que en enero el Gobierno lanzar\u00e1 un plan nacional de empresas y derechos humanos, con el fin de cumplir con los est\u00e1ndares internacionales en esta materia. \r\n\r\nRespecto al tema de la sistematicidad en los cr\u00edmenes, posici\u00f3n que tensiona las relaciones entre organizaciones dedicadas a la defensas de los derechos humanos y el Gobierno, Barbosa asegur\u00f3:  aqu\u00ed lo que existen son razones diversas que se producen contra nuestros l\u00edderes sociales, atadas a fen\u00f3menos de delincuencia. Esta idea de sistematicidad hay que rechazarla, lo que existe es una acci\u00f3n de la delincuencia, de los criminales, del narcotr\u00e1fico, de la gente que practica la miner\u00eda ilegal, de aquellos que est\u00e1n luchando por apoderase de las rutas del narcotr\u00e1fico en algunas de esas zonas donde se ha producido un aumento de los cultivos il\u00edcitos. M\u00e1s que sistematicidad lo que existe es una acci\u00f3n contra nuestros l\u00edderes por diversas causas. No podemos hablar de sistematicidad\u201d. \r\n\r\n \r\n\r\nDe igual manera, registr\u00f3 que se ha avanzado en esclarecimiento de este tipo de casos, y que, seg\u00fan  que hay en todos los cr\u00edmenes en diferentes casos. Lo que hay que hacer es un trabajo conjunto (...) Esas tazas, como lo ha planteado la Fiscal\u00eda, han variado entre el 50 y el 60 %. Hoy estamos en 53 %\u201d, a\u00f1adi\u00f3 \r\n\r\nFinalmente, el funcionario de Gobierno envi\u00f3 algunos mensajes al pa\u00eds: \u201cInstar a las autoridades judiciales a avanzar en esas investigaciones. A la ciudadan\u00eda, a las autoridades locales y departamentales, este tema de los l\u00edderes sociales nos compete a todos. Aqu\u00ed no puede ser posible que inmediatamente ocurre uno de estos hechos todo el mundo est\u00e1 buscando un solo responsable, cuando todo el mundo tiene que ponerse la mano en el coraz\u00f3n y salir de forma clara a clarificar lo que est\u00e1 ocurriendo.  \r\n\r\nEn respuesta, una de las organizaciones de derechos humanos y que lleva un detallado registro de homicidios de l\u00edderes sociales, sali\u00f3 a controvertir las cifras entregadas por Barbosa. Seg\u00fan ellos,  .\u00a0Indepaz sostuvo que, contrario a lo planteado por el funcionario p\u00fablico, desde que Iv\u00e1n Duque lleg\u00f3 a la Presidencia los homicidios contra l\u00edderes no han sido 121, como asegur a Barbosa,\u00a0sino 347, y que, desde la firma del Acuerdo de Paz, en 2018, ya van 745 l\u00edderes asesinados. \r\n", "link": "https://www.elespectador.com/politica/lideres-sociales-un-problema-sin-sistematicidad-segun-el-gobierno-article-897429/", "actores": [], "puntos": ["punto1", "punto3", "punto4"], "medio": "elespectador"}