{"titulo": "los-contratos-estatales-adjudicados-han-sido-por-concurso-du-brands", "fecha": "11/5/2020", "aux": "", "contenido": "As\u00ed como el Gobierno sali\u00f3 a explicar el contrato que adjudic\u00f3 a la empresa Du Brands para el manejo de la estrategia digital del presidente Duque, la empresa desminti\u00f3 que dichos acuerdos se dieran de forma directa, como algunas voces que lo sostienen. La semana pasada un contrato de $3.500 millones, proveniente del Fondo Paz, para reforzar la estrategia digital del presidente Iv\u00e1n Duque gener\u00f3 revuelo en la opini\u00f3n p\u00fablica por diferentes motivos, entre los principales la adjudicaci\u00f3n de recursos de paz para temas comunicacionales y la \u00e9poca que vivimos por el coronavirus que demanda austeridad en el gasto p\u00fablico. \r\n\r\n \r\n\r\nLa empresa contratada, Du Brands, sali\u00f3 a dar la cara en medio de esta situaci\u00f3n, cuando la se\u00f1alan de no haber participado de ning\u00fan proceso para la adjudicaci\u00f3n del acuerdo para manejar la estrategia digital del primer mandatario. Tambi\u00e9n se despert\u00f3 la suspicacia al encontrar que uno de los empleados de la organizaci\u00f3n es el hijo de Luigi Echeverry, una de las personas m\u00e1s cercanas a Duque. \r\n\r\n\u201cA partir de 2012, Du Brands S.A.S inici\u00f3 su participaci\u00f3n en diversas licitaciones p\u00fablicas, motivo por el cual ha adquirido la experiencia y solidez necesaria para obtener la adjudicaci\u00f3n de m\u00e1s de 40 contratos estatales. Esto sumado a la experiencia que ene l sector privado ha aquirido\u201d, se lee en el comunicado con el que detallan a\u00f1o de creaci\u00f3n de la organizaci\u00f3n y esquema de sociedad. \r\n\r\nAs\u00ed mismo, explicaron que en los \u00faltimos tres a\u00f1os ha participado en muchos procesos con el Estado, de los cuales no se le ha asignado el contrato en 150 ocasiones. \r\n\r\nSeguido a esto resalta que ninguno de los acuerdos llevados a cabo ha sido \u201cproducto de la contrataci\u00f3n directa, sino a trav\u00e9s de convocatorias e invitaciones p\u00fablicas que permitieron la participaci\u00f3n de m\u00faltiples oferentes\u201d. \r\n\r\n \r\n\r\nDu Brands, para despejar las dudas de su cercan\u00eda con el gobierno Duque, comparti\u00f3 tres contratos que firm\u00f3 con el de Juan Manuel Santos. El primero que se le adjudic\u00f3 en noviembre de 2017, junto a otras tres empresas, despu\u00e9s de dos meses de abierta la convocatoria p\u00fablica en la que, seg\u00fan afirman, participaron 17 proponentes. \r\n\r\nEl segundo, un acuerdo en el que se presentaron 18 empresas y se les adjudic\u00f3 en conjunto con otra organizaci\u00f3n en julio de 2018, despu\u00e9s de tres meses de abierta la convocatoria. \r\n\r\nY por \u00faltimo, la participaci\u00f3n a una selecci\u00f3n abreviada de menor cuant\u00eda, para la Unidad para la Atenci\u00f3n y Reparaci\u00f3n Integral a las V\u00edctimas, que comenz\u00f3 con 15 proponentes, reduci\u00e9ndose a diez por sorteo, a los que se les adjudic\u00f3 a cinco, entre ellos Du Brands, tambi\u00e9n en julio de 2018. \r\n\r\nPor su parte, la semana pasada el Gobierno dio explicaciones por la pol\u00e9mica de que se usaron recursos del Acuerdo de Paz. Sobre esto, el consejero presidencial para las Comunicaciones, Hassan Nassan, explic\u00f3 que aunque los dineros provinieron del \"Fondo Paz\", este no tiene nada que ver con la implementaci\u00f3n de los textos de La Habana.\u00a0 \r\n\r\n\u201cEl Fondo Colombia en Paz es un fondo que fue creado despu\u00e9s de la firma del Acuerdo de La Habana en 2017, ese es un fondo que tiene aproximadamente $1.1 billones. Ese fondo no se toca absolutamente para nada que no est\u00e9 relacionado con la implementaci\u00f3n del acuerdo\u201d, dijo a Blu Radio.\u00a0 \r\n\r\nY sobre el \"Fondo Paz\" explic\u00f3 que a trav\u00e9s de este el Ministerio de Hacienda hace transferencia de los recursos dispuestos en el Presupuesto General de la Naci\u00f3n (PGN) y que son para temas de funcionamiento, pese a que la Ley 368 de 1997 creo dicho fondo para\u00a0\"la financiaci\u00f3n de programas de paz encaminadas a fomentar la reincorporaci\u00f3n a la vida civil de grupos alzados en amas, que demuestren su voluntad de incorporarse a la vida civil mediante su desmovilizaci\u00f3n y la dejaci\u00f3n de armas\u201d.\u00a0 \r\n", "link": "https://www.elespectador.com/politica/los-contratos-estatales-adjudicados-han-sido-por-concurso-du-brands-article-918889/", "actores": [], "puntos": ["punto1", "punto2", "punto3", "punto5"], "medio": "elespectador"}