{"titulo": "los-mensajes-del-presidente-duque-al-paro-nacional", "fecha": "9/12/2019", "aux": "", "contenido": "Luego de una masiva jornada de protestas en Bogot\u00e1, Cali y Medell\u00edn, el jefe de Estado se refiri\u00f3 al paro nacional. Pidi\u00f3 insistir en el di\u00e1logo para superar la polarizaci\u00f3n, hizo un llamado a abandonar el odio de clases y defendi\u00f3 la actuaci\u00f3n del Esmad para enfrentar las marchas. Desde Cartagena, donde se desarrolla la \u201cNadie le pide a Colombia que cesen las diferencias pol\u00edticas, ni las divergencias ideol\u00f3gicas, pero lo que s\u00ed se le pide a Colombia es que, en medio de las diferencias, exista la posibilidad de construir\u201d, dijo el mandatario en su discurso que termin\u00f3 por convertirse en su primer pronunciamiento\u00a0tras la masiva jornada de protesta del domingo, en la que miles de colombianos colmaron las calles de Bogot\u00e1, Cali, Medell\u00edn y un centenar de municipios del pa\u00eds. \r\n\r\n \r\n\r\n . Escuchar las distintas expresiones del territorio, de los distintos grupos pero al mismo tiempo invitar a las construcci\u00f3n colectiva\u201d, sostuvo Duque, sin referirse expresamente al paro nacional que empez\u00f3 el pasado 21 de noviembre\u00a0y que se ha convertido en un cap\u00edtulo in\u00e9dito en la historia de las movilizaciones ciudadanas en el pa\u00eds. \r\n\r\n \r\n\r\nEso s\u00ed,  , como la cobertura de energ\u00eda el\u00e9ctrica, de educaci\u00f3n, de salud. Defendi\u00f3, a su vez, su gesti\u00f3n en materia de implementaci\u00f3n del Acuerdo de Paz, desde su premisa de la legalidad. \u201cMuchas de estas brechas se han profundizado porque hemos dejado que los problemas evolucionen en detrimento de las propias capacidades del Estado\u201d, puntualiz\u00f3. \r\n\r\n\u201cTodos los gobiernos tienen el deseo de acertar, pero hoy tenemos un llamado mucho m\u00e1s grande.  . Nunca dejar\u00e9 de ejercer ninguna funci\u00f3n, buscando que la educaci\u00f3n sea el m\u00e1s importante elemento para cerrar las brechas sociales. Nunca dejar\u00e9 de perseguir la paz con legalidad. Y nunca dejare de perseguir, como presidente de la Rep\u00fablica, que sea a partir de las grandes conversaciones como podamos entender que Colombia es mucho m\u00e1s que las diferencias de momento.  Cuando se hace un reclamo, bueno es escuchar a quienes tiene la visi\u00f3n contraria\u201d, a\u00f1adi\u00f3 haciendo referencia al problema pensional, uno de los que ha motivado el paro. \r\n\r\n \r\n\r\nA partir de ese momento,  Me pregunto por qu\u00e9 se busca originar debates de luchas de clase cuando este pa\u00eds ha superado esos debates hist\u00f3ricamente porque este es un pa\u00eds de emprendedores, de microempresarios (\u2026)  . La conversaci\u00f3n permite ser ant\u00eddoto de todos eso. Yo me pregunto porque hay algunos que quieren hacer llamados a la agresividad, cuando como sociedad somos mucho m\u00e1s fuertes cuando tenemos un prop\u00f3sito\u201d, se\u00f1al\u00f3 el mandatario. \r\n\r\nEl jefe de Estado pidi\u00f3 a los ciudadanos que valoren los avances del pa\u00eds en materia de educaci\u00f3n, salud o ambiente. \u201cColombia ha demostrado ante el mundo, primero, que se pueden hacer expresiones pacifica, pero tambi\u00e9n que hay una institucionalidad vigorosa y tambi\u00e9n que todos somos capaces de rechazar el vandalismo y el pillaje. Colombia le ha demostrado al mundo que se pueden abrir las puertas de la conversaci\u00f3n para que podamos trascender. (\u2026) Yo, en efecto,  , quien adem\u00e1s, pidi\u00f3 que el momento que se vive en Colombia sirva para superar \u201clos ismos\u201d que, seg\u00fan \u00e9l, le han hecho da\u00f1o al pa\u00eds. \r\n\r\n \r\n\r\n\u201cLa conversaci\u00f3n nacional no es de coyunturas, ni tampoco es para dilatar, es para que todos nos tengamos que situar la perspectiva de la proposici\u00f3n.  Eso es lo que yo busco. No hay un solo d\u00eda en que no me levante con la intenci\u00f3n de acertar en beneficio de los colombianos. (\u2026) Si por un momento nos desprendemos de odios, de rencillas, de prejuicios y de pretextos seremos m\u00e1s como pa\u00eds. Y la coyuntura nos puede llevar a pensar con mayor intensidad y agudeza, es cierto, pero lo que esta tiene que ser, es la oportunidad para que nos quitemos todos las prevenciones\u201d, agreg\u00f3. \r\n\r\nFinalmente, Duque hizo un par de comentarios directos sobre el paro. Primero, sostuvo que en la conversaci\u00f3n nacional no puede \u201chaber exclusiones ni exclusividades\u201d, y puntualiz\u00f3: \u00a0\u201cCreo que  . Que no estemos cobrando victorias individuales y seamos capaces, de una vez por todas, en nuestra historia de hablar de nosotros, y no de quien fue el art\u00edfice. Si desprendemos el pa\u00eds de las vanidades seremos mucho mejores\u201d, refiri\u00f3. \r\n\r\n \r\n\r\nPara terminar,  Dijo que estos escuadrones antidisturbios se crearon en m\u00e1s de 100 pa\u00edses para \"proteger la vida, honra y bienes de muchos ciudadanos\", pues, seg\u00fan \u00e9l, utilizar fuerzas convencionales deja peores secuelas. En ese momento,  , pero de ah\u00ed a llamar a una fuerza asesina, creo que a todos nos conviene hacer la reflexi\u00f3n porque no solo no es justo sino no es apegado a la realidad. Tambi\u00e9n hay m\u00e1s de 300 miembros de la fuerza p\u00fablica que fueron vilmente agredidos por v\u00e1ndalos, no para salir a reprimir sino para defender los locales comerciales,\u00a0 y entendamos que la fuerza p\u00fablica de Colombia es la que ha contenido al terrorismo, al narcotr\u00e1fico, y a muchas expresiones de violencia en nuestro pa\u00eds\u201d, concluy\u00f3. \r\n", "link": "https://www.elespectador.com/politica/los-mensajes-del-presidente-duque-al-paro-nacional-article-895001/", "actores": [], "puntos": ["punto1", "punto2", "punto3", "punto4", "punto5"], "medio": "elespectador"}