{"titulo": "los-reclamos-al-presidente-ivan-duque-ante-la-victoria-de-joe-biden", "fecha": "7/11/2020", "aux": "Puede ver:  La adhesi\u00f3n inconveniente de Iv\u00e1n Duque a Donald Trump (An\u00e1lisis)", "contenido": "Varios sectores cuestionaron al presidente por supuestamente haber roto la tradici\u00f3n bipartidista de la relaci\u00f3n con Estados Unidos. Durante la campa\u00f1a estadounidense fueron m\u00faltiples los rumores de injerencia colombiana.Tras anunciarse la victoria de Joe Biden como nuevo presidente de Estados Unidos, en Colombia las reacciones tuvieron, en su mayor\u00eda, dos puntos en com\u00fan: celebrar la salida de Donald Trump de la Casa Blanca y el cuestionamiento al presidente Iv\u00e1n Duque por su supuesto apoyo al candidato republicano. Y es que supuestamente desde el gobierno colombiano se habr\u00eda roto la tradici\u00f3n bipartidista para mostrar su apoyo a Trump. Esto se habr\u00eda evidenciado en supuestos ofrecimientos de ayudas con los colombianos en el estado de la Florida por parte de funcionarios diplom\u00e1ticos y en los apoyos de algunos miembros del Centro Democr\u00e1tico a la campa\u00f1a del candidato presidente desde sus redes sociales. Aunque desde el Ejecutivo se neg\u00f3 alguna preferencia o intervenci\u00f3n, los mensajes de felicitaciones a Biden vinieron acompa\u00f1ados de reclamos a Iv\u00e1n Duque. Una de las primeras en este grupo fue la representante \u00c1ngela Mar\u00eda Robledo, que cuestion\u00f3 al gobierno sobre su supuesta postura durante la justa electoral norteamericana: \u201c\u00bfQu\u00e9 camino va a coger Iv\u00e1n Duque, quien rompi\u00f3 la tradici\u00f3n de relaci\u00f3n bilateral de Colombia con los EE. UU., cuando Biden sea reconocido como su presidente?\u201d La representante tambi\u00e9n se\u00f1al\u00f3 que el triunfo de Joe Biden es un golpe al Ejecutivo, pues se queda sin \u201cun aliado para su gobierno de mano dura, sin coraz\u00f3n\u201d y porque es un factor de presi\u00f3n ante el apoyo que brind\u00f3 Biden al acuerdo de paz cuando fue vicepresidente de la administraci\u00f3n Obama: \u201cEl triunfo de Joe Biden ser\u00e1 oxigeno para la paz Colombia porque se convierte en factor de presi\u00f3n para que Iv\u00e1n Duque no contin\u00fae el camino para hacer trizas el Acuerdo de Paz\u201d. Los cuestionamientos tambi\u00e9n vinieron del exsenador Juan Manuel Gal\u00e1n, que tuvo entre sus se\u00f1alados al presidente, a la canciller Claudia Blum y al embajador de Colombia en Estados Unidos, Francisco Santos. \u201c\u00bfS\u00ed ven por qu\u00e9 la pol\u00edtica exterior debe ser de Estado y no de Gobierno?\u201d, fue el comentario que lanz\u00f3 Gal\u00e1n. En una senda similar, el exnegociador de paz Humberto de la Calle record\u00f3 la supuesta injerencia del Ejecutivo y del partido de Gobierno en las elecciones estadounidenses. \u201cEl activismo pro Trump, desplegado por el Centro Democr\u00e1tico, golpea la tradici\u00f3n bipartidista norteamericana frente a Colombia. Presidente Duque, a recoger los platos rotos\u201d, dijo el tambi\u00e9n exvicepresidente, que se\u00f1al\u00f3 que una de las acciones a realizar ahora es retirar a Francisco Santos de la embajada, que ya hab\u00eda presentado su renuncia en plena pandemia, pero, por esta misma, no pudo ser relevado. Tambi\u00e9n:  El senador de la oposici\u00f3n Iv\u00e1n Cepeda fue otro de los que aprovech\u00f3 la victoria de Biden para cuestionar la postura supuestamente asumida por el gobierno con Donald Trump. \u201cHa sido derrotado el aliado principal del uribismo en el plano internacional. Golpe demoledor para el gobierno de Duque que hipotec\u00f3 toda su pol\u00edtica exterior a defender a Trump\u201d, se\u00f1al\u00f3 Cepeda en Twitter, donde tambi\u00e9n le pidi\u00f3 al presidente electo de los Estados Unidos acompa\u00f1amiento al proceso de paz. Por otro lado, poco se manifestaron los miembros del Centro Democr\u00e1tico frente a la derrota de Donald Trump. La senadora Mar\u00eda Fernanda Cabal, que fue una de las congresistas que apoy\u00f3 al actual presidente estadounidense desde sus redes sociales, se limit\u00f3 a poner una foto de Donald Trump con la leyenda \"\u00a1Admiraci\u00f3n! y a retrinar mensajes en los que se pone en duda el triunfo dem\u00f3crata. M\u00e1s all\u00e1 de esta, no hubo mayores pronunciamientos del partido de Gobierno. Por otro lado, las felicitaciones del presidente Iv\u00e1n Duque llegaron m\u00e1s de una hora despu\u00e9s del anuncio de Joe Biden como presidente electo, contrario a otros mandatarios aliados que se manifestaron a los pocos minutos. En su mensaje, el presidente felicit\u00f3 a Joe Biden y a la que ser\u00e1 la primera vicepresidenta de los Estados Unidos, Kamala Harris. \u201cLes deseamos los mejores \u00e9xitos en su gesti\u00f3n. Trabajaremos juntos en fortalecer la agenda com\u00fan en comercio, medioambiente, seguridad y lucha contra crimen trasnacional\u201d, fue el resto del mensaje presidencial, que no se refiri\u00f3 a la paz o la implementaci\u00f3n de los acuerdos, dos elementos que Joe Biden apoy\u00f3 hacia el final del gobierno Obama.", "link": "https://www.elespectador.com/politica/los-reclamos-al-presidente-ivan-duque-ante-la-victoria-de-joe-biden-article/", "actores": [], "puntos": ["punto1", "punto2", "punto3", "punto4", "punto5"], "medio": "elespectador"}