{"titulo": "los-detalles-del-encuentro-entre-el-presidente-duque-y-timochenko", "fecha": "13/3/2021", "aux": "Le puede interesar:  Puede ver: ", "contenido": "El primer mandatario y el l\u00edder del Partido Comunes se reunieron el pasado mi\u00e9rcoles por intermediaci\u00f3n de la Misi\u00f3n de Verificaci\u00f3n de Naciones Unidas.Apenas este viernes se conoci\u00f3 del encuentro que tuvieron el presidente Iv\u00e1n Duque y Rodrigo Londo\u00f1o, m\u00e1s conocido \u201cTimochenko\u201d y hoy l\u00edder de Comunes, partido que naci\u00f3 de la firma del Acuerdo de Paz con las Farc. Este ser\u00eda la tercera vez que ambos se ven en persona, luego de la insistencia de Londo\u00f1o por sentarse con el primer mandatario. Aunque ayer se supo el tema general que gui\u00f3 la reuni\u00f3n, este s\u00e1bado \u201cTimo\u201d dio m\u00e1s detalles al respecto. \u201cFue un encuentro humano de dos contrapartes con una preocupaci\u00f3n com\u00fan, pero con profundas diferencias en la concepci\u00f3n\u201d, escribi\u00f3 el presidente de Comunes en su cuenta de Twitter. Los temas puntuales que conversaron alrededor de la implementaci\u00f3n y de los que \u201cTimo\u201d manifest\u00f3 preocupaci\u00f3n son el Programa Nacional Integral de Sustituci\u00f3n (PNIS), la reforma rural integral, las curules de las v\u00edctimas y la situaci\u00f3n de seguridad de los excombatientes en general, \u201cque contin\u00faa estando altamente amenazada\u201d. Tambi\u00e9n hubo oportunidad para hablar sobre la Jurisdicci\u00f3n Especial para la Paz, organismo que naci\u00f3 gracias al Acuerdo bajo un modelo transicional al que \u201cTimo\u201d defendi\u00f3. \u201c(Manifest\u00e9 que la JEP) no necesita ataques o intromisi\u00f3n del Ejecutivo, sino respeto para que act\u00fae y as\u00ed se satisfagan los derechos de las v\u00edctimas\u201d. Esto lo coment\u00f3 con relaci\u00f3n a pasadas declaraciones del presidente Duque sobre la actuaci\u00f3n de la JEP, donde demand\u00f3 sanciones ejemplares a los victimarios, entre ellos, l\u00edderes de la extinta Farc. El detalle sobre la respuesta del Gobierno a cada pedido o preocupaci\u00f3n no fue compartido por el director de los Comunes, pero s\u00ed manifest\u00f3 que \u201cel presidente Duque se comprometi\u00f3 en ejecutar acciones tendientes a fortalecer el proceso de implementaci\u00f3n integral del Acuerdo de Paz. En los pr\u00f3ximos d\u00edas tendremos una reuni\u00f3n con funcionarios de alto nivel para buscar soluciones a estas preocupaciones\u201d. El encuentro fue intercedido por la Misi\u00f3n de Verificaci\u00f3n de la ONU y Carlos Ruiz Massieu, jefe de la misi\u00f3n, y cont\u00f3 con la participaci\u00f3n de Pastor Alape, delegado de Comunes ante el Consejo Nacional de Reincorporaci\u00f3n; y por parte del Gobierno tambi\u00e9n estuvo Miguel Ceballos, alto comisionado para la Paz; Emilio Archila, consejero para la Estabilizaci\u00f3n; y Mar\u00eda Paula Correa, jefa de gabinete. Hasta ahora, el primer mandatario no se ha referido al encuentro con \u201cTimochenko\u201d.", "link": "https://www.elespectador.com/politica/los-detalles-del-encuentro-entre-el-presidente-duque-y-timochenko-article/", "actores": [], "puntos": ["punto1", "punto2", "punto3", "punto5"], "medio": "elespectador"}