{"titulo": "no-es-una-reforma-tributaria-sino-una-transformacion-social-solidaria-segun-duque", "fecha": "4/4/2021", "aux": "Le puede interesar:  Tambi\u00e9n:  Lea: ", "contenido": "El presidente Iv\u00e1n Duque neg\u00f3 que esta ser\u00e1 su tercera reforma para aumentar el recaudo. Garantizar la educaci\u00f3n gratuita para estratos bajos y el empleo juvenil son algunos de los temas del proyecto.Desde el a\u00f1o pasado, cuando la pandemia agudiz\u00f3 los problemas del pa\u00eds, el ministro de Hacienda, Alberto Carrasquilla, presagi\u00f3 sobre la necesidad de una reforma tributaria. Y no se equivoc\u00f3. La opini\u00f3n p\u00fablica est\u00e1 volcada en hablar sobre el tema. La mayor\u00eda son especulaciones, porque el proyecto no ha sido presentado a las bancadas y, mucho menos, hay un borrador. En ese ambiente confuso de lo que se avecina, pero bajo la certeza de que habr\u00e1 cambios de \u00edndole tributario a trav\u00e9s de tr\u00e1mite legislativo, el presidente Iv\u00e1n Duque sali\u00f3 a decir que en su gobierno no se han tramitado tres reformas de estas caracter\u00edsticas y que lo que se radicar\u00e1 en los pr\u00f3ximos d\u00edas no se trata de una reforma tributaria, sino de un proyecto de \u201ctransformaci\u00f3n social solidaria\u201d. En 2018, reci\u00e9n llegado a la Casa de Nari\u00f1o, Duque present\u00f3 una reforma tributaria que llam\u00f3 Ley de Financiamiento, con el objetivo de recaudar $14 billones para el Presupuesto General de la Naci\u00f3n de 2019. Un a\u00f1o despu\u00e9s, la Corte Constitucional la tumb\u00f3 por errores de procedimiento en su tr\u00e1mite en el Congreso y, por ende y por segunda vez, radic\u00f3 otra propuesta legislativa igual a la anterior, pero con el nombre Ley de Crecimiento Econ\u00f3mico. Ambas fueron aprobadas en el Capitolio. Aunque el Gobierno insisti\u00f3 en llamarlas as\u00ed, ante el Capitolio, la opini\u00f3n p\u00fablica y la ciudadan\u00eda se trataba de una reforma tributaria. Y para este tercer round, bautizar la reforma con un nombre especial parece la norma. \u201cNo se trata de una reforma tributaria, sino de financiar y de proteger socialmente a nuestro pa\u00eds en medio de la pandemia y para los pr\u00f3ximos a\u00f1os\u201d, dijo el presidente a Caracol Radio. Las reformas pasadas, para Duque, ten\u00edan el objetivo de aumentar el recaudo, reducir el d\u00e9ficit fiscal y bajarle las cargas a las micro, peque\u00f1as y medianas empresas. Esta nuevamente, seg\u00fan \u00e9l, tienen como prop\u00f3sito extender las ayudas sociales que tienen fecha de caducidad este a\u00f1o. Entre ellas, cont\u00f3 el Ingreso Solidario, el Programa de Apoyo al Empleo Formal (PAEF), ayudas a los estudiantes, apoyos en cr\u00e9ditos a empresas. En ese sentido, insisti\u00f3 que la naturaleza del proyecto no es tributaria y que cumplir\u00e1 con los tres principios de la Constituci\u00f3n: progresividad, en cuanto a que el que tiene m\u00e1s, aporte m\u00e1s; equidad, en cuanto se prioricen a los y las m\u00e1s afectadas; y eficacia, \u201cque sea de f\u00e1cil recaudo\u201d. \u201cNo quiero que miremos la solidaridad social en t\u00e9rminos de golpeados y no golpeados, sino en cuesti\u00f3n de la solidaridad como principio y que se recibe en toda la sociedad\u201d, coment\u00f3 en el mismo medio. Sin embargo, a la hora de explicar el tercer principio constitucional habla, sin maquilla, de recaudo. Por lo que le han llovido cr\u00edticas, especialmente de congresistas de la oposici\u00f3n. \u201cEs muy grave que el presidente diga este tipo de mentiras. Es una reforma tributaria y todo el pa\u00eds lo sabe\u201d, escribi\u00f3 la representante del MAIS, Mar\u00eda Jos\u00e9 Pizarro. Adem\u00e1s de asegurar los recursos para los programas temporales que nacieron por la crisis suscitada por la pandemia, el primer mandatario tambi\u00e9n comparti\u00f3 en Caracol Radio que la propuesta incluye la promoci\u00f3n del empleo juvenil entre los 18 y 28 a\u00f1os, bajo el compromiso de que el Gobierno pagar\u00e1 por cinco a\u00f1os la seguridad social del reci\u00e9n contratado. \u201cNinguna medida de car\u00e1cter tributario, de car\u00e1cter fiscal que se adopte en la transformaci\u00f3n social sostenible entrar\u00e1 en vigencia en el a\u00f1o 2021. Todas est\u00e1n previstas a generarse en 2022, para que este a\u00f1o podamos promover la recuperaci\u00f3n y crecimiento\u201d, apunt\u00f3 el jefe de Estado al medio radial. Tambi\u00e9n sobre las fechas, precis\u00f3, lo que se recoja de esta reforma se empezar\u00e1 a ver reflejado en 2023, \u201ccuando yo ya no ser\u00e9 presidente\u201d. Las reformas tributarias no son las \u00fanicas a las que el Gobierno les ha reemplazado el nombre. A la reforma pensional que se discut\u00eda en una mesa de concertaci\u00f3n laboral en 2020 le dec\u00edan \u201creforma a la estructura del sistema de protecci\u00f3n a la vejez\u201d. Y no es solo con proyectos legislativos, sino con t\u00e9rminos. Por ejemplo, en vez de masacres, el Ejecutivo ha implementado homicidios colectivos. Estabilizaci\u00f3n por implementaci\u00f3n del Acuerdo de Paz. Econom\u00eda naranja por industrias creativas. \u201cEl prop\u00f3sito de estos eufemismos consiste en darle un toque sutil y decoroso a reformas impopulares y claramente lesivas para las personas asalariadas del pa\u00eds\u201d, dijo el a\u00f1o pasado sobre el mismo tema el catedr\u00e1tico de la Universidad Nacional, Andr\u00e9s Felipe Mora.", "link": "https://www.elespectador.com/politica/no-es-una-reforma-tributaria-sino-una-transformacion-social-solidaria-segun-duque-article/", "actores": [], "puntos": ["punto1", "punto2", "punto3"], "medio": "elespectador"}