{"titulo": "no-se-pueden-usar-recursos-del-fondo-paz-para-estrategia-digital-de-duque-contraloria", "fecha": "18/8/2020", "aux": "En contexto:  Lea tambi\u00e9n:  Lea tambi\u00e9n:  Lea tambi\u00e9n: ", "contenido": "Tras la pol\u00e9mica por un contrato de $3.350 millones para la comunicaci\u00f3n digital del presidente Iv\u00e1n Duque, adjudicado con recursos de un fondo para programas de paz, el ente de control determin\u00f3 un hallazgo administrativo.Pasados m\u00e1s de  desde que estall\u00f3 la controversia porque el Gobierno destin\u00f3 dineros del   para reforzar la  , este martes se conoci\u00f3 un concepto de la   General de la Rep\u00fablica que advierte que \u201cno se puedan usar indistintamente esos recursos\u201d por parte del Ejecutivo, pues tienen una   relacionada con programas de paz. En respuesta a un derecho de petici\u00f3n de los senadores Iv\u00e1n Cepeda y Wilson Arias, del Polo Democr\u00e1tico, el ente de control determin\u00f3 que entre las funciones y programas del Fondo Paz, con las labores de la Consejer\u00eda Presidencial para las Comunicaciones que, entre otras, tiene como tarea Todo esto, por el contrato por   que la Presidencia le adjudic\u00f3 el pasado 30 de abril a la firma  una empresa que apoy\u00f3 la  que buscaba refrendar el Acuerdo de La Habana. El contrato busca \u201capoyar la gesti\u00f3n de la Consejer\u00eda en la elaboraci\u00f3n e implementaci\u00f3n de estrategias digitales\u201d, con un periodo de ejecuci\u00f3n entre el 1\u00ba de mayo y el 15 de diciembre de 2020. El millonario contrato se conoci\u00f3 a principios de mayo pasado, en medio de la  que ha hecho el Gobierno para sobrellevar la emergencia sanitaria. Si bien la Contralor\u00eda determin\u00f3 que   al patrimonio p\u00fablico  en el contrato, no se evidencia \u201cun v\u00ednculo directo con las funciones, programas y planes que sean sujetos de financiamiento a cargo del Fondo Paz\u201d. Por ello, se gener\u00f3 un hallazgo administrativo, es decir, un  en el funcionamiento de la entidad y contrario a los principios que deben regir la actuaci\u00f3n del Estado. El ente de control recuerda tambi\u00e9n que el Fondo Paz, como una cuenta especial del Departamento Administrativo de la Presidencia de la Rep\u00fablica (DAPRE), tiene por objeto \u201cla   encaminadas a fomentar la reincorporaci\u00f3n a la vida civil de grupos alzados en armas, que demuestren su  Ante la determinaci\u00f3n, el senador Arias se\u00f1al\u00f3 que, aunque la Contralor\u00eda no encontr\u00f3 un detrimento patrimonial, \u201cello tampoco autoriza al Gobierno para que cambie el destino de los rubros presupuestales en ninguna circunstancia, y menos para  paz que declaradamente ha sido un objeto de En su momento, la empresa contratada,   sali\u00f3 a dar la cara y respondi\u00f3 los se\u00f1alamientos de no haber participado de ning\u00fan proceso para la adjudicaci\u00f3n del acuerdo para manejar la estrategia digital del primer mandatario. En ese entonces, tambi\u00e9n se despert\u00f3 la suspicacia al encontrar que uno de los empleados de la organizaci\u00f3n es el \u201cA partir de 2012, Du Brands S.A.S inici\u00f3 su participaci\u00f3n en diversas licitaciones p\u00fablicas, motivo por el cual ha adquirido la  necesaria para obtener la adjudicaci\u00f3n de m\u00e1s de 40 contratos estatales. Esto sumado a la experiencia que en el sector privado ha adquirido\u201d, se lee en el comunicado con el que detallan a\u00f1o de creaci\u00f3n de la organizaci\u00f3n y esquema de sociedad. As\u00ed mismo, explicaron que en los \u00faltimos tres a\u00f1os  , de los cuales no se le ha asignado el contrato en 150 ocasiones. Seguido a esto resalta que ninguno de los acuerdos llevados a cabo ha sido , sino a trav\u00e9s de convocatorias e invitaciones p\u00fablicas que permitieron la participaci\u00f3n de m\u00faltiples oferentes\u201d. Por su parte, el por la pol\u00e9mica de que se usaron recursos del Acuerdo de Paz. Sobre esto, el consejero presidencial para las Comunicaciones, Hassan Nassan, explic\u00f3 que aunque los dineros provinieron del Fondo Paz, este no tiene  \u201cEl Fondo Colombia en Paz es un   de La Habana en 2017, ese es un fondo que tiene aproximadamente  Ese fondo no se toca absolutamente para nada que no est\u00e9 relacionado con la implementaci\u00f3n del acuerdo\u201d, dijo a Blu Radio.", "link": "https://www.elespectador.com/politica/no-se-pueden-usar-recursos-del-fondo-paz-para-estrategia-digital-de-duque-contraloria-article/", "actores": [], "puntos": ["punto1", "punto3"], "medio": "elespectador"}