{"titulo": "no-seamos-soporte-de-un-caduco-establecimiento-velasco-a-cesar-gaviria", "fecha": "12/8/2020", "aux": "En contexto: ", "contenido": "El senador, quien dice hablarle al expresidente de \u201cBienvenidos al Futuro de la tutela\u201d, pidi\u00f3 abrir un debate no sobre qui\u00e9n tiene las llaves de la sede del partido, sino hacia d\u00f3nde se le quiere llevar. Reclama que no haya vetos ni exclusiones.A solo d\u00edas de que se celebre la convenci\u00f3n nacional del Partido Liberal \u2013que tendr\u00e1 que ser virtual por cuenta de la pandemia\u2013, este mi\u00e9rcoles se conoci\u00f3 una carta del senador Luis Fernando Velasco en la que reclama al actual director del partido, el expresidente C\u00e9sar Gaviria, que se abandone la zona de confort y que no se deje al liberalismo \u201ccomo uno de los soportes de un caduco y muy deteriorado establecimiento\u201d. En su misiva, el parlamentario \u2013el s\u00e9ptimo m\u00e1s votado de la colectividad\u2013 no solo lamenta que el encuentro virtual generar\u00e1 \u201cun gran d\u00e9ficit\u201d democr\u00e1tico, sino que alega que el partido del trapo rojo no puede mantener \u201csu divorcio con los hombres y mujeres de Colombia que hoy miran el futuro sin esperanza\u201d. Lo anterior, en referencia a las elecciones presidenciales de 2018 cuando, en segunda vuelta tras la derrota de Humberto de la Calle, el partido adhiri\u00f3 a la campa\u00f1a del hoy presidente Iv\u00e1n Duque. En ese sentido, Velasco recuerda que esos resultados electorales dejaron a una parte de la colectividad \u201cimplorando mermelada e hipotecando sus ideales\u201d. Por ello, pide abrir un debate no sobre qui\u00e9n tiene las llaves de la sede del partido, sino hacia d\u00f3nde se lo quiere llevar: \u201cPasada la primera vuelta y de manera inconsulta les pidieron a los liberales acompa\u00f1ar una opci\u00f3n que significaba todo lo contrario a lo que el liberalismo defend\u00eda y esas incoherencias nos las cobran en la calle, no queremos que eso vuelva a pasar y por ello le hablamos al Gaviria de Bienvenidos al Futuro y de la tutela\u201d, explica. Velasco pide a Gaviria que sea \u201cel hombre de la transici\u00f3n liberal\u201d, pavimentando el camino para la llegada de liderazgos que refresquen el partido y logrando ser el punto de encuentro de una gran coalici\u00f3n socialdem\u00f3crata \u201csin vetos ni exclusiones que le d\u00e9 esperanza a Colombia\u201d. Aunque el senador reconoce que la convenci\u00f3n virtual servir\u00e1 para cumplir el requisito de las autoridades electorales, insta a que all\u00ed se definan unas directivas que se encarguen de preparar un congreso extraordinario presencial en el que, \u201cen verdad\u201d, se defina el rumbo del Partido Liberal. Recordando las dificultades que ha supuesto la pandemia desatada por el nuevo coronavirus, y advirtiendo que el actual Gobierno ha sido incapaz de dar soluciones de salud \u2013\u201dpasando (a los liberales) una impagable cuenta de cobro\u201d\u2013, el parlamentario vaticina que el COVID-19 devastar\u00e1 la econom\u00eda y dejar\u00e1 a millones en la pobreza y miseria extrema. Por ello, se\u00f1alando que Gaviria \u201cconoce m\u00e1s que nadie estas realidades\u201d, Velasco aboga por una comisi\u00f3n liberal para que se demande del Gobierno \u201clas respuestas que el pa\u00eds espera, pues las que hoy escuchamos no consultan los intereses populares\u201d. Acto seguido, critica que los ideales socialdem\u00f3cratas \u201cson incompatibles\u201d con una econom\u00eda que no consulte la sostenibilidad y el respeto al medioambiente. \u201cFrente al fracking, la utilizaci\u00f3n del glifosato, o la explotaci\u00f3n del P\u00e1ramo de San Turban por mencionar unos ejemplos, nuestra colectividad no puede hacerse la de la vista gorda, por complicidad o por conveniencia\u201d, agrega Velasco, en referencia a proyectos relacionados con el actual Gobierno. Velasco concluye su misiva proponiendo \u201cuna pol\u00edtica seria\u201d en materia ambiental que privilegie los p\u00e1ramos, el agua y las energ\u00edas renovables; una reforma \u201ca fondo\u201d del sistema de salud para prevenir enfermedades; que se propenda por cobertura y calidad en educaci\u00f3n, privilegiando la gratuidad; un modelo econ\u00f3mico que privilegie la producci\u00f3n nacional para generar empleo, y respeto e implementaci\u00f3n a los acuerdos de paz ya logrados. \u201cSe\u00f1or expresidente, no quiero ser se\u00f1alado por la historia como uno de los l\u00edderes liberales que entreg\u00f3 el partido a ambiciones de una derecha que, por defender privilegios del establecimiento, cre\u00f3 las condiciones para m\u00e1s violencia en el pa\u00eds. Por ello, le pido no solo abrir compuertas para nuevas caras de liderazgo, sino que convoquemos a nuestros militantes a retomar el puesto de combate que ocuparon nuestros fundadores\u201d, puntualiza.", "link": "https://www.elespectador.com/politica/no-seamos-soporte-de-un-caduco-establecimiento-velasco-a-cesar-gaviria-article/", "actores": [], "puntos": ["punto1", "punto2", "punto3", "punto4", "punto5"], "medio": "elespectador"}