{"titulo": "nos-asesinan-todos-los-dias-francia-marquez-a-kamala-harris", "fecha": "25/1/2021", "aux": "", "contenido": "La lideresa le manifest\u00f3 sus preocupaciones a la reci\u00e9n posesionada vicepresidenta de los Estados Unidos. \u201cEstamos ante un gobierno indolente\u201d, dijo.Preocupaci\u00f3n por el asesinato de l\u00edderes sociales y un reclamo intr\u00ednseco al gobierno del presidente Iv\u00e1n Duque M\u00e1rquez fueron los elementos que incluy\u00f3 la lideres Francia M\u00e1rquez en una carta que le envi\u00f3 a la reci\u00e9n posesionada vicepresidenta de los Estados Unidos, Kamala Harris. \u201cHoy me atrevo a escribirle esta carta, con la esperanza que pueda ser le\u00edda por usted, a fin de establecer un dialogo que nos permita articular las acciones necesarias para cuidar la vida desde el amor maternal y el instinto del cuidado\u201d, escribi\u00f3 la lideresa. M\u00e1rquez le narr\u00f3 a Harris un poco sobre su historia en la defensa de los derechos humanos, su origen y el proceso que dirige como presidenta del Consejo Nacional de Paz Reconciliaci\u00f3n y Convivencia. \u201cDurante este periodo   para que proteja la vida de los l\u00edderes, lideresas sociales, ambientales y a los excombatientes de las Farc que vienen siendo asesinados sistem\u00e1ticamente en Colombia\u201d, dice la carta. En ese sentido, critic\u00f3 el enfoque de la pol\u00edtica antidrogas que se ha manejado entre Estados Unidos y Colombia y calific\u00f3 como \u201cfallida\u201d su enfoque prohibicionista.  Por esa raz\u00f3n, con la llegada de Joseph Bide y Harris al poder en el pa\u00eds norteamericano, coment\u00f3 que tiene esperanza en que los recursos que EE. UU. destine a Colombia en el futuro pr\u00f3ximo \u201cse puedan enfocar de manera m\u00e1s eficaz para apoyar iniciativas productivas de buen vivir, en la sustituci\u00f3n voluntaria de cultivos de uso il\u00edcito, y a apoyar a las comunidades que desde su autonom\u00eda han decidido que en sus territorios no se siembra coca, a pesar de las presiones de los grupos armados\u201d. M\u00e1rquez hizo especial \u00e9nfasis en la situaci\u00f3n de violencia que se viven en los lugares m\u00e1s apartados del territorio nacional.  ; incluso, en medio de la pandemia que hoy afecta a la humanidad, el \u2018qu\u00e9date en casa\u2019 no ha sido una opci\u00f3n para cientos de familias que han tenido que salir huyendo del conflicto armado en sus comunidades\u201d. Por otra parte, escribi\u00f3 unas sentidas palabras sobre la situaci\u00f3n riesgosa que viven los l\u00edderes sociales en Colombia: \u201cComo lideresa social me duele ver asesinar todos los d\u00edas a l\u00edderes y lideresas que como yo alzaron la voz en contra de este estado de cosas (\u2026) Como afrocolombianos, ind\u00edgenas y campesinos empobrecidos padecemos la misma situaci\u00f3n, quienes nos han impuesto el conflicto armado, la pol\u00edtica de muerte, las violencias de g\u00e9nero mayoritariamente padecidas por las mujeres y j\u00f3venes negros, as\u00ed mismo el racismo estructural mantienen sus rodillas en nuestros cuellos.  La lideresa acus\u00f3 al gobierno Duque como \u201cindolente\u201d. \u201cPrometi\u00f3 no solo hacer trizas el sue\u00f1o de permitirnos vivir en paz a quienes hemos padecido las consecuencias de la guerra, sino que, adem\u00e1s no escucha los gritos desesperados de ni\u00f1os como el hijo de la lideresa social Mar\u00eda del Pilar Hurtado, asesinada frente a \u00e9l el pasado 21 de junio de 2019\u201d, anot\u00f3 M\u00e1rquez. Concluy\u00f3 con una petici\u00f3n espec\u00edfica para que la implementaci\u00f3n del Acuerdo de Paz sea una prioridad para el gobierno norteamericano: \u201cSolicito fraternalmente establecer una comunicaci\u00f3n y di\u00e1logo permanente con usted en representaci\u00f3n de su gobierno y las organizaciones sociales de Colombia, en aras de coadyuvar en la consolidaci\u00f3n de la paz en nuestro pa\u00eds\u201d.", "link": "https://www.elespectador.com/politica/nos-asesinan-todos-los-dias-francia-marquez-a-kamala-harris-article/", "actores": [], "puntos": ["punto3", "punto4", "punto5"], "medio": "elespectador"}