{"titulo": "nueva-masacre-de-una-familia-campesina-en-mesetas", "fecha": "26/10/2017", "aux": "\u201d)\u00a0", "contenido": "Desde el espacio de capacitaci\u00f3n de Mesetas denunciaron el asesinato de dos personas y la desaparici\u00f3n de una m\u00e1s. Se trata de una familia de colonos campesinos e indignas.  \r\n\tEn la ma\u00f1ana de este jueves, desde el Espacio Territorial de Capacitaci\u00f3n y Reintegraci\u00f3n Mariana P\u00e1ez se denunci\u00f3 el asesinato de una familia en una zona aleda\u00f1a al espacio territorial donde se concentran las Farc. \u201c en el d\u00eda de hoy sin tener claridad aun sobre los responsables de los hechos\u201d, informan en un comunicado p\u00fablico. \r\n\r\n\r\n\tLa insurgencia, ahora sin armas, puntualiz\u00f3 que  . Tambi\u00e9n relata la denuncia que en el lugar del crimen fueron encontrados, dram\u00e1ticamente afectados, dos menores de edad: dos ni\u00f1as de cuatro y seis a\u00f1os, hijas de la pareja. Situaci\u00f3n que preocupa a los miembros de las Farc por tratarse de una familia conocida en la regi\u00f3n y porque ocurre en las faldas del espacio donde se concentra la militancia del nuevo partido pol\u00edtico. \r\n\r\n\r\n\t\u201cEstos hechos sumados a los dem\u00e1s acaecidos en todo el territorio nacional generan  y de igual manera para el resto de la poblaci\u00f3n civil que  . Pedimos al Gobierno Nacional y a las dem\u00e1s autoridades competentes se investigue y se aclare lo sucedido\u201d, agrega el comunicado. \r\n\r\n\r\n\t , el pasado 27 de julio. Una de las zonas veredales m\u00e1s grandes y que acogi\u00f3 el mayor n\u00famero de presos de la insurgencia, pero adem\u00e1s, de los m\u00e1s atrasados en construcci\u00f3n de infraestructura.  \r\n\r\n\r\n\t En lo que va corrido del a\u00f1o de implementaci\u00f3n del acuerdo, mal contados  . El 2 de octubre, cuando se hizo un balance en el Congreso de la Rep\u00fablica, un a\u00f1o despu\u00e9s de la derrota del Acuerdo en el Plebiscito, los voceros de la guerrilla denunciaron que hasta ese d\u00eda ten\u00edan registro de 13 excombatientes y 11 familiares de miembros de la organizaci\u00f3n. Sin embargo, este n\u00famero ha crecido.  \r\n\r\n\r\n\tEl 18 de octubre,  Seg\u00fan  , dirigente de las Farc en Tumaco, los miembros de la organizaci\u00f3n fueron asesinados por grupos paramilitares que los buscaban reclutar forzadamente.  , quien tambi\u00e9n figura en el listado de las Farc, y que tras permanecer recluido en una c\u00e1rcel desde el 2013, obtuvo la boleta de libertad en agosto.  \r\n\r\n\r\n\tEn este contexto, la segunda misi\u00f3n de la ONU, encargada de verificar la situaci\u00f3n de seguridad y la reincorporaci\u00f3n de los excombatientes, est\u00e1 en mora de presentar el primer informe de los casos de violencia registrados contra miembros de la guerrilla en proceso de reincorporaci\u00f3n. As\u00ed como de exigir al Gobierno  , incluyendo a sus principales dirigentes. Muchos de los que sobrevivieron regresaron al monte, como  , quien ocupaba una curul en la C\u00e1mara de Representantes por esos d\u00edas. \r\n", "link": "https://www.elespectador.com/politica/nueva-masacre-de-una-familia-campesina-en-mesetas-article-719969/", "actores": [], "puntos": ["punto5"], "medio": "elespectador"}