{"titulo": "oficina-de-dd-hh-de-la-onu-ha-documentado-33-masacres-en-colombia-en-lo-que-va-de-2020", "fecha": "17/8/2020", "aux": "", "contenido": "La organizaci\u00f3n plurinacional alert\u00f3 que se han reportado 41 asesinatos de exguerrilleros en proceso de reincorporaci\u00f3n y tiene en sus listas los casos de 97 asesinatos de defensores de derechos humanos, de los cuales ha verificado 45 homicidios hasta el momento.La pandemia no ha sido impedimento para que las acciones violentas sigan cobrando la vida de cientos de colombianos. Los \u00faltimos hechos as\u00ed lo demuestran. Cerca de 14 j\u00f3venes fueron masacrados en Cali y en Samaniego (Nari\u00f1o) en menos de cuatro d\u00edas. Los grupos violentos, paramilitares, Eln y otras organizaciones siguen delinquiendo y asesinando sin importar que el pa\u00eds est\u00e1 en un frente com\u00fan en contra del COVID-19. La Oficina de Derechos Humanos de la ONU expres\u00f3 su preocupaci\u00f3n ante los hechos de violencia ocurridos en los \u00faltimos d\u00edas y que han cobrado hasta el momento la vida de 14 j\u00f3venes menores de 29 a\u00f1os en diferentes regiones del pa\u00eds. En esta misma l\u00ednea, la organizaci\u00f3n plurinacional manifest\u00f3 su honda preocupaci\u00f3n por la continuidad de homicidios de defensores y defensoras de derechos humanos, l\u00edderes y lideresas sociales y de ex combatientes de FARC-EP en 2020. El reporte que dio el ente plurinacional es m\u00e1s que preocupante, teniendo en cuenta en el subregistro normal que estas organizaciones manejan ante la limitante de recursos. Seg\u00fan la oficina de derechos humanos, en 2020 se han documentado 33 masacres en el territorio colombiano. Tambi\u00e9n est\u00e1n bajo seguimiento 97 asesinatos de defensores de derechos humanos, de los cuales 45 han sido verificados. Entre las alarmantes cifras, una que llama la atenci\u00f3n son los 41 asesinatos de exguerrilleros en proceso de reincorporaci\u00f3n en lo que va del a\u00f1o. Seg\u00fan la ONU, esta cifra implica un aumento del 10% de los asesinatos de esta poblaci\u00f3n frente al mismo periodo en 2019. Con los homicidios ocurridos en la primera parte de 2020, ya son 215 los excombatientes asesinados tras la firma de los acuerdos de paz, en noviembre de 2016. \u201cEstos hechos violentos, con serios impactos humanitarios, est\u00e1n ocurriendo en territorios con presencia de grupos armados ilegales y otras organizaciones generadoras de violencia, de econom\u00edas ilegales, pobreza y caracterizado por una limitada presencia del Estado. Por lo tanto, es crucial avanzar y profundizar la implementaci\u00f3n integral del Acuerdo de Paz especialmente su cap\u00edtulo 3.4 sobre garant\u00edas de seguridad que ofrece mecanismos e instrumentos de prevenci\u00f3n, protecci\u00f3n y seguridad\u201d, se\u00f1al\u00f3 en un comunicado la Oficina de la alta comisionada la ONU para los derechos humanos. Estas cifras contrastan con la visi\u00f3n positiva entregada por el presidente Iv\u00e1n Duque tras la masacre de los 9 j\u00f3venes en Samaniego. El mandatario destac\u00f3 que hubo una reducci\u00f3n del 11% en homicidios en lo que va de 2020. Esta cifra ser\u00eda la menor en 40 a\u00f1os, de seguir as\u00ed hasta final de a\u00f1o. El primer mandatario tambi\u00e9n habl\u00f3 de una reducci\u00f3n en agresiones, hurtos, secuestro y otras acciones violentas. Estas reducciones se dieron justo cuando el pa\u00eds est\u00e1 encerrado en sus casas para prevenir el contagio por el COVID-19 y las din\u00e1micas sociales han cambiado.", "link": "https://www.elespectador.com/politica/oficina-de-dd-hh-de-la-onu-ha-documentado-33-masacres-en-colombia-en-lo-que-va-de-2020-article/", "actores": [], "puntos": ["punto1", "punto3", "punto4"], "medio": "elespectador"}