{"titulo": "onu-reporta-que-farc-no-entrego-a-todos-los-menores-reclutados", "fecha": "20/3/2018", "aux": "Lea tambi\u00e9n:\u00a0Ejecuciones extrajudiciales no se han acabado, se\u00f1ala informe de la ONU", "contenido": "El organismo denunci\u00f3 que, adem\u00e1s, ha recibido informaciones sobre la persistencia del reclutamiento en zonas en las que a\u00fan operan exmiembros de las Farc, el Eln y otros grupos criminales organizados. A trav\u00e9s de su informe anual sobre  , publicado el pasado viernes 16 de marzo,\u00a0la  alert\u00f3\u00a0sobre los obst\u00e1culos en el\u00a0avance\u00a0de la . Seg\u00fan el reporte, este proceso, que hace parte de los compromisos adquiridos en las negociaciones entre el antiguo\u00a0grupo guerrillero y el Gobierno Nacional,  \r\n\r\nEl documento constat\u00f3\u00a0que \u201cel acuerdo y el derecho internacional de los derechos humanos obligan a respetar el principio del inter\u00e9s superior del ni\u00f1o en su proceso de desvinculaci\u00f3n de las Farc. No obstante,  \u201d, pues se\u00f1al\u00f3\u00a0que, para el 31 de diciembre de 2017, solamente 135 menores de edad -75 ni\u00f1as y 60 ni\u00f1os- fueron entregados. \r\n\r\nDe ellos, su mayor\u00eda se encuentra \u201ccon falta de acceso a la salud y a la educaci\u00f3n, lo cual es frecuente en las zonas rurales de Colombia\u201d, denuncia el reporte. \r\n\r\n \r\n\r\nLa  advirti\u00f3, adem\u00e1s, que ha recibido informaci\u00f3n relacionada con la desvinculaci\u00f3n informal de ni\u00f1os -antes de que comenzara el proceso formal-\u00a0en los departamentos de  , y tambi\u00e9n sobre la persistencia del reclutamiento en zonas en las que a\u00fan operan exmiembros de las  \r\n\r\nPor esta raz\u00f3n, la entidad internacional pidi\u00f3\u00a0 , no solo en el marco de las acciones de\u00a0cumplimiento de la implementaci\u00f3n de los acuerdos, sino tambi\u00e9n dentro del escenario de las comunidades del campo colombiano. \r\n\r\nAnte esta situaci\u00f3n, algunos candidatos presidenciales se han pronunciado. Humberto de la Calle manifest\u00f3 que \u201cen este tema tan delicado los colombianos s\u00ed  , nos tienen que aclarar qu\u00e9 pas\u00f3 con los ni\u00f1os\u201d, mientras que Vargas Lleras insisti\u00f3 en la importancia de \u201cj \u201d. \r\n\r\nPor su parte, Viviane Morales calific\u00f3 el incumplimiento como \"un crimen de lesa humanidad\u201d y aunci\u00f3 que \"intentar\u00e9 una acci\u00f3n ante el Consejo Nacional Electoral  \". \r\n", "link": "https://www.elespectador.com/politica/onu-reporta-que-farc-no-entrego-a-todos-los-menores-reclutados-article-745424/", "actores": [], "puntos": ["punto3", "punto4", "punto5"], "medio": "elespectador"}