{"titulo": "onu-amplia-mandato-de-su-mision-en-colombia-para-monitorear-sentencias-de-la-jep", "fecha": "12/5/2021", "aux": "", "contenido": "As\u00ed lo decidi\u00f3 este martes mediante una resoluci\u00f3n que adiciona al mandato la tarea de verificar el cumplimiento de las sanciones propias impuestas por el tribunal de justicia para la paz.El Consejo de Seguridad de la ONU aprob\u00f3 este martes, por unanimidad, una resoluci\u00f3n que ampl\u00eda el mandato de su Misi\u00f3n de Verificaci\u00f3n en Colombia, para incluir el monitoreo de las sentencias impuestas por la Jurisdicci\u00f3n Especial para la Paz (JEP). La decisi\u00f3n fortalece a la JEP, creada en 2017 para juzgar los peores cr\u00edmenes cometidos en m\u00e1s de seis d\u00e9cadas de conflicto armado en el pa\u00eds, luego de que la misma ONU expresara, en febrero pasado, inquietud por los cuestionamientos de algunos sectores pol\u00edticos afines al Gobierno contra dicho tribunal. La resoluci\u00f3n extiende el mandato de la Misi\u00f3n hasta el 31 de octubre, un periodo m\u00e1s corto de lo habitual (un a\u00f1o), para evitar que la pr\u00f3xima renovaci\u00f3n caiga justo antes de la elecci\u00f3n presidencial de mayo de 2022, precisaron diplom\u00e1ticos del organismo internacional. Asimismo, prev\u00e9 el rol de coordinaci\u00f3n por parte de la Consejer\u00eda Presidencial para la Estabilizaci\u00f3n y Consolidaci\u00f3n, para que las sanciones que se impongan, que tienen una naturaleza principalmente restaurativa y reparativa, est\u00e9n alineadas con la implementaci\u00f3n integral del Acuerdo de Paz, en particular con los Planes de Desarrollo con Enfoque Territorial (PDET). El pasado 30 de abril, siete de los l\u00edderes de la disuelta guerrilla de las Farc, inculpados por la JEP, aceptaron su responsabilidad en m\u00e1s de 21.000 secuestros. La JEP tambi\u00e9n revel\u00f3 que 6.400 civiles fueron ejecutados por militares y presentados como ca\u00eddos en combate, durante el mandato del expresidente \u00c1lvaro Uribe (2002-2010). Se espera que el tribunal, que no puede juzgar a expresidentes ni a militares que no se sometan voluntariamente, comience a fijar sentencias en la segunda mitad del a\u00f1o. Podr\u00e1 imponer penas alternativas a la c\u00e1rcel para quienes confiesen sus cr\u00edmenes y reparen a sus v\u00edctimas, o sancionar con hasta 20 a\u00f1os de prisi\u00f3n a quienes no acepten su responsabilidad. El secretario general de la ONU, Antonio Guterres, convers\u00f3 por tel\u00e9fono con el presidente Iv\u00e1n Duque para reiterarle \u201cel apoyo total al proceso de paz\u201d, seg\u00fan se inform\u00f3. A su vez, el mandatario colombiano reafirm\u00f3 \u201cel apoyo del Gobierno colombiano a la implementaci\u00f3n total del proceso de paz, as\u00ed como su compromiso con un di\u00e1logo nacional\u201d. La Misi\u00f3n de la ONU en Colombia, aprobada en 2017 y que rinde cuentas al Consejo cada tres meses, tiene como mandato principal verificar la reincorporaci\u00f3n pol\u00edtica, econ\u00f3mica y social de los guerrilleros de las Farc.", "link": "https://www.elespectador.com/politica/onu-amplia-mandato-de-su-mision-en-colombia-para-monitorear-sentencias-de-la-jep-article/", "actores": [], "puntos": ["punto1", "punto4", "punto5"], "medio": "elespectador"}