{"titulo": "onu-acepta-modificaciones-al-acuerdo-de-paz-maria-emma-mejia-embajadora-en-la-onu", "fecha": "23/9/2018", "aux": "", "contenido": "En di\u00e1logo con El Espectador, la saliente funcionaria del gobierno de Juan Manuel Santos, quien represent\u00f3 a Colombia ante la Organizaci\u00f3n de las Naciones Unidas, habla sobre el reto que viene para el pa\u00eds al asumir, ahora, el problema migratorio.La saliente embajadora de Colombia ante la Organizaci\u00f3n de las Naciones Unidas, Mar\u00eda Emma Mej\u00eda, habla con la pausa y con la diplomacia que siempre la caracterizaron durante los \u00faltimos cinco a\u00f1os que estuvo a cargo de uno de los roles m\u00e1s importantes a nombre de Colombia  \u201cHa sido uno de los periodos m\u00e1s fruct\u00edferos para Colombia, y el haber logrado el Acuerdo de Paz se convirti\u00f3 en un logro muy importante para el pa\u00eds, no solo por lo que signific\u00f3 para nosotros sino para la comunidad internacional: un ejemplo en el mundo\u201d, dice la funcionaria. \r\n\r\nNo es para menos. Nadie mejor para describir el momento por el que atraviesa el pa\u00eds ante la comunidad internacional que el representante del Reino Unido ante la ONU, Matthew Rycroft quien, en la 72 Asamblea General de la ONU del a\u00f1o pasado, pronunci\u00f3 la siguiente frase: \u201cPareciera que cada vez que nos reunimos para hablar de Colombia se cumple alg\u00fan otro hito hist\u00f3rico\u201d. Y en aquel septiembre, ad portas de conmemorar el D\u00eda Internacional de la Paz, se cumpl\u00eda el primer a\u00f1o de lo pactado en Cuba con la desarmada guerrilla de las Farc, la ONU anunciaba el inicio de su segunda misi\u00f3n para verificar el cumplimiento del Acuerdo de Paz y, al mismo tiempo, se compromet\u00eda a seguir de cerca el proceso de paz \u2013a\u00fan cojo- que iniciaba con el Eln. \r\n\r\nPor eso, dar la tranquilidad a ese organismo internacional, en donde reposa una copia del Acuerdo de lo firmado con los desmovilizados de la m\u00e1s vieja guerrilla del hemisferio occidental, de que su misi\u00f3n no ha sido en vano, es un elemento fundamental ahora que el nuevo presidente de Colombia, Iv\u00e1n Duque, se prepara para participar por primera vez, en calidad de jefe de Estado, ante la UNGA 2018.  , reconoce la embajadora Mar\u00eda Emma Mej\u00eda. De hecho, se apresura a anticipar que, en las pr\u00f3ximas semanas, saldr\u00e1 un nuevo informe de la ONU que eval\u00faa la implementaci\u00f3n y afirma que el pa\u00eds quedar\u00e1 bien librado. \r\n\r\n \r\n\r\nSobre las modificaciones al Acuerdo de Paz, la embajadora confiesa que ya hubo una reuni\u00f3n de la que hizo parte el pleno del Consejo de Seguridad de Naciones Unidas, el canciller colombiano, Carlos Holmes Trujillo; ella misma y quien ser\u00e1 su sucesor, el excanciller Guillermo Fern\u00e1ndez de Soto. \u201cFue un di\u00e1logo tranquilo, productivo y sincero\u201d, se\u00f1ala Mej\u00eda. Incluso, va m\u00e1s all\u00e1 al advertir que el Acuerdo de Paz ya no ser\u00e1 el tema central ante la ONU \u2013pues lo da como un hecho cumplido y en proceso de seguir avanzando- sino, m\u00e1s bien, la crisis migratoria por cuenta de la situaci\u00f3n pol\u00edtica, social y econ\u00f3mica por la que atraviesa Venezuela. \r\n\r\n\u201cSi la paz fue el eje central de los a\u00f1os anteriores, en este momento el tema de Venezuela es una realidad muy presente en Naciones Unidas\u201d, dice la saliente embajadora. En esa perspectiva, destac\u00f3 que el presidente Iv\u00e1n Duque liderar\u00e1, junto al vicepresidente de Estados Unidos, Mike Pence, una cumbre este martes denominada \u2018Refugees and migrants from Venezuela: towards a regional response\u2019. Participar\u00e1n cancilleres de pa\u00edses donantes, la banca multilateral y agencias de la ONU  , explic\u00f3 la embajadora. \r\n\r\nEsta ser\u00e1, entonces, la despedida de Mar\u00eda Emma Mej\u00eda de un rol que la comunidad de Estados con representaci\u00f3n ante la ONU le reconocen. En buena medida, su trabajo diplom\u00e1tico ante el organismo m\u00e1s importante en plano global logr\u00f3 dejar a Colombia como uno de los pa\u00edses con mayor liderazgo en el continente y como pionera en debates tan trascendentales como la lucha global contra las drogas, o la consolidaci\u00f3n de una naci\u00f3n de paz. A fin de cuentas, el objetivo que inspir\u00f3 la constituci\u00f3n de la ONU. La saliente embajadora se prepara para tomar unos meses de descanso, para regresar al pa\u00eds, y se despiden con una sola certeza: \u201cEstoy convencida de que la comunidad internacional seguir\u00e1 apoyando a Colombia\u201d. \r\n\r\n \r\n\r\n\u00a0 \r\n", "link": "https://www.elespectador.com/politica/onu-acepta-modificaciones-al-acuerdo-de-paz-maria-emma-mejia-embajadora-en-la-onu-article-813870/", "actores": [], "puntos": ["punto4"], "medio": "elespectador"}