{"titulo": "onu-insiste-en-mayor-presencia-del-estado-en-las-zonas-mas-afectados-por-el-conflicto", "fecha": "31/12/2018", "aux": "", "contenido": "En un informe de 18 p\u00e1ginas, el secretario General de la ONU, Ant\u00f3nio Guterres, hizo un recuento de los pasados tres meses de la implementaci\u00f3n del acuerdo de paz. El asesinato a l\u00edderes sociales y miembros de las Farc siguen siendo uno de los principales retos del Gobierno. Por otro lado, destac\u00f3 el avance de los proyectos productivos de los reincorporados.Este lunes, el secretario General de Naciones Unidas, Ant\u00f3nio Guterres, present\u00f3 el informe trimestral sobre la Misi\u00f3n de Verificaci\u00f3n de la ONU en Colombia. La principal conclusi\u00f3n que se lee es que  \r\n\r\n\u201cComo se ha expresado en informes anteriores, uno de los retos principales de la implementaci\u00f3n es una mayor presencia del Estado y una  , se lee en el documento. \r\n\r\nPrueba de ello es la situaci\u00f3n de derechos humanos que viven zonas como el Catatumbo (Norte de Santander), Tumaco (Nari\u00f1o) y el Choc\u00f3, en donde se siguen evidenciando pugnas territoriales por el control de las rutas del narcotr\u00e1fico entre grupos al margen de la ley, asesinatos a l\u00edderes sociales, secuestros y desplazamientos. \r\n\r\n \r\n\r\nDebido a esta situaci\u00f3n,  como pol\u00edtica de estabilizaci\u00f3n que se complementar\u00e1 con programas como los Planes de Desarrollo con Enfoque Territorial (PDET). El secretario de la ONU elogi\u00f3 esta estrategia, pero advirti\u00f3 la necesidad de que sean aplicadas con rapidez y efectividad. \u201cEl sue\u00f1o de una paz duradera en Colombia depende de ello\u201d, enfatiz\u00f3 Guterres. \r\n\r\nTambi\u00e9n, . \u201cEn total se han aprobado 20 proyectos colectivos y 29 individuales. En conjunto, estas iniciativas est\u00e1n valorados en US$3,7 millones y beneficiar\u00e1n en total a 1.340 excombatientes, incluidas 366 mujeres. Por otra parte, el Fondo Multidonante de las Naciones Unidas para el Posconflicto presta apoyo a 15 proyectos ejecutados por el Programa de las Naciones Unidas para el Desarrollo (PNUD) y la Organizaci\u00f3n Internacional para las Migraciones (OIM)\u201d, detalla el informe. \r\n\r\nPese a este avance en la implemetaci\u00f3n,  . \u201cDesde la firma del acuerdo, en noviembre de 2016, se han verificado 163 asesinatos y se ha informado un total de 454 casos\u201d, destaca como cifras. Sin embargo, distingue el Plan de Acci\u00f3n Oportuna (PAO) de Prevenci\u00f3n y Protecci\u00f3n individual y colectiva de los derechos a la vida, la libertad, la integridad y la seguridad de defensores de derechos humanos, l\u00edderes sociales, comunales y periodistas que lanz\u00f3 el Gobierno el 19 de noviembre como estrategia para buscar reducir esos n\u00fameros. Insisti\u00f3, adem\u00e1s, en que se convoque la Comisi\u00f3n Nacional de Garant\u00edas de Seguridad (CNGS) con el prop\u00f3sito de dise\u00f1ar estrategias para desmantelar las estructuras ilegales presentes en los territorios que generan inseguridad y zozobra en las comunidades. \r\n\r\nAdem\u00e1s de la preocupaci\u00f3n por los l\u00edderes sociales, el secretario General  y estrategias de seguridad para los excombatientes\u201d, puntualiz\u00f3. \r\n\r\nEn el informe se recalc\u00f3 en la importancia de instancias independientes como la JEP y la Comisi\u00f3n de la Verdad que entr\u00f3 en operaci\u00f3n el 29 de noviembre.\u00a0 Por \u00faltimo, aprovech\u00f3 para destacar la labor de Jean Arnault, quien dej\u00f3 el cargo de jefe de la Misi\u00f3n de Verificaci\u00f3n a finales de noviembre, y le dio la bienvenida a su sucesor\u00a0Carlos Ruiz Massieu. \r\n\r\n\u00a0 \r\n", "link": "https://www.elespectador.com/politica/onu-insiste-en-mayor-presencia-del-estado-en-las-zonas-mas-afectados-por-el-conflicto-article-831795/", "actores": [], "puntos": ["punto1", "punto3", "punto4", "punto5"], "medio": "elespectador"}