{"titulo": "oposicion-le-pide-al-gobierno-espanol-no-aceptar-a-nestor-humberto-martinez-como-embajador", "fecha": "19/11/2020", "aux": "Jes\u00fas Santrich, Iv\u00e1n Marqu\u00e9z Jes\u00fas Santrich", "contenido": "En carta directa al presidente ib\u00e9rico, Pedro S\u00e1nchez, 20 congresistas le dicen que el nombramiento del exfiscal \u201ces un acto inmoral, que solo beneficia los enemigos de la paz y es un escape para que las investigaciones que se adelantan en su contra puedan avanzar\u201d.La oposici\u00f3n pol\u00edtica en el Congreso sigue adelante con su cruzada para impedir la posible llegada del exfiscal general, N\u00e9stor Humberto Mart\u00ednez, a la embajada de Espa\u00f1a, la cual, si bien no se ha confirmado por parte de la Casa de Nari\u00f1o, parece algo inminente. 20 legisladores de diferentes partidos, entre senadores y representantes a la C\u00e1mara, le dirigieron una carta directamente a Pedro S\u00e1nchez P\u00e9rez, presidente del gobierno de Espa\u00f1a, en el que le expresan su preocupaci\u00f3n por el nombramiento del exjefe del ente acusador. La misiva va con copia al vicepresidente y ministro de Derechos Sociales y a la ministra de Asuntos Exteriores, Mar\u00eda Ar\u00e1nzazu Gonz\u00e1lez. \u201cUn grupo de parlamentarios de Colombia hemos decidido enviarle esta carta con el fin de poner en conocimiento de ustedes y su pa\u00eds, los graves hechos que se vienen investigando en Colombia y que involucran al exfiscal general, N\u00e9stor Humberto Mart\u00ednez Neira, quien ha sido nombrado por el presidente Iv\u00e1n Duque como nuevo embajador en Espa\u00f1a\u201d, se\u00f1ala el escrito, en el que se enumera una a una las denuncias y presuntas irregularidades en las que se involucra al exfuncionario. Por ejemplo, se habla de su supuesta participaci\u00f3n en el esc\u00e1ndalo de corrupci\u00f3n de Odebrecht, en las supuestas chuzadas a los negociadores de paz de La Habana \u201cen un intento por afectar el proceso de paz\u201d, y de los 24 mil audios que se conocieron la semana pasada, revelados por  , que la Fiscal\u00eda, bajo la direcci\u00f3n de Mart\u00ednez, ten\u00eda en su poder y en los que se evidencia la interceptaci\u00f3n de comunicaciones en el marco de una operaci\u00f3n encubierta que realiz\u00f3 la DEA, como parte de un montaje para afectar la implementaci\u00f3n del acuerdo de Paz. \u201cEstas pruebas, que involucran a   exnegociador de las Farc, fueron negadas a la Jurisdicci\u00f3n Especial para la Paz (JEP), ente creado por el Acuerdo de Paz para juzgar delitos en el marco del conflicto. En su momento la Fiscal\u00eda argument\u00f3 que Estados Unidos no quiso entregar las pruebas con las que contaba y esto no permit\u00eda evaluar su pertinencia. Hoy estos hechos han ocasionado el rearme de un grupo de exnegociadores de paz de las Farc,  ,  , entre otros, todo ello ha generado una nueva espiral de violencia, afectando gravemente la continuidad de la implementaci\u00f3n del Acuerdo de Paz\u201d, agrega la carta al presidente espa\u00f1ol. Y concluye: \u201cel nombramiento de N\u00e9stor Humberto Mart\u00ednez como embajador de Colombia ante el gobierno del Reino de Espa\u00f1a es un acto inmoral, que solo beneficia los enemigos de la paz y es un escape para que las investigaciones que se adelantan en su contra puedan avanzar\u201d. Para solicitar, finalmente, que se considere la inconveniencia de aceptarlo como representante diplom\u00e1tico del pa\u00eds en Madrid. La carta est\u00e1 firmada por los senadores Iv\u00e1n Cepeda, Alex\u00e1nder y Wilson Arias, del Polo Democr\u00e1tico; Gustavo Bol\u00edvar de la Alianza Verde; Juli\u00e1n Gallo y Aida Avella del partido FARC; y representantes como Mar\u00eda Jos\u00e9 Pizarro, de la Coalici\u00f3n Decentes; C\u00e9sar Augusto Pach\u00f3n, de MAIS, y \u00c1ngela Mar\u00eda Robledo, de Colombia Humana, entre otros.", "link": "https://www.elespectador.com/politica/oposicion-le-pide-al-gobierno-espanol-no-aceptar-a-nestor-humberto-martinez-como-embajador-article/", "actores": [], "puntos": ["punto1", "punto2", "punto3", "punto4"], "medio": "elespectador"}