{"titulo": "oposicion-e-independientes-se-la-juegan-por-un-giro-en-la-politica-de-drogas", "fecha": "23/7/2019", "aux": "", "contenido": "Prohibici\u00f3n del glifosato, tratamiento diferencial para peque\u00f1os cultivadores de coca, regulaci\u00f3n del consumo en centros especializados con enfoque de salud p\u00fablica y la creaci\u00f3n de un instituto encargado de la pol\u00edtica de prevenci\u00f3n y atenci\u00f3n al consumo hacen parte del paquete legislativo.Con cuatro iniciativas legislativas, varios congresistas de partidos declarados en oposici\u00f3n e independientes intentar\u00e1n hacer un giro en la pol\u00edtica de drogas en el pa\u00eds, convencidos de que mantener  \r\n\r\nLa primera de ellas, de autor\u00eda del senador Gustavo Bol\u00edvar, de la Lista de la Decencia, buscar\u00e1 que el Estado reglamente, bajo el enfoque de salud p\u00fablica, el porte y consumo de estupefacientes y que establezca medidas de orden \u201cpedag\u00f3gico, profil\u00e1ctico o terap\u00e9utico para la atenci\u00f3n integral de las personas que usan estas sustancias\u201d. \r\n\r\n\u201cEl acceso a esas medidas y tratamientos requiere el consentimiento informado de la persona usuaria. En las respuestas al uso de sustancias estupefacientes, psicoactivas o sicotr\u00f3picas, el Estado implementar\u00e1 un enfoque diferencial que distinga entre los diferentes tipos de consumo y sustancias, \r\n\r\n \r\n\r\nEn ese mismo sentido, argumenta que el principal objetivo de la iniciativa \u201ces propender por un enfoque de salud p\u00fablica en el dise\u00f1o e implementaci\u00f3n de la pol\u00edtica nacional de drogas, en cumplimiento de las obligaciones nacionales e internacionales que ha adquirido el estado colombiano en materia de derechos humanos. Esto, con el fin de garantizar el goce efectivo de los derechos fundamentales de la poblaci\u00f3n colombiana y especialmente la protecci\u00f3n de los ni\u00f1os, ni\u00f1as y adolescentes, que son sujetos de especial protecci\u00f3n\u201d. \r\n\r\nUn segundo proyecto intentar\u00e1 ponerle fin al debate sobre el glifosato prohibiendo expresamente el uso del qu\u00edmico y sus derivados. \u201cComo se sabe, defendemos la tesis de que est\u00e1 demostrado el car\u00e1cter nocivo del glifosato y sus derivados, y su impacto en materia de salubridad. Hay casos suficientemente dicientes. Creemos que es necesario ponerle punto final a esa pol\u00e9mica\u201d, coment\u00f3 el senador del Polo Democr\u00e1tico, Iv\u00e1n Cepeda. \r\n\r\nSi bien Cepeda celebr\u00f3 que la Corte Constitucional mantuviera las condiciones para el uso del glifosato en el pa\u00eds, se\u00f1al\u00f3 que es peligroso que, a trav\u00e9s del Consejo Nacional de Estupefacientes, se vuelva a abrir la puerta a la aspersi\u00f3n. \r\n\r\nLos partidos de la llamada \u201calianza interparlamentaria para transformar la pol\u00edtica de drogas\u201d tambi\u00e9n radicaron una iniciativa que buscar\u00e1 un trato diferencial penal para los peque\u00f1os cultivadores de coca en el pa\u00eds, que son considerados como el eslab\u00f3n m\u00e1s d\u00e9bil en la cadena del narcotr\u00e1fico. \u201cEs el campesino, obligado por las circunstancias, a tener que sobrevivir en un pa\u00eds que se ha negado a hacer una reforma agraria. Los beneficios de ese tratamiento penal diferencial significan que ellos reconocen un delito, pero, en cumplimiento de ese compromiso, \r\n\r\nLa \u00faltima iniciativa que hace parte de este paquete es de autor\u00eda del senador Armando Benedetti, aunque ser\u00e1 radicado la pr\u00f3xima semana y propone crear un instituto encargado de la direcci\u00f3n e implementaci\u00f3n de la pol\u00edtica de prevenci\u00f3n y atenci\u00f3n al consumo de sustancias psicoactivos. \r\n\r\n\u201cLa guerra contra las drogas ha estado perdida por un problema de miop\u00eda pol\u00edtica y sentido com\u00fan. No quieren ver que la soluci\u00f3n ya est\u00e1 inventada. En el Acuerdo de Paz, en su componente de soluci\u00f3n al problema de las drogas, se contemplan los planes de sustituci\u00f3n voluntaria que ayuda a acabar los cultivos il\u00edcitos dando trabajo al campesino cultivador de la hoja y empujando un desarrollo rural en beneficio. La soluci\u00f3n integral tambi\u00e9n incluye a los bancos y el sistema financiero para desbaratar los carteles que limpian sus ganancias por esa v\u00eda. Lo que no sirve se cambia y la lucha contra la droga, como la han llevado en 30 a\u00f1os, no da resultados\u201d, manifest\u00f3 la senadora A\u00edda Avella, de la Lista de la Decencia. \r\n", "link": "https://www.elespectador.com/politica/oposicion-e-independientes-se-la-juegan-por-un-giro-en-la-politica-de-drogas-article-872404/", "actores": [], "puntos": ["punto1", "punto2", "punto3", "punto4", "punto5"], "medio": "elespectador"}