{"titulo": "paro-nacional-confirman-mocion-de-censura-contra-mindefensa-por-uso-excesivo-de-la-fuerza", "fecha": "18/5/2021", "aux": "En contexto:  Lea tambi\u00e9n: ", "contenido": "La mesa directiva de la C\u00e1mara de Representantes cit\u00f3 a Diego Molano para que acuda a la plenaria el pr\u00f3ximo martes 25 de mayo. Justo hoy, la Procuradur\u00eda anunci\u00f3 que adelanta 71 indagaciones contra integrantes de la Polic\u00eda por presuntas violaciones a derechos humanos.Justo dentro de ocho d\u00edas, el  , la plenaria de la  escuchar\u00e1, durante un  , al ministro de Defensa, Diego Molano, por aparente uso excesivo de la fuerza por parte de las autoridades durante el paro nacional. Seg\u00fan confirm\u00f3 la mesa directiva de la C\u00e1mara, sumado a los aparentes excesos, el funcionario del gobierno de Iv\u00e1n Duque deber\u00e1 responder en plenaria por la   en las manifestaciones de los \u00faltimos d\u00edas, hechos que podr\u00edan generar consecuencias que comprometan sus funciones como ministro\u201d. A principios de mes, en medio de las marchas y protestas, y la dif\u00edcil situaci\u00f3n de orden p\u00fablico, el  como parte de las medidas de contenci\u00f3n. El argumento es que la Polic\u00eda, una fuerza de naturaleza civil, no es suficiente para  , por lo que se convoc\u00f3 a una fuerza militar en ciudades como Cali. A pesar de las cr\u00edticas a esta determinaci\u00f3n, bajo el argumento de que se estar\u00eda estigmatizando las protestas, el presidente Iv\u00e1n Duque anunci\u00f3 que la . \u201cLa asistencia militar se mantendr\u00e1 hasta que cese los hechos de grave alteraci\u00f3n de orden p\u00fablico, nuestras fuerzas militares est\u00e1n \u201d, explic\u00f3 en ese entonces. Justo este martes, la   General de la Naci\u00f3n anunci\u00f3 que, sumado a nueve acciones disciplinarias contra funcionarios p\u00fablicos, adelanta  por presuntas violaciones a los derechos humanos, con ocasi\u00f3n de su intervenci\u00f3n en las protestas, en la medida que podr\u00eda entra\u00f1ar presunto  \u201cEn ejercicio del poder preferente se han asumido para adelantar la acci\u00f3n disciplinaria y garantizar el debido proceso, la celeridad de las actuaciones, y los derechos de las v\u00edctimas, a fin de alcanzar la verdad material\u201d, explic\u00f3 la entidad. De acuerdo con el organismo, las  presentadas por los ciudadanos. Entre los casos en investigaci\u00f3n en Cali (Valle del Cauca), Madrid (Cundinamarca) e Ibagu\u00e9 (Tolima). Adicionalmente, tres procesos disciplinarios por presunto abuso sexual en Cali (Valle del Cauca), Popay\u00e1n (Cauca) y Manizales (Caldas). El pasado 4 de mayo, en medio de las denuncias de  en el uso de la fuerza por parte de la   en el marco del   fue en el Senado donde fue radicada una  La iniciativa, argumentan un grupo de congresistas por medio de una carta dirigida al presidente del Senado, Arturo Char, busca discutir \u201cel , y la situaci\u00f3n de orden p\u00fablico\u201d que enfrenta el pa\u00eds en el marco del Paro Nacional. Entre las motivaciones, los parlamentarios recuerdan que, a ra\u00edz de la fallida reforma tributaria que tuvo que retirar el gobierno de Iv\u00e1n Duque en el Congreso, se convoc\u00f3 a una Todo ello, en un contexto de insatisfacci\u00f3n general por el  el incremento de la pobreza, el desempleo y, en general, el deterioro de las condiciones de salubridad y vida de la poblaci\u00f3n. \u201cDesde el mismo momento de la convocatoria,  para no realizar las manifestaciones convocadas\u201d, explicaron, se\u00f1alando que la Comisi\u00f3n Interamericana de Derechos Humanos, por cuenta de la emergencia sanitaria desatada por el COVID-19, ha recordado la obligaci\u00f3n estatal de respetar los derechos humanos.", "link": "https://www.elespectador.com/politica/paro-nacional-confirman-mocion-de-censura-contra-mindefensa/", "actores": [], "puntos": ["punto1", "punto3", "punto4", "punto5"], "medio": "elespectador"}