{"titulo": "partido-comunes-critica-nombramiento-del-nuevo-alto-comisionado-para-la-paz", "fecha": "28/5/2021", "aux": "Le puede interesar:  @IvanDuque pic.twitter.com/9KZezhnAl4", "contenido": "\u201cEs un golpe demoledor para la implementaci\u00f3n\u201d, se\u00f1al\u00f3 ese partido en un comunicado y cuestiona que Restrepo fue un \u201cmilitante del no al Acuerdo de Paz\u201d.En un comunicado publicado en la noche de este jueves, el Partido Comunes (antes FARC) lanz\u00f3 duras cr\u00edticas a Juan Camilo Restrepo G\u00f3mez, nombrado por el presidente Iv\u00e1n Duque M\u00e1rquez como alto comisionado para la Paz. Para Comunes, el Gobierno ha implementado de manera deficiente el Acuerdo de Paz durante los \u00faltimos dos a\u00f1os y el nombramiento de Restrepo G\u00f3mez se convierte en \u201cla cereza del pastel\u201d. \u201cRestrepo sostuvo abiertamente desde Augura (Asociaci\u00f3n de Bananeros de Colombia) la campa\u00f1a del no en el plebiscito para la refrendaci\u00f3n de lo acordado. Adem\u00e1s, como director de Augura fue uno de los 37 donantes del comit\u00e9 La paz es de todos, que, seg\u00fan Cuentas Claras del Consejo Nacional Electoral, don\u00f3 33 millones de pesos a la campa\u00f1a\u201d, dice el partido de la exguerrilla. La decisi\u00f3n de   de nombrar a un declarado militante del NO al Acuerdo de Paz, en el cargo de Alto Comisionado, no puede mirarse como un simple acto de ingenuidad. Se trata, de asestar un golpe demoledor contra la implementaci\u00f3n del acuerdo de Paz!  Para el consejo pol\u00edtico nacional de Comunes, se respeta su decisi\u00f3n personal de oponerse al acuerdo, sin embargo, no pueden ser pasivos frente al nombramiento. \u201c\u00bfC\u00f3mo va a implementar el acuerdo firmado si \u00e9l no lo comparte ni cree en \u00e9l?\u201d, aducen. En ese sentido, dice la colectividad, la llegada de Restrepo a esa oficina \u201ces una burla a las expectativas de paz que tiene el pueblo colombiano\u201d y una \u201cafrenta contra la mayor\u00eda de la ciudadan\u00eda colombiana que sue\u00f1a, quiere y lucha pro construir la paz\u201d. Por otra parte, invitaron a Restrepo a declinar el nombramiento. \u201cLa decisi\u00f3n del presidente Iv\u00e1n Duque de nombras a un declarado militante del no al Acuerdo de Paz en el cargo de alto comisionado no puede mirarse como un simple acto de ingenuidad, descuido o ignorancia de su parte. Se trata de asestar un golpe demoledor contra la implementaci\u00f3n\u201d. Como conclusi\u00f3n, enviaron una pulla a Miguel Ceballos, quien ocup\u00f3 ese cargo hasta el pasado martes. \u201cUtiliz\u00f3 el cargo como trampol\u00edn para proponer su nombre en la bajara de precandidatos presidenciales\u201d.", "link": "https://www.elespectador.com/politica/partido-comunes-critica-nombramiento-del-nuevo-alto-comisionado-para-la-paz/", "actores": [], "puntos": [], "medio": "elespectador"}