{"titulo": "partido-comunes-presenta-proyecto-para-crear-un-plan-nacional-de-salud-rural", "fecha": "8/4/2021", "aux": "Le puede interesar: M\u00e1s: ", "contenido": "Este plan responde a uno de los temas contemplados en la reforma rural que contempla el Acuerdo de Paz. Este beneficiar\u00eda a 11 millones de personas que viven en el campo.Se\u00f1alando las acciones ineficientes del Gobierno en la materia, la senadora Victoria Sandino y los representantes Omar Jes\u00fas Restrepo y Jairo Cala, del Partido Comunes, radicaron un proyecto para garantizar la salud de las personas en el campo, uno de los temas dentro de la reforma rural del Acuerdo de Paz. El Plan Nacional de Salud Rural (PNSR) est\u00e1 pensado para beneficiar a 11 millones de personas, mejorando el acceso a la salud y la atenci\u00f3n de estos, as\u00ed como garantizar la protecci\u00f3n social y los riesgos laborales de los y las trabajadoras del campo. Por eso, el proyecto tambi\u00e9n dispone de la implementaci\u00f3n de la pol\u00edtica p\u00fablica que asegure estos temas. \u201cEl problema no es que el dinero sea insuficiente, el problema es que los recursos est\u00e1n mal invertidos, se malgastan en corrupci\u00f3n y en acrecentar las ganancias de las EPS. Por esto, proponen la reorganizaci\u00f3n de los recursos y as\u00ed garantizar el derecho a la salud en los territorios a trav\u00e9s de la cobertura, calidad y oportunidad en la atenci\u00f3n\u201d, dijo el representante Cala. La senadora Sandino explic\u00f3 que el proyecto contempla un cap\u00edtulo especial para la atenci\u00f3n de las mujeres, que son casi el 50%, y poblaci\u00f3n diversa en zonas rurales, \u201cquienes tienen necesidades espec\u00edficas en materia de salud\u201d, recalca. El Plan Nacional de Salud Rural es uno de los 16 planes que contempla la reforma rural. \u201cEl Gobierno tiene un proyecto de resoluci\u00f3n, pero sigue estando lejos de ser una verdadera soluci\u00f3n para las comunidades rurales\u201d, se\u00f1al\u00f3 Sandino por los esfuerzos adelantados por el Ejecutivo.", "link": "https://www.elespectador.com/politica/partido-comunes-presenta-proyecto-para-crear-un-plan-nacional-de-salud-rural-article/", "actores": [], "puntos": ["punto1", "punto3", "punto4", "punto5"], "medio": "elespectador"}