{"titulo": "partido-comunes-presenta-su-nuevo-logo", "fecha": "28/2/2021", "aux": "#ATENCI\u00d3N #IXPlenoComunes pic.twitter.com/av7qfXdBsy", "contenido": "La colectividad (antes llamada FARC), tambi\u00e9n se refiri\u00f3 a las elecciones de 2022. Insisti\u00f3 en que solo una gran convergencia de los sectores progresistas y de izquierda podr\u00e1 derrotar en las urnas.El Partido Comunes (anteriormente llamado FARC), present\u00f3 oficialmente su nuevo logo. En \u00e9l contempla los s\u00edmbolos de la rosa y de la paloma de la paz. Este se escogi\u00f3 entre varios dise\u00f1os que la ciudadan\u00eda y su militancia envi\u00f3 a una convocatoria que hizo la colectividad y que cerr\u00f3 el pasado 15 de febrero. Lo dio a conocer este domingo como uno de los resultados del IX Pleno del Consejo Nacional, realizado en Fusagasug\u00e1 desde el 26 de febrero hasta hoy. El cambio del logo hace parte de la transformaci\u00f3n de imagen de la organizaci\u00f3n nacida del Acuerdo de Paz, algo que recientemente decidieron sus miembros como estrategia para dejar de lado el estigma de su antiguo nombre y enfrentar, con otra cara, la contienda electoral de 2022 que empez\u00f3 tempranamente. \u201cHemos decidido cambiar el nombre que usamos por m\u00e1s de 50 a\u00f1os, que nos acompa\u00f1\u00f3 el en sue\u00f1o de construir una nueva Colombia. Ahora somos Comunes, porque somos todos y todas, porque solo en comunidad se puede construir un mejor futuro, por lo mismo, renovamos tambi\u00e9n nuestro logo\u201d, dijo el partido en un video. En \u00e9l tambi\u00e9n reconoci\u00f3 que los dise\u00f1os que recibi\u00f3 demuestran el \u201cingenio\u201d de los colombianos. \u201cQueremos decirles que nos ha parecido incre\u00edble intercambiar con ustedes en torno al logo de un partido. Eso quiere decir que no todo est\u00e1 perdido y que lo que falta es que la pol\u00edtica escuche a la gente. Y ha llegado la hora\u201d, agreg\u00f3 el Partido Comunes. Comparto la declaraci\u00f3n pol\u00edtica de nuestro  . La unidad es la garant\u00eda de la paz y la democracia.  Adem\u00e1s del logo, en el Pleno tambi\u00e9n se tocaron otros puntos: la situaci\u00f3n interna de la colectividad, el balance de la participaci\u00f3n electoral en 2018 y 2019 (incluido el aspecto financiero), el balance del trabajo parlamentario, y la estrategia electoral de cara a los comicios presidenciales y al Congreso. Tambi\u00e9n si es necesario nuevos candidatos de cara al 2022 teniendo en cuenta y de acuerdo con las direcciones departamentales. Sobre estos temas la organizaci\u00f3n pol\u00edtica a\u00fan no ha sacado conclusiones robustas. No obstante, insistieron en que solo una gran convergencia de los sectores progresistas y de izquierda podr\u00e1 derrotar en las urnas. As\u00ed lo dijo el partido en una declaraci\u00f3n entregada este domingo y que compartieron sus militantes. \u201cPara nosotros es claro que la clave de la soluci\u00f3n a esa crisis est\u00e1 en las calles y en las urnas, en su lucha decidida por la conquista del poder pol\u00edtico. Para nuestro pa\u00eds es evidente que solo una gran convergencia de los sectores democr\u00e1ticos, de avanzada, progresistas, de izquierda, lograr\u00e1 imprimir realmente un viraje de importancia a la tr\u00e1gica realidad nacional. Estamos dispuestos a darlo todo para contribuir a ese pacto hist\u00f3rico\u201d, se lee en el comunicado. En el documento reiteran que su ruta de acci\u00f3n es la paz, la justicia social, la vida, y la democracia, por la defensa y la implementaci\u00f3n del Acuerdo de Paz que pactaron con el Estado en 2016. \u201cNuestro deber es contribuir en todo lo que est\u00e9 a nuestro alcance. Para ello, nuestro partido necesita una direcci\u00f3n unida, consecuente, firme en sus prop\u00f3sitos y que trabaje incansablemente por materializarlos. Hacia all\u00e1 se dirigieron principalmente los esfuerzos de este Consejo Nacional de los Comunes\u201d, agregaron sus integrantes. En el Pleno participaron 86 integrantes, de 111, que fueron elegidos en la primera asamblea, realizada en agosto de 2017. Ellos tuvieron voz y voto en las decisiones tomadas en este fin de semana.", "link": "https://www.elespectador.com/politica/partido-comunes-presenta-su-nuevo-logo-article/", "actores": [], "puntos": ["punto2", "punto4"], "medio": "elespectador"}