{"titulo": "partido-farc-anuncia-que-se-sumara-a-la-minga-indigena-y-el-paro-nacional-del-21-de-octubre", "fecha": "17/10/2020", "aux": "", "contenido": "La colectividad recalc\u00f3 que solo a trav\u00e9s de la movilizaci\u00f3n y la protesta ciudadana se podr\u00e1 detener el exterminio del que est\u00e1n siendo v\u00edctimas desmovilizados y l\u00edderes sociales, en su concepto, con la complacencia del Gobierno Nacional.Tras los asesinatos de Jes\u00fas Monroy (conocido como \u201cAlbeiro Suarez\u201d) y su escolta, Luis Alexander Largo (\u201cMandela\u201d), en hechos ocurridos este viernes en la vereda El Planch\u00f3n, municipio de Uribe (Meta), el partido FARC anunci\u00f3 que se sumar\u00e1 a la minga ind\u00edgena que en estos momentos se dirige hacia Bogot\u00e1 y el paro nacional convocado para el pr\u00f3ximo mi\u00e9rcoles 21 de octubre, recalcando que solo a trav\u00e9s de ese camino se puede \"salir de la indiferencia. \u201cDebemos movilizarnos hasta que seamos millones los que exijamos el cese del exterminio que se adelanta con la complacencia del Gobierno Nacional\u201d, se\u00f1al\u00f3 la colectividad en un comunicado p\u00fablico. En el mismo, se\u00f1ala que ya son 234 los exguerrilleros asesinados, 146 de ellos bajo el actual gobierno, desde la firma del Acuerdo de Paz en 2016. \u201cJes\u00fas Monroy era integrante de la Direcci\u00f3n Nacional de nuestro partido, estaba al frente del proceso de reincorporaci\u00f3n en el departamento del Meta y se hab\u00eda granjeado el respaldo y apoyo de las comunidades de la regi\u00f3n, que lo hab\u00edan adoptado como su l\u00edder natural. Fue vocero en la audiencia que realiz\u00f3 la Jurisdicci\u00f3n Especial de Paz, el pasado 22 de agosto, para analizar los problemas de seguridad de los exguerrilleros en el oriente del pa\u00eds\u201d. Para el partido FARC, esa racha de asesinatos contra los firmantes de la paz se da frente a un gobierno \u201cque mantiene un silencio c\u00f3mplice\u201d que, en su concepto, busca impedir la consolidaci\u00f3n de la paz, que es la estrategia de su partido, el Centro Democr\u00e1tico. \u201cEstos asesinatos no son hechos aislados ante la arremetida contra la Jurisdicci\u00f3n Especial para la Paz, la Comisi\u00f3n de Esclarecimiento de la Verdad y la simulaci\u00f3n de la implementaci\u00f3n del Acuerdo que hemos venido denunciando\u201d, agrega el escrito. El comunicado habla incluso de una \u201cconvergencia de factores\u201d que ha terminado uniendo en sus prop\u00f3sitos a la extrema derecha con quienes traicionaron el Acuerdo de Paz, refiri\u00e9ndose a las disidencias, que ha convertido a los exguerrilleros desmovilizados en blanco de odios y de intereses mezquinos de ambos extremos. \u201cDurante cuatro a\u00f1os hemos asistido a un gota a gota macabro entre la c\u00e1lida solidaridad de quienes defienden la paz y la desconcertante indiferencia de algunos sectores del pa\u00eds que a\u00fan no reaccionan, pese a que est\u00e1n asesinando la paz ante sus ojos\u201d. El partido, surgido tras la desmovilizaci\u00f3n de las Farc, enfatiza que su objetivo es \"despertar a esas mayor\u00edas indiferentes, por lo que hace un llamado a la movilizaci\u00f3n en defensa de la paz. \u201cNo podemos seguir inm\u00f3viles frente a esta tragedia que cobra igualmente la vida de centenares de l\u00edderes sociales y defensores de derechos humanos, con asesinatos selectivos y masacres en todo el territorio nacional. La minga ind\u00edgena y el paro convocado para el 21 de octubre nos se\u00f1alan el camino para salir de la indiferencia. Debemos movilizarnos hasta que seamos millones los que exijamos el cese del exterminio que se adelanta con la complacencia del Gobierno Nacional\u201d, concluye el comunicado, suscrito por el Consejo Pol\u00edtico Nacional de la colectividad.", "link": "https://www.elespectador.com/politica/partido-farc-anuncia-que-se-sumara-a-la-minga-indigena-y-el-paro-nacional-del-21-de-octubre-article/", "actores": [], "puntos": ["punto1", "punto3", "punto4", "punto5"], "medio": "elespectador"}