{"titulo": "paso-a-paso-como-seria-la-revocatoria-del-mandato-presidencial", "fecha": "15/10/2020", "aux": "Lea tambi\u00e9n:  En contexto:  Lea tambi\u00e9n: ", "contenido": "Desde el Congreso fue presentada una propuesta de referendo que, entre otras, busca que los ciudadanos puedan revocar al presidente en las urnas, tal como ocurre con alcaldes y gobernadores. As\u00ed ser\u00eda el procedimiento.Si bien hoy los ciudadanos pueden dar por terminado el mandato que le han conferido a un gobernador o un alcalde a trav\u00e9s de una revocatoria, el mecanismo no aplica para el presidente. Por ello, desde el Congreso, el senador Roy Barreras propuso un referendo para viabilizar, entre otras, la revocatoria en el caso de los inquilinos de la Casa de Nari\u00f1o. Actualmente, la Constituci\u00f3n cataloga la falta absoluta del presidente solo en cinco casos: muerte, renuncia aceptada, destituci\u00f3n decretada por sentencia, incapacidad f\u00edsica permanente o abandono del cargo. La iniciativa propone entonces una sexta causal: revocatoria del mandato. Tal como est\u00e1 planteado, la revocatoria podr\u00e1 ser solicitada si se cumple alguna de estas cuatro condiciones: 1. Falta de gesti\u00f3n del Gobierno Nacional, que se ver\u00e1 reflejada en un decrecimiento econ\u00f3mico que implique un aumento en m\u00e1s de 10 puntos porcentuales en los \u00edndices de pobreza monetaria y en m\u00e1s de cinco puntos en \u00edndices de pobreza extrema. 2. Cuando los indicadores de desempleo y de pobreza extrema se hayan deteriorado en m\u00e1s de un 50 %. 3. Deterioro del orden p\u00fablico y la seguridad ciudadana, que se comprobar\u00e1 en el aumento de las cifras de homicidios, cr\u00edmenes de l\u00edderes sociales y defensores de derechos humanos, masacres, desplazamientos forzados y hurtos a personas. 4. Cuando se evidencien limitaciones a la implementaci\u00f3n del Acuerdo Final de Paz para la Terminaci\u00f3n del Conflicto firmado entre el gobierno anterior y la otrora guerrilla de las Farc. Sin embargo, para solicitar la revocatoria deben haber pasados dos a\u00f1os de gobierno y ser\u00e1 tarea del Congreso hacer la solicitud ante los organismos electorales, que deber\u00e1n comprobar si se cumplen las condiciones. Para ello, se requiere que al menos el 10 % de los senadores y representantes hagan la respectiva solicitud. Si se cumplen las condiciones, los ciudadanos ser\u00e1n convocados a votaci\u00f3n por parte de la Registradur\u00eda Nacional del Estado Civil en un t\u00e9rmino de 30 d\u00edas. Para que se apruebe la revocatoria y un mandatario sea apartado de su cargo se requiere que el n\u00famero de sufragios sea igual o superior al 40 % de los votos v\u00e1lidos emitidos el d\u00eda de la elecci\u00f3n. Apenas hace dos a\u00f1os, por primera vez en la historia del pa\u00eds desde que existe la figura de la revocatoria del mandato, un municipio logr\u00f3 los votos necesarios para sacar del cargo al alcalde de turno. Se trata de Tasco (Boyac\u00e1), en donde los ciudadanos salieron a manifestarse sobre la continuidad del mandato de Nelson Javier Garc\u00eda Castellanos, de la Alianza Verde. El resultado, luego de informadas el 100 % de las mesas, arroj\u00f3 que el 97,04 % (1.609 votos) de los ciudadanos vot\u00f3 a favor de la revocatoria. S\u00f3lo 21 personas votaron para que Garc\u00eda Castellano siguiera en el poder. En el caso de un gobernador o un alcalde, la solicitud de revocatoria solo puede ser presentada despu\u00e9s de un a\u00f1o de la posesi\u00f3n del mandatario y cuando no falte menos de un a\u00f1o para finalizar su periodo constitucional. Cualquier ciudadano, organizaci\u00f3n social, partido o movimiento pol\u00edtico puede solicitar a la Registradur\u00eda ser inscrito como promotor de la revocatoria. La Registradur\u00eda tiene un plazo de 8 d\u00edas para verificar si su petici\u00f3n cumple con los requisitos. Una vez inscrito, la Registradur\u00eda entregar\u00e1 al promotor o promotores de la revocatoria un formulario para la recolecci\u00f3n de apoyos, en el que en el que deber\u00e1 aparecer indicado el n\u00famero de firmas que es necesario para inscribir la iniciativa y un resumen del contenido de la propuesta para que cualquier interesado pueda leerla antes de manifestar su apoyo con su firma. Para que la solicitud sea admitida debe contar con un n\u00famero de firmas equivalente a por lo menos el 30 % de los votos que haya obtenido el mandatario en su elecci\u00f3n. Si aprueba la solicitud, el registrador deber\u00e1, dentro de los dos meses siguientes, convocar al pueblo para que se pronuncie sobre la revocatoria. La revocatoria ser\u00e1 aprobada si se pronuncia a su favor la mitad m\u00e1s uno de los ciudadanos que voten en la convocatoria, siempre y cuando el n\u00famero de sufragios no sea inferior al 40 % de la votaci\u00f3n v\u00e1lida registrada en la elecci\u00f3n del mandatario. Si es aprobada, se convocar\u00e1 a nuevas elecciones. Si la decisi\u00f3n popular es no revocar el mandato, no podr\u00e1 volver a intentarse la revocatoria en lo que reste del periodo del funcionario.", "link": "https://www.elespectador.com/politica/paso-a-paso-como-seria-la-revocatoria-del-mandato-presidencial-article/", "actores": [], "puntos": ["punto2", "punto3", "punto4", "punto5"], "medio": "elespectador"}