{"titulo": "pastor-alape-denuncia-que-su-esquema-de-seguridad-fue-reducido", "fecha": "31/1/2021", "aux": "#PaisEnPazSinEscoltas https://t.co/6KsCiLZYmm", "contenido": "Alape alert\u00f3 que solo cuenta, como protecci\u00f3n, con un conductor y un veh\u00edculo convencional, situaci\u00f3n, dice, que lo deja vulnerable ante su ejercicio de acompa\u00f1amiento a la reincorporaci\u00f3n.En una carta al ministro del Interior, Daniel Palacios, despacho donde est\u00e1 adscrita la Unidad Nacional de Protecci\u00f3n (UNP), el delegado del Partido Comunes en el Consejo Nacional de Reincorporaci\u00f3n, Pastor Alape, responsabiliz\u00f3 al Gobierno de cualquier hecho que le pueda ocurrir en ocasi\u00f3n de la reducci\u00f3n de su esquema de seguridad. \u201cDejo constancia y responsabilizo al Gobierno Nacional por el riesgo que representan los desplazamientos sin que el esquema de seguridad que me fue asignado sea reducido sustancialmente en su operatividad\u201d, se lee en la misiva fechada el 28 de enero. La des financiaci\u00f3n presupuestaria para la implementaci\u00f3n del acuerdo de paz y la construcci\u00f3n de democracia hacen parte de las causas que generan estas situaciones. Anhelamos un   y sin veh\u00edculos blindados  Para ese d\u00eda, puso como ejemplo, deb\u00eda movilizarse a La Guajira a acompa\u00f1ar un sepelio de un excombatiente y acompa\u00f1ar actividades de reincorporaci\u00f3n social y econ\u00f3mica. Luego, viaj\u00f3 a Antioquia por otras tareas. \u201cEl recorrido lo hice sin protecci\u00f3n completa, debido a que la UNP solo aprob\u00f3 el desplazamiento de un conductor con una camioneta convencional\u201d. Bajo ese entendido, insisti\u00f3 que, en caso de que le ocurra algo, la responsabilidad no ser\u00e1 de su esquema, sino del Gobierno Nacional, que ha hecho reajuste dentro de la entidad debido a los problemas financieros de esta. As\u00ed mismo, esta acci\u00f3n, a sus ojos, representa una \u201climitaci\u00f3n a las acciones y obligaciones de los firmantes con la implementaci\u00f3n del Acuerdo\u201d. Igual record\u00f3 que las actividades que \u00e9l desarrolla responden a las \u201cobligaciones con las acciones de reincorporaci\u00f3n econ\u00f3mica y social de la comunidad\u201d. Y pese a esta decisi\u00f3n, ratifica su compromiso con el Acuerdo de Paz, pero a la vez llama a que \u201cel Gobierno cumpla con las que le corresponde como administrador del Estado\u201d.", "link": "https://www.elespectador.com/politica/pastor-alape-denuncia-que-su-esquema-de-seguridad-fue-reducido-article/", "actores": [], "puntos": ["punto1", "punto2", "punto3", "punto5"], "medio": "elespectador"}