{"titulo": "piden-al-presidente-accion-en-la-dorada-municipio-con-alta-tasa-de-contagiados", "fecha": "16/4/2020", "aux": "", "contenido": "El llamado lo hace el representante de Cambio Radical por Caldas, Erwin Arias, quien asegura que, de no hacerse nada, la regi\u00f3n del Magdalena Medio se convertir\u00eda en el Guayaquil colombiano.\r\n\r\nUn SOS envi\u00f3 el representante de Cambio Radical por el departamento de Caldas, Erwin Arias, quien a trav\u00e9s de una carta al presidente Iv\u00e1n Duque le pidi\u00f3 ayuda para el municipio de La Dorada y toda la regi\u00f3n del Magdalena Medio\u00a0del pa\u00eds. \r\n\r\n\u00bfLa raz\u00f3n? La situaci\u00f3n sanitaria que despert\u00f3 el coronavirus en dicha zona donde, seg\u00fan Arias, por cada 2.500 habitantes del Magdalena Medio\u00a0hay un contagiado de COVID-19. Es decir, la tasa m\u00e1s alta en relaci\u00f3n al censo del territorio. \u00a0 \r\n\r\nLa situaci\u00f3n escala en preocupaci\u00f3n en cuanto a que La Dorada atiende a pobladores de municipios como Honda, Puerto, Salgar, Puerto Boyac\u00e1, Puerto Triunfo, Victoria, Norcasia, Saman\u00e1 y Marquetalia. Un solo hospital de segundo nivel para m\u00e1s de 500.000 personas de los alrededores. \r\n\r\n \r\n\r\n\u201cA la fecha los contagios por COVID-19 en ele municipio vienen creciendo de manera desbordada, poniendo en absoluto peligro a sus habitantes por no contar con la infraestructura de salud necesaria para atender su situaci\u00f3n en esta pandemia, como lo son las camas UCI, ventiladores mec\u00e1nicos, pruebas diagn\u00f3sticas de laboratorio, equipos biom\u00e9dicos y mobiliarios\u201d, comenta el representante en una carta al presidente. \r\n\r\nEn total, en La Dorada se contabilizaron, hasta el 15 de junio, 24 casos de contagio y dos muertes. A la vez, de acuerdo con el congresista, 345 personas est\u00e1n a la espera del resultado de la prueba de coronavirus. Entre ellos, 25 trabajadores de salud. A la vez de que hay cuatro auxiliares de enfermer\u00eda diagnosticadas. \r\n\r\nDe las 136 camas UCI para adultos de Caldas, La Dorada solo cuenta con 12, que ya est\u00e1n copada en un 90%. \u201cLo que deja el municipio a merced del COVID-19, pudiendo presentar una situaci\u00f3n similar a la que vive una ciudad como Guayaquil, en Ecuador, si el sistema colapsa\u201d. De acuerdo con Arias, all\u00ed no cuentan con hornos crematorios o protocolos para el tratamiento de los cad\u00e1veres. \r\n\r\n\u201cLe solicito, respetuosamente, que a trav\u00e9s del Ministerio de Defensa, se aumente el pie de fuerza por parte de las autoridades en esta regi\u00f3n y, de manera particular, en el municipio de La Dorada, con el objetivo de garantizar la adecuada aplicaci\u00f3n de la cuarentena preventiva obligatoria por parte de sus habitantes y permitir realizar acciones efectivas en materia de salud p\u00fablica como lo son los cercos epidemiol\u00f3gicos, incluso de quienes hoy con esmero y gallard\u00eda nos atienden en el sistema de salud\u201d, se lee en la carta. \r\n\r\nEn d\u00edas pasados, se propuso que la Cl\u00ednica Celad, que se encuentra cerrada, se dispusiera para el tratamiento de pacientes con COVID-19, sin embargo, esta no tuvo respuesta. Arias insisti\u00f3 en la idea, pidi\u00e9ndole al presidente mediar con el gobierno departamental y local para disponer de este espacio, a su vez, de recibir ayudas por parte del Ejecutivo para evitar un escalonamiento de la situaci\u00f3n presentada all\u00ed. \u00a0 \r\n\r\n \r\n\r\n \r\n", "link": "https://www.elespectador.com/politica/piden-al-presidente-accion-en-la-dorada-municipio-con-alta-tasa-de-contagiados-article-914947/", "actores": [], "puntos": ["punto4"], "medio": "elespectador"}