{"titulo": "piedad-cordoba-y-las-nuevas-posibilidades-de-la-izquierda", "fecha": "12/10/2016", "aux": "sancionada en dos ocasiones por el exprocurador Alejandro Ord\u00f3\u00f1ez  dentro de los presidenciables (Lea: Consejo de Estado tumba inhabilidad de 18 a\u00f1os a Piedad C\u00f3rdoba) (Lea: Fallo de la Procuradur\u00eda contra Piedad C\u00f3rdoba \"se bas\u00f3 en conjeturas\": Consejo de Estado)", "contenido": "Aunque se\u00f1al\u00f3 que no ser\u00e1 candidata presidencial, la exsenadora mueve el voto de opini\u00f3n y podr\u00eda ser una ficha clave para las aspiraciones de los movimientos de izquierda en el pa\u00eds.Con la determinaci\u00f3n del Consejo de Estado de devolverle los derechos pol\u00edticos a la exsenadora Piedad C\u00f3rdoba, que hab\u00eda sido  , tambi\u00e9n se abre una  El renacimiento de C\u00f3rdoba en la pol\u00edtica llega, adem\u00e1s, en un momento crucial en el que se discute la participaci\u00f3n pol\u00edtica de las Fuerzas Armadas Revolucionarias de Colombia (Farc), un asunto que ya hab\u00eda quedado contemplado en el acuerdo final que no fue refrendado por las mayor\u00edas en el plebiscito del 2 de octubre. De hecho, es uno de los puntos que levantaron ampollas en el Centro Democr\u00e1tico y motivaron la votaci\u00f3n por el No. Fuera de la discusi\u00f3n sobre el protagonismo y la popularidad que pueda tener en el pa\u00eds el futuro partido pol\u00edtico de las Farc, no se puede desconocer el caudal electoral que poseen varios de los candidatos activos de la izquierda en Colombia, entre ellos, desde ya, Piedad C\u00f3rdoba. La exsenadora obtuvo en 2010 la tercera mayor votaci\u00f3n al Senado por el Partido Liberal, con 67.438 votos. Adem\u00e1s, C\u00f3rdoba mueve el voto de opini\u00f3n, cultivado desde hace muchos a\u00f1os con su participaci\u00f3n en el ala socialdem\u00f3crata del partido Liberal \u2014que ha sido comandada por Ernesto Samper Pizano, actual secretario general de Unasur\u2014,  Se le suman tambi\u00e9n los senadores por el Polo Democr\u00e1tico Jorge Enrique Robledo e Iv\u00e1n Cepeda Castro, quienes en 2014 llegaron al legislativo con 191.910 y 84.126 votos, respectivamente. Aparte del escenario del Congreso, aparece el exalcalde de Bogot\u00e1 Gustavo Petro, el \u00fanico pol\u00edtico de izquierda que se perfila , una esfera en la que imperan personajes como Germ\u00e1n Vargas Lleras, Marta Luc\u00eda Ram\u00edrez, Sergio Fajardo, \u00d3scar Iv\u00e1n Zuluaga, Humberto de la Calle o Alejandro Ord\u00f3\u00f1ez. Es decir, que si se dejaran de lado las fuertes divisiones que se han presentado entre los pol\u00edticos de izquierda del pa\u00eds, esta podr\u00eda convertirse en una ficha clave de cara a las presidenciales de 2018, una elecci\u00f3n que ser\u00e1 fundamental si se tiene en cuenta que,  Tras conocerse el reciente fallo del Consejo de Estado, C\u00f3rdoba celebr\u00f3 y, en recientes declaraciones, se\u00f1al\u00f3 que espera que el pr\u00f3ximo procurador no llegara con la misma intenci\u00f3n de \u201cperseguir a los contradictores pol\u00edticos\u201d, en referencia a \u00d3rd\u00f3\u00f1ez.  Esas palabras, adem\u00e1s, no fueron gratis debido a que, para el Consejo de Estado, el fallo proferido en el pasado por el Ministerio P\u00fablico, impuesto por la supuesta financiaci\u00f3n en 2010 de la candidatura de Ricardo Antonio Montenegro a la C\u00e1mara de Representantes, cuando no contaba con el aval del partido Liberal, se bas\u00f3 en \u201cconjeturas e indicios\u201d.  \u201cA nivel del an\u00e1lisis de la prueba se encuentra que ello no fue as\u00ed. Se tuvieron otros documentos que permitieron establecer que no hab\u00eda una prueba cierta, hab\u00edan indicios que de pronto se hab\u00eda dado una plata en favor de esta persona\u201d, dijo la magistrada Sandra Lizeth Ibarra, ponente de la decisi\u00f3n. Dos meses antes, el Consejo de Estado tambi\u00e9n anul\u00f3 la sanci\u00f3n de la Procuradur\u00eda por los supuestos v\u00ednculos de la entonces senadora con las Farc, basada en pruebas recolectadas del computador de \u2018Raul Reyes\u2019, debido a que los documentos que se hab\u00edan encontrado en el aparato hab\u00edan sido declarados como prueba nula por la Corte Suprema de Justicia luego de que se violara la cadena de custodia de este. Piedad C\u00f3rdoba ha dicho que no aspirar\u00e1 a la Presidencia y que tampoco estar\u00e1 en el partido Liberal, pero s\u00ed manifest\u00f3 su inter\u00e9s en la conformaci\u00f3n de un frente amplio por la paz y, por otros lados, no se descarta que pueda ser aspirante por el partido pol\u00edtico de las Farc. ", "link": "https://www.elespectador.com/politica/piedad-cordoba-y-las-nuevas-posibilidades-de-la-izquierda-article-659999/", "actores": [], "puntos": ["punto2", "punto3", "punto4", "punto5"], "medio": "elespectador"}