{"titulo": "presidente-duque-no-se-reunira-con-la-minga-si-de-lo-que-se-trata-es-de-hacerle-un-debate-politico", "fecha": "16/10/2020", "aux": "", "contenido": "As\u00ed lo advirti\u00f3 el comisionado de Paz, Miguel Ceballos, quien enfatiz\u00f3 que ese tipo de debates se hacen es en el Congreso. Invit\u00f3 a la minga a convertirse en un partido pol\u00edtico, si eso es lo que quiere.Que la minga del suroccidente que se dirige hacia Bogot\u00e1 tiene un trasfondo pol\u00edtico, es algo as\u00ed como una verdad de Perogrullo. Como se sabe, de ella hacen parte comunidades ind\u00edgenas, afro y campesinas y sus reclamos tienen que ver con los supuestos incumplimientos del Gobierno Nacional de los acuerdos de a\u00f1os pasados, que incluyen, por ejemplo, acceso a la tierra, respeto a la consulta previa, respeto a su autonom\u00eda, implementaci\u00f3n de la paz, y, sobre todo, que paren los asesinatos de sus l\u00edderes. Por eso, llama mucho la atenci\u00f3n que el comisionado de Paz, Miguel Ceballos, insista en que definitivamente el presidente Iv\u00e1n Duque no se reunir\u00e1 con ella si de lo que se trata es de hacer un debate pol\u00edtico. \u201cLa minga se ha caracterizado a s\u00ed misma como pol\u00edtica, en ese sentido seguiremos insistiendo en que si se trata en un debate pol\u00edtico al presidente de la Rep\u00fablica, como ellos afirman que es, por supuesto los cauces de la democracia y la estructura de nuestra Constituci\u00f3n y de la ley no prev\u00e9 que se hagan debates pol\u00edticos al presidente. Esos debates se hacen al Gobierno, es decir, a los miembros del Gobierno y se hacen en el seno del Congreso. Ya el Senado de la Rep\u00fablica aprob\u00f3 una proposici\u00f3n para invitar a los miembros de la minga para que vayan al Senado y si esa es la voluntad de los se\u00f1ores senadores, pueden citar un debate pol\u00edtico\u201d, asegur\u00f3 Ceballos en entrevista con Noticias RCN. Incluso, el comisionado fue m\u00e1s all\u00e1 e invit\u00f3 a los l\u00edderes de la movilizaci\u00f3n a convertirse en un partido pol\u00edtico, si es que eso es lo que quieren. \u201cLas reglas de la democracia deben cumplirse, si la minga quiere convertirse en un partido pol\u00edtico, ah\u00ed est\u00e1n los cauces y rutas para que lo hagan. De esa manera podr\u00e1n hacer los debates pol\u00edticos que ellos deseen, pero en el marco del espacio natural para ello, que es el Congreso de la Rep\u00fablica\u201d, enfatiz\u00f3. Un tire y afloje que tiene encendidas las alertas en la capital colombiana, a donde se espera llegue la minga el pr\u00f3ximo lunes. Para el Gobierno Nacional, debe ser la administraci\u00f3n distrital la encargada de organizar su presencia en la ciudad, mientras que la Alcald\u00eda le pidi\u00f3 al Ejecutivo coordinar dicha log\u00edstica. En un reciente di\u00e1logo con  , Nelson Lemus, uno de los voceros de la movilizaci\u00f3n, explic\u00f3 que sus requerimientos se dividen en tres puntos fundamentales: \u201cEl primero es que nosotros rechazamos la guerra, la violencia. Por lo tanto, ese primer punto es en defensa de la vida, que los colombianos defendamos la vida y no nos quedemos tranquilos con la muerte. El pa\u00eds se ha devuelto 25, 30 a\u00f1os a la \u00e9poca de las masacres y eso es grave que le ocurra a un pa\u00eds despu\u00e9s de la firma de un acuerdo de paz\u201d, dijo. Y agreg\u00f3: \u201cLo segundo es que nosotros creemos que es importante hacer un debate con el presidente que nos qued\u00f3 pendiente (\u2026) Nosotros estamos invitando, primero a la sociedad colombiana y segundo al presidente, a que hagamos un debate sobre temas estructurales del pa\u00eds: el tema del \u2018fracking\u2019, de la consulta previa, y que podamos expresar el sentir y la construcci\u00f3n de nuestros derechos: territorio, vida, paz, trabajo y todos los que tenemos constitucionalmente como colombianos. Y el tercer punto es la paz. Creemos que es necesario seguirle apostando a la paz y queremos darle el mensaje al presidente Duque de que la guerra no es el camino\u201d. Sin embargo, tal y como est\u00e1n las cosas en estos momentos, y adem\u00e1s teniendo en cuenta que desde el alto gobierno y la misma Fiscal\u00eda han dicho que la minga est\u00e1 infiltrada por grupos armados ilegales, como el Eln y las disidencias \u2013las mismas que en el pasado han responsabilizado de los cr\u00edmenes contra los l\u00edderes comunitarios\u2013, bien se puede decir que por ahora no hay posibilidad de que el presidente Duque acepte el reto de sentarse a conversar cara a cara.", "link": "https://www.elespectador.com/politica/presidente-duque-no-se-reunira-con-la-minga-si-de-lo-que-se-trata-es-de-hacerle-un-debate-politico-article/", "actores": [], "puntos": ["punto1", "punto2", "punto3", "punto4", "punto5"], "medio": "elespectador"}