{"titulo": "presidente-duque-prolonga-emergencia-sanitaria-hasta-febrero-de-2021", "fecha": "25/11/2020", "aux": "", "contenido": "El primer mandatario destac\u00f3 que se prolongar\u00e1 por 90 d\u00edas m\u00e1s la figura para seguir el monitoreo detallado de la pandemia. Asimismo, se\u00f1al\u00f3 que se debe mantener el aislamiento selectivo individual.Este 30 de noviembre se terminaba la emergencia sanitaria por el covid-19. Sin embargo, con el panorama a nivel mundial y nacional, en el que la pandemia sigue siendo un riesgo constante, el presidente Iv\u00e1n Duque anunci\u00f3 que la figura se prolongar\u00e1, por lo menos, hasta el 28 de febrero del 2021. Seg\u00fan el primer mandatario, el panorama mundial y nacional indican que se debe mantener la alerta permanente frente al nuevo coronavirus, por lo que es necesario seguir en estado de emergencia sanitaria. Duque se\u00f1al\u00f3 que en esta nueva extensi\u00f3n de 90 d\u00edas se seguir\u00e1 con el monitoreo permanente y el trabajo de la mano con la Organizaci\u00f3n Mundial de la Salud (OMS) y la Organizaci\u00f3n Panamericana de la Salud (OPS). Asimismo, el presidente destac\u00f3 que en ese tiempo debe mantenerse el aislamiento selectivo individual, como se ha venido realizando desde que en septiembre se dieron los primeros pasos para la reactivaci\u00f3n econ\u00f3mica. Sobre este punto, asegur\u00f3 que no \u201cse han tenido sobresaltos bruscos\u201d y que solo se han presentado altas cifras de contagio en lugares donde los casos no hab\u00eda descendido o donde hubo aglomeraciones. En esta l\u00ednea, el presidente Duque felicit\u00f3 a los colombianos por el \u201cmuy buen comportamiento colectivo\u201d. Tambi\u00e9n pidi\u00f3 que esta conducta se extienda por todo el final de a\u00f1o, para que se tenga un \u201cdiciembre fraterno y seguro\u201d. El primer mandatario no habl\u00f3 de medidas extras o de cierres pronosticados a fin de a\u00f1o, como lo est\u00e1n haciendo mandatarios de otros pa\u00edses, sobre todo europeos. El presidente reiter\u00f3 que esta medida fue tomada en consonancia con las medidas que ha venido dictando la OMS, por lo que se estar\u00e1 alertando cualquier posible incremento que se presente. Por \u00faltimo, se\u00f1al\u00f3 que este tiempo ser\u00e1 aprovechado para avanzar en los temas de la vacuna, para as\u00ed \u201cseguir atentos a los esquemas de vacunaci\u00f3n de forma multilateral y bilateral\u201d. Vale se\u00f1alar que en los \u00faltimos d\u00edas se ha criticado al Gobierno por centrar sus esfuerzos de obtenci\u00f3n de vacunas en el mecanismo COVAX. A trav\u00e9s de esta metodolog\u00eda se tendr\u00edan aseguradas 20 millones de dosis. Pero congresistas han hecho \u00e9nfasis en que desde presidencia no se ha negociado directamente con los laboratorios para obtener acuerdos de compra, por lo que Colombia podr\u00eda quedar rezagada en la fila de la inmunizaci\u00f3n.", "link": "https://www.elespectador.com/politica/presidente-duque-prolonga-emergencia-sanitaria-hasta-febrero-de-2021-article/", "actores": [], "puntos": [], "medio": "elespectador"}