{"titulo": "primer-pronunciamiento-de-la-vicepresidenta-como-canciller-genera-criticas-en-redes", "fecha": "20/5/2021", "aux": "Lea tambi\u00e9n:  Le puede interesar:", "contenido": "Marta Luc\u00eda Ram\u00edrez se estren\u00f3 en el cargo a trav\u00e9s de una columna publicada en El Tiempo, en esta culpa al Acuerdo de Paz como promotor de las movilizaciones en el pa\u00eds.Este jueves, la vicepresidenta y reci\u00e9n nombrada canciller, Marta Luc\u00eda Ram\u00edrez, empez\u00f3 a presentarse con sus dos cargos en una columna como invitada en El Tiempo. En esta, plante\u00f3 una mirada suya que las redes, desde ya, comenzaron a refutarla. \u201cDurante la campa\u00f1a del referendo del Acuerdo con las Farc repet\u00ed insistentemente que el punto 2.2 presentaba riesgo de pasar del pa\u00eds del conflicto, al pa\u00eds \u201cen modo protesta y modo paro\u201d, y as\u00ed est\u00e1 sucediendo\u201d, escribi\u00f3 como introducci\u00f3n de su columna en El Tiempo sin explicar los argumentos de por qu\u00e9 sostiene esto. Aunque en la columna habla del vandalismo, del discurso de odio, de los costos econ\u00f3micos del paro, de los derechos que est\u00e1n comprometidos por los bloqueos y las p\u00e9rdidas materiales y de dinero en algunos negocios, la pol\u00e9mica se centr\u00f3 en la relaci\u00f3n que se\u00f1al\u00f3 entre el Acuerdo y un pa\u00eds que, desde 2018, se ha movilizado masivamente, a\u00f1o a a\u00f1o. \u201cHoy la canciller se estrena insinuando que las manifestaciones son resultado del Acuerdo de Paz. No es as\u00ed. 21millones de pobres no son resultado del Acuerdo. Los reclamos de los j\u00f3venes son justificados y reducir su inconformidad al trabajo de \u2018promotores del odio\u2019 es errado\u201d, respondi\u00f3 Sergio Fajardo en su cuenta de Twitter. Hoy la Canciller se estrena insinuando que manifestaciones son resultado del Acuerdo de Paz. No es as\u00ed. 21 millones de pobres no son resultado del acuerdo. Los reclamos de los j\u00f3venes son justificados y reducir su inconformidad al trabajo de \"promotores del odio\" es errado. De igual modo escribi\u00f3 Esteban Salazar, investigador en Pares Colombia: \u201cMuy torpe la estrategia del Gobierno, en cabeza de Marta Luc\u00eda Ram\u00edrez, a nivel internacional de desprestigiar el Acuerdo de Paz. Ayer el radical Rafael Nieto dec\u00eda que el pa\u00eds estaba as\u00ed por lo mismo. La realidad: tres a\u00f1os gobernando y Duque es d\u00e9bil para la paz y para la guerra\u201d. Muy torpe estrategia del Gobierno, en cabeza de Marta Luc\u00eda Ram\u00edrez a nivel internacional, de desprestigiar Acuerdo de Paz. Ayer el radical Rafael Nieto dec\u00eda que el pa\u00eds estaba as\u00ed por lo mismo. La realidad: llevan 3 a\u00f1os gobernando y Duque es d\u00e9bil para paz y para la guerra Por su lado, el expresidente Ernesto Samper apunt\u00f3 sobre los retos de Ram\u00edrez bajo esa l\u00ednea que est\u00e1 criticando a su llegada al despacho: \u201cLa canciller enfrenta la tarea de enmendar cuatro grandes errores de pol\u00edtica exterior del Gobierno: 1. Aparecer como violadores de DD.HH. 2. El apoyo a Trump. 3. Hacer a Colombia verdugo de Venezuela. Y 4. Tirar a la basura el espacio internacional abierto por el Acuerdo de Paz\u201d, coment\u00f3. Marta Luc\u00eda Ram\u00edrez enfrenta la tarea de enmendar 4 grandes errores de pol\u00edtica exterior del gobierno: 1. Aparecer como violadores de DDHH 2. El apoyo a Trump 3. Hacer a Colombia verdugo de Venezuela y 4. Tirar a la basura el espacio internacional abierto por el Acuerdo de Paz. Analistas han reconocido en el nombramiento de la vicepresidenta dentro del gabinete como un acierto por su gran experiencia, sin embargo, en su discurso no ven un cambio para presentar de cara a la comunidad internacional que mira con preocupaci\u00f3n la situaci\u00f3n actual del pa\u00eds, as\u00ed como su constante acompa\u00f1amiento a la implementaci\u00f3n del Acuerdo de Paz que hoy critica la canciller. Por ahora, se sabe que Ram\u00edrez viajar\u00e1 la pr\u00f3xima semana a Washington y entre su agenda est\u00e1 visitar la Comisi\u00f3n Interamericana de Derechos Humanos de la Organizaci\u00f3n de Estados Americanos, la cual est\u00e1 pidiendo anuencia al Gobierno para hacer un informe sobre la represi\u00f3n policial y, en general, la situaci\u00f3n de los derechos humanos.", "link": "https://www.elespectador.com/politica/primer-pronunciamiento-de-la-vicepresidenta-como-canciller-genera-criticas-en-redes/", "actores": [], "puntos": ["punto3", "punto4"], "medio": "elespectador"}