{"titulo": "prohiben-a-la-unp-negar-recursos-para-desplazamientos-de-senador-de-comunes", "fecha": "18/4/2021", "aux": "En contexto:  @UNPColombia pic.twitter.com/4PyFCfBDMW", "contenido": "Un juez fall\u00f3 una tutela a favor del senador Carlos Antonio Lozada, logrando que la UNP se abstenga de impedir los desplazamientos de su esquema de seguridad por falta de presupuesto. Inst\u00f3 a que a la entidad se le aumente su presupuesto.Menos de 24 horas despu\u00e9s de que el  \u2013nacido del Acuerdo de Paz entre el Estado colombiano y la otrora guerrilla de las Farc\u2013, reclam\u00f3 que han sufrido y que les han negado las misiones de los esquemas de seguridad por parte de la Unidad Nacional de Protecci\u00f3n  este domingo se conoci\u00f3 un fallo de tutela a favor del senador  , que le proh\u00edbe a esa entidad negar recursos para su esquema de seguridad. En el recurso se tutel\u00f3 el  quien reivindic\u00f3 su condici\u00f3n de firmante del Acuerdo de Paz, de persona en proceso de reincorporaci\u00f3n y militante del partido Comunes. De hecho, el juez del caso determin\u00f3 que  Por ello, se le ordena al director de la entidad, Alfonso Campo Mart\u00ednez, que en las futuras solicitudes de desplazamientos \u201cl que requiera su actual esquema de seguridad, prohibi\u00e9ndole a la UNP  En el fallo se advierte que, en caso de incumplimiento, el director de la UNP o quien haga sus veces se podr\u00e1 enfrentar a la  as\u00ed como una investigaci\u00f3n penal por el delito de fraude a resoluci\u00f3n judicial. Por otro lado, en la tutela se le ordena al director de la UNP que adelante las debidas gestiones para lograr que , \u201ccon el fin de, por lo menos, dar cabal cumplimiento a este fallo de tutela\u201d. En el mismo recurso se neg\u00f3, por falta de competencia, uno de los reclamos de Lozada, que ped\u00eda que se declarara un estado de cosas inconstitucionales frente a los acogidos al Acuerdo de Paz y l\u00edderes sociales en proceso de reincorporaci\u00f3n. Fallan a nuestro favor acci\u00f3n de tutela contra la  , protegiendo nuestro derecho a la vida e integridad personal  Apenas este s\u00e1bado el\u00a0 \u00a0reclam\u00f3 que el\u00a0 As\u00ed lo alert\u00f3 la bancada legislativa de la colectividad, que insisti\u00f3, ante la comunidad nacional e internacional,\u00a0 por parte del Ejecutivo a lo acordado en La Habana (Cuba), \u201cen particular todos los puntos referidos a las\u00a0 para quienes lo firmamos\u201d. Seg\u00fan los parlamentarios, la forma utilizada es la , de misiones de los esquemas de seguridad por parte de la UNP. \u201cEsta realidad coloca a quienes firmamos la paz en \u00a0masacres y de la estigmatizaci\u00f3n contra integrantes de nuestra colectividad, precisamente por la\u00a0 , alegaron. Para el partido, lo que se busca es \u00a0Por ello, exigieron al gobierno Duque garant\u00edas de seguridad, \u201cporque \u00a0de trabajar por la construcci\u00f3n de la paz estable y duradera en todo el territorio nacional\u201d.", "link": "https://www.elespectador.com/politica/prohiben-a-la-unp-negar-recursos-para-desplazamientos-de-senador-de-comunes-article/", "actores": [], "puntos": ["punto3"], "medio": "elespectador"}