{"titulo": "proyecto-propone-modificar-el-calendario-de-festivos-para-reactivar-el-turismo", "fecha": "12/8/2020", "aux": "", "contenido": "La intenci\u00f3n del proyecto es unir festivos para hacer m\u00e1s largo los fines de semana y as\u00ed incentivar los viajes y el turismo en el pa\u00eds.El turismo es uno de los sectores econ\u00f3micos m\u00e1s golpeados tanto en el pa\u00eds como en el mundo. El cierre del sector a\u00e9reo y la imposibilidad de viajar por tierra debido a las restricciones hacen que la sostenibilidad de estos negocios sea casa imposible. Adem\u00e1s, la reactivaci\u00f3n de este tipo de actividades parece lejana, ante el peligro que implica todav\u00eda el COVID-19. Por eso desde ya se est\u00e1 buscando en el Congreso f\u00f3rmulas que permitan que la recuperaci\u00f3n de estos sectores pueda ser m\u00e1s pronta y efectiva de lo pronosticado. En esa l\u00ednea, el senador Carlos Manuel Meisel radic\u00f3 un proyecto de ley que propone agrupar los festivos en 2021 y 2022 para incentivar el turismo en el pa\u00eds. De esta forma, lo que se conoce como puente festivo pasar\u00eda de tres a cuatro d\u00edas libres, una propuesta que le podr\u00eda sonar a uno que otro trabajador. \u201cSe pretende unir entre s\u00ed transitoriamente los d\u00edas festivos que se encuentren m\u00e1s pr\u00f3ximos, de car\u00e1cter civil o religioso no inamovibles, con la finalidad de esta establecer incentivos para la r\u00e1pida recuperaci\u00f3n econ\u00f3mica del sector turismo en Colombia, el cual se ha visto fuertemente afectado por la crisis sanitaria generada por el COVID-19\u201d, se\u00f1al\u00f3 el autor de la iniciativa. Seg\u00fan el senador Meisel, la uni\u00f3n de festivos generar\u00eda un ambiente m\u00e1s propicio para actividades tur\u00edsticas, ya que un d\u00eda m\u00e1s de descanso puede ser un aliciente para emprender un viaje. Este incentivo generar\u00eda una reactivaci\u00f3n en el sector y en actividades como transporte, recreaci\u00f3n y hoteler\u00eda. Este impulso caer\u00eda muy bien en un sector que, seg\u00fan Cotelco, ha reportado p\u00e9rdidas cercanas a $4,5 billones y una ocupaci\u00f3n de tan solo el 3,2%. De acuerdo al planteamiento de Meisel, los festivos de 2021 se afectar\u00edan de la siguiente manera: el 6 de enero y el 19 de marzo se trasladar\u00edan al 15 y 16 de febrero, quedando este mes por primera vez con un d\u00eda feriado; el d\u00eda de la Ascensi\u00f3n (13 de mayo) y el Corpus Christi (3 de junio) ser\u00eda reubicados para el 31 de mayo y el 1 de junio; el d\u00eda del Sagrado Coraz\u00f3n de Jes\u00fas (11 de junio) ser\u00eda reubicado el 29 de junio; y los festivos del 15 de agosto y 12 de octubre ser\u00edan trasladados al 20 y 21 de septiembre, quedando tambi\u00e9n septiembre con festivos por primera vez. Estos mismos festivos se ver\u00edan afectados en 2022 pero ser\u00edan trasladados de acuerdo a la organizaci\u00f3n de festivos y fines de semana que depara dicho a\u00f1o. Esta modificaci\u00f3n solo ser\u00eda por los dos pr\u00f3ximos a\u00f1os, por lo que en 2023 se volver\u00eda al calendario de feriados tal como est\u00e1 actualmente, condicionado por la ley Emiliani, que establece que los feriados son trasladados al lunes m\u00e1s pr\u00f3ximo para as\u00ed garantizar el descanso de tres d\u00edas. De acuerdo a la justificaci\u00f3n de Meisel, esta propuesta no generar\u00eda ninguna carga adicional al sector productivo -tambi\u00e9n afectado por la pandemia- dado que no se crean nuevos festivos, sino que simplemente se reubican para generar espacios de descanso m\u00e1s largos que favorezcan los viajes y planes tur\u00edsticos en el pa\u00eds. \u00bfSer\u00e1 que un cuarto d\u00eda de descanso incentive los viajes cuando el bolsillo de los colombianos ha sido agujereado por la pandemia?", "link": "https://www.elespectador.com/politica/proyecto-propone-modificar-el-calendario-de-festivos-para-reactivar-el-turismo-article/", "actores": [], "puntos": [], "medio": "elespectador"}