{"titulo": "radican-el-comite-del-referendo-revocatorio-en-contra-de-ivan-duque", "fecha": "29/10/2020", "aux": "", "contenido": "En la ma\u00f1ana de este jueves se inscribi\u00f3 el comit\u00e9 encabezado por Roy Barreras para recoger firmas a favor del referendo en contra del actual presidente. La iniciativa tambi\u00e9n incluye la petici\u00f3n de la renta b\u00e1sica y la matr\u00edcula cero.Luego de renunciar al Partido de la U, el senador Roy Barreras anunci\u00f3 la propuesta de un referendo para revocar el gobierno de Iv\u00e1n Duque. La iniciativa se materializ\u00f3 este jueves con la inscripci\u00f3n oficial del comit\u00e9 que recolectar\u00e1 las firmas para que esta propuesta pueda llevarse a las urnas. La meta, seg\u00fan lo miembros del comit\u00e9, es recoger al menos 2 millones de firmas en menos de seis meses para que los colombianos puedan decidir sobre este tema. A pesar de que el referendo lleva el nombre propio de Iv\u00e1n Duque, lo cierto es que la propuesta solo busca que se permita la revocatoria del mandato de cualquier presidente. Si la poblaci\u00f3n colombiana avala el referendo propuesto por Barreras, se crear\u00eda la figura para que, luego de dos a\u00f1os, la continuidad del primer mandatario puede ser pasada a juzgamiento en las urnas. De acuerdo a la propuesta, la revocatoria podr\u00eda ser solicitada ante la falta de gesti\u00f3n del Gobierno, deterioro de los indicadores de desempleo y pobreza extrema, crisis del orden p\u00fablico y seguridad ciudadana y falta de implementaci\u00f3n en el acuerdo de paz. De aprobarse la figura, los congresistas tendr\u00edan la posibilidad de solicitar la revocatoria luego de que hayan transcurrido dos a\u00f1os de mandato. Tras comprobarse la viabilidad de la petici\u00f3n, se tendr\u00eda un plazo de un mes para convocar a las urnas para definir el futuro presidencial. Aunque el referendo y las condiciones fijadas apuntan directamente en contra de Iv\u00e1n Duque, lo cierto es que la acci\u00f3n tiene pocas posibilidades de llegar a afectar al actual mandatario. Los tiempos no cuadran para que se apruebe la revocatoria presidencial y pueda refrendarse en la urnas la administraci\u00f3n Duque. Esto quiere decir que la figura solo se instaurar\u00eda para los siguientes presidentes, igualando en condiciones a mandatos de alcaldes y gobernadores, que actualmente s\u00ed tienen revocatoria. A pesar de que la figura est\u00e1 contemplada para alcaldes y gobernadores desde la Constituci\u00f3n de 1991, solo hasta hace dos a\u00f1os se logr\u00f3 que un mandatario local saliera de su cargo por revocatoria. En Tasco (Boyac\u00e1), los ciudadanos salieron a manifestarse sobre la continuidad del mandato de Nelson Javier Garc\u00eda Castellanos, de la Alianza Verde \u201cHace unas semanas el ex presidente y exsenador \u00c1lvaro Uribe anunci\u00f3 un referendo que propone revocar las Cortes, revocar la JEP y revocar la paz, yo les digo que prefiero revocarlos a ellos, al gobierno Uribe-Duque. Este es un prop\u00f3sito que compartimos todas las fuerzas alternativas, independientes, de oposici\u00f3n que entienden que Colombia merece un mejor destino que volver a la guerra y a un r\u00e9gimen autoritario\u201d, fueron las declaraciones del senador al momento de radicar el comit\u00e9 que recoger\u00e1 las firmas. Adem\u00e1s de instaurarse la revocatoria presidencial en la Constituci\u00f3n, la propuesta encabezada por el exsenador de la U propone que se instaure en el pa\u00eds la renta b\u00e1sica universal, la matr\u00edcula cero para los estudiantes de universidades p\u00fablicas, m\u00ednimo vital pensional y la extensi\u00f3n de la implementaci\u00f3n de los acuerdos de paz hasta 2034. La propuesta del referendo revocatorio es liderada por Roy Barreras y es acompa\u00f1ada por la reconocida periodista Patricia Lara y expertos en conflicto, l\u00edderes estudiantiles y juveniles, dirigentes de comunidades afro y hasta estudiantes que actualmente cursan la universidad. Son ellos lo que tienen que recoger cerca de 2 millones de firmas en menos de seis meses para que se pueda convocar a las urnas.", "link": "https://www.elespectador.com/politica/radican-el-comite-del-referendo-revocatorio-en-contra-de-ivan-duque-article/", "actores": [], "puntos": ["punto1", "punto2", "punto3", "punto5"], "medio": "elespectador"}