{"titulo": "ramiro-duran-lider-de-comunes-en-huila-y-exmiembro-del-bloque-sur-de-las-farc-renuncia-al-partido", "fecha": "11/4/2021", "aux": "Le puede interesar: ", "contenido": "Seg\u00fan Dur\u00e1n, quien fue comandante del bloque sur de la extinta guerrilla, el partido Comunes \u201ccada vez se desmorona m\u00e1s\u201d.La crisis que se vive dentro del partido Comunes, antes llamado FARC, se empieza a sentir desde diversos sectores. Varios de los primeros protagonistas de esas tensiones entre militantes y la direcci\u00f3n han sido, por ejemplo, los congresistas Victoria Sandino o Benkos Bioj\u00f3, quienes han hecho p\u00fablicos sus desencuentros con Rodrigo Londo\u00f1o (Timochenko). Este domingo, a esas diferencias se suma la renuncia Ronald Rojas, conocido en la guerra como Ramiro Dur\u00e1n, quien fue comandante del bloque sur y era uno de los l\u00edderes del partido en Huila. \u201cEs indiscutible que hoy son m\u00e1s las y los firmantes del Acuerdo de Paz que est\u00e1n fuera del partido antes llamado FARC. El universo de personas que hoy luchan por defender lo alcanzado en La Habana, trasciende un colectivo pol\u00edtico con personer\u00eda jur\u00eddica, que dudo su permanencia en el tiempo, fruto de sus desaciertos y formas y estilos de dirimir controversias y maltratar a las minor\u00edas en su seno\u201d, coment\u00f3 Dur\u00e1n. En ese sentido, manifest\u00f3 que no se sent\u00eda representado por Comunes. \u201cSiento y pienso que esa estructura partidaria no me representa y quiz\u00e1s a otros tantos igual. Por lo tanto, es un acto de coherencia renunciar a tal grupo. Adem\u00e1s, un gesto de dignidad\u201d. Sin embargo, asegur\u00f3 que su compromiso con las responsabilidades adquiridas con la firma del Acuerdo de Paz: \u201cManifiesto p\u00fablicamente que mis esfuerzos, conocimientos y experiencia seguir\u00e1n comprometidos con la defensa del Acuerdo y la reincorporaci\u00f3n socioecon\u00f3mica de los exguerrilleros y exguerrilleras. Para eso, siempre estar\u00e9 dispuesto\u201d. Para Dur\u00e1n, los compromisos que derivaron del pacto de La Habana no puede ser propiedad de un partido \u201cque cada vez se desmorona m\u00e1s y se distancia de sus otrora bases y subalternos\u201d. \u201cEl mismo criterio aplica para la participaci\u00f3n pol\u00edtica de los firmantes. Llamo respetuosamente la atenci\u00f3n sobre estos criterios a los pa\u00edses garantes (Cuba y Noruega), a la Misi\u00f3n de Verificaci\u00f3n de la ONU y al Estado colombiano\u201d, concluye la carta que se dar\u00e1 a conocer ante la direcci\u00f3n nacional de Comunes. Dur\u00e1n ha denunciado la incursi\u00f3n de grupos armados ilegales que han atentado en el departamento del Huila en contra de excombatientes, sus familiares y campesinos que colaboraron con la llamada columna Te\u00f3filo Forero.", "link": "https://www.elespectador.com/politica/ramiro-duran-lider-de-comunes-en-huila-y-exmiembro-del-bloque-sur-de-las-farc-renuncia-al-partido-article/", "actores": [], "puntos": ["punto4", "punto5"], "medio": "elespectador"}