{"titulo": "referendo-para-revocar-a-duque-gana-adeptos-y-piden-agregarle-temas", "fecha": "2/11/2020", "aux": "Lea tambi\u00e9n:  #ReferendoRevocatorio #ChaoUribeDuque En contexto:  Lea tambi\u00e9n: ", "contenido": "A la iniciativa, que ya cuenta incluso con comit\u00e9 recolector de firmas, se sum\u00f3 el senador Gustavo Petro, que pidi\u00f3 incluir otros aspectos como una renta m\u00ednima vital.Menos de 24 horas despu\u00e9s de que el expresidente  present\u00f3 el borrador de su referendo \u2013en el que insiste en   la Jurisdicci\u00f3n Especial para la Paz \u2013, este lunes el contrarreferendo de la oposici\u00f3n, que pretende  , gan\u00f3 un adepto decisivo: el senador   (Colombia Humana), que abog\u00f3 por incluirle otros puntos. Detr\u00e1s de la iniciativa, que se materializ\u00f3 el pasado jueves con la   que recolectar\u00e1 las firmas para que la propuesta pueda llevarse a las urnas, se encuentra el senador  . Si bien el referendo lleva el nombre propio de Iv\u00e1n Duque, lo cierto es que la propuesta solo busca que se permita la   Si la poblaci\u00f3n colombiana lo avala, se crear\u00eda la figura para que, luego de dos a\u00f1os, la continuidad del primer mandatario puede ser pasada a juzgamiento en las urnas. Frente a ello, hoy el senador Petro \u2013que se midi\u00f3 a Duque en las urnas en 2018\u2013,   e incluir otros aspectos como una  el  de la peque\u00f1a y mediana empresa urbana y rural, la orden para cambiar el sistema de salud y pensiones, y el incremento del presupuesto de la educaci\u00f3n p\u00fablica. En respuesta, el propio Barreras contest\u00f3 y dijo que este mismo martes se sentar\u00e1n a trabajar en desarrollo de esas ideas:   Veremos cu\u00e1nto recoge Uribe para revocar las Cortes, la JEP y la paz.  \u201d, declar\u00f3. Ma\u00f1ana mismo nos sentamos a trabajar en desarrollo de estas ideas en el   . S\u00f3los vamos por dos millones  de firmas. Unidos vamos por 10 ! Veremos cuanto recoge Uribe para revocar las Cortes, la JEP y la Paz. Responderemos revoc\u00e1ndolos a ellos  De acuerdo con la propuesta, la revocatoria podr\u00eda ser solicitada ante la , deterioro de los indicadores de  , crisis del orden p\u00fablico y seguridad ciudadana y falta de implementaci\u00f3n en el  De aprobarse la figura, los congresistas tendr\u00edan la posibilidad de solicitar la revocatoria luego de que hayan transcurrido dos a\u00f1os de mandato. Tras comprobarse la viabilidad de la petici\u00f3n, se tendr\u00eda un plazo de un mes para Aunque el referendo y las condiciones fijadas apuntan directamente en contra de Iv\u00e1n Duque, lo cierto es que la acci\u00f3n tiene  Los tiempos no cuadran para que se apruebe la revocatoria presidencial y pueda refrendarse en las urnas la administraci\u00f3n Duque. Esto quiere decir que la figura solo se instaurar\u00eda para los siguientes presidentes, igualando en condiciones a mandatos de alcaldes y gobernadores, que actualmente s\u00ed tienen revocatoria. Apenas el domingo, Pasados casi 20 d\u00edas desde que una jueza de garant\u00edas\u00a0 \u00a0\u2013en medio del proceso judicial que enfrenta por presunto \u2013, este domingo reapareci\u00f3 el expresidente El tambi\u00e9n exsenador present\u00f3 p\u00fablicamente su propuesta de \u00a0en la que, entre otras, insiste en\u00a0 , excluir del Parlamento a responsables de delitos de\u00a0 \u00a0y\u00a0 \u00a0la Jurisdicci\u00f3n Especial para la Paz\u00a0 \u00a0ideada para administrar justicia transicional y conocer delitos cometidos en el marco del conflicto armado. En el documento, en el que hace la salvedad que es para\u00a0 , otros partidos y movimientos sociales, Uribe dice que su referendo constitucional ser\u00eda \u201cde \u00a0Frente a la JEP, se dice que sus funciones se trasladar\u00edan a la jurisdicci\u00f3n ordinaria, \u201cpero se mantienen los\u00a0 y se reducir\u00edan los periodos de los actuales magistrados. A esto se suman \u201cgarant\u00edas judiciales\u201d para los integrantes de la\u00a0 , quienes contar\u00edan con una\u00a0 , \u201ccon magistrados imparciales que conozcan sus protocolos, estructura de mando y reglas operacionales\u201d. Por si fuera poco, se propone que los uniformados que hayan cometido delitos antes del 1 de diciembre de 2016, cuando hayan cumplido cinco a\u00f1os de condena efectiva,\u00a0 \u00a0No obstante, se except\u00faan delitos de acceso carnal violento, abuso sexual, secuestro, terrorismo o delitos contra el Estado.", "link": "https://www.elespectador.com/politica/referendo-para-revocar-a-duque-gana-adeptos-y-piden-agregarle-temas-article/", "actores": [], "puntos": ["punto1", "punto2", "punto3", "punto5"], "medio": "elespectador"}