{"titulo": "reforma-politica-murio-en-la-plenaria-del-senado", "fecha": "29/11/2017", "aux": "", "contenido": "El mismo Gobierno, ante lo que ya era imposible, pidi\u00f3 el archivo del proyecto. Con 68 votos, la plenaria enterr\u00f3 la reforma pol\u00edtica, un asunto que ya se daba por hecho. \r\n\tCon 68 votos a favor, la plenaria del  , que se tramitaba en cumplimiento al punto 2 del acuerdo de paz. Desde hace varios d\u00edas, ante la falta de mayor\u00edas y los cambios sensibles que hab\u00eda sufrido el texto durante su tr\u00e1mite en el Congreso, ya se daba por hecho su hundimiento. \r\n\r\n\r\n\tIncluso su archivo era solicitado desde sectores a favor del acuerdo de paz y la Fuerza Alternativa Revolucionaria del Com\u00fan (FARC). Tambi\u00e9n lo solicit\u00f3 la Misi\u00f3n de Observaci\u00f3n Electoral (MOE), organismo que hab\u00eda participado de la Misi\u00f3n Especial Electoral (MEE) que redact\u00f3 las recomendaciones para su construcci\u00f3n. \r\n\r\n\r\n\t \r\n\r\n\r\n\tLa muerte anunciada de la reforma pol\u00edtica ocurri\u00f3, adem\u00e1s, en medio de un escenario confuso en la plenaria del Senado. Cuando el senador ponente Roy Barreras intentaba convencer a los senadores presentes sobre el texto que, finalmente, hab\u00eda sido concertado \u2013muy diferente al que hab\u00eda salido de la Comisi\u00f3n Primera de esa corporaci\u00f3n-, Guillermo Rivera, ministro del Interior, pidi\u00f3 que se hundiera el proyecto y que las fuerzas se concentraran en la votaci\u00f3n de la conciliaci\u00f3n del proyecto que crea las 16 circunscripciones especiales de paz. \r\n\r\n\r\n\t\u201cNo nos sentimos satisfechos con cumplir con un requisito para hacer una especie de \u2018check list\u2019 de un proyecto m\u00e1s en el marco de la implementaci\u00f3n. Para el Gobierno, un proyecto que pervierta la pol\u00edtica con el transfuguismo, que no garantice una autoridad electoral realmente independiente es absolutamente inaceptable\u201d, dijo Rivera. En efecto, la reforma pol\u00edtica se hab\u00eda quedado s\u00f3lo en promesas, pues no conten\u00eda los m\u00ednimos que hab\u00edan sido recomendados por la Misi\u00f3n Especial Electoral (MEE). \r\n\r\n\r\n\tEl Consejo Nacional Electoral (CNE) iba a quedar m\u00e1s pol\u00edtico que nunca, con magistrados elegidos por los partidos que integraban el Congreso y no iba a contar con las herramientas para hacer un control efectivo a la financiaci\u00f3n de las campa\u00f1as pol\u00edticas. \r\n\r\n\r\n\tLo \u00fanico, en pocas palabras, que al Gobierno le interesaba mantener era el r\u00e9gimen de adquisici\u00f3n progresiva de derechos, para que los partidos minoritarios pudiesen mantener personer\u00eda jur\u00eddica sin estar atados a la consecuci\u00f3n del umbral y tener el derecho de postular candidatos a las corporaciones p\u00fablicas. Este punto no alcanz\u00f3 los votos suficientes en la C\u00e1mara de Representantes para que hubiera decisi\u00f3n. \r\n\r\n\r\n\t\u201cPor esa raz\u00f3n creemos que el texto que viene de la C\u00e1mara no merece la aprobaci\u00f3n de la Plenaria del Senado. Muy a nuestro pesar invitar\u00eda, y lo hago con respeto, a que nos concentremos en las circunscripciones especiales\u201d. De esa forma, Rivera sentencio la muerte de una iniciativa que ya estaba cantada. \r\n\r\n\r\n\tPor supuesto, recibi\u00f3 la recriminaci\u00f3n de un inc\u00f3modo Roy Barreras: \u201cNo es la primera vez que hay diferencias entre las propuestas cambiantes de este Gobierno y las opiniones del Congreso. Lo invito, para hacer honor a lo que usted ha decidido, porque usted es el autor, a que retire la reforma pol\u00edtica en\u00a0 lugar de dejar a este ponente al mando de un barco que el Gobierno invent\u00f3 e impuls\u00f3 y que, a \u00faltimo momento, decide hundir sin retirarlo\u201d. \r\n\r\n\r\n\tNo obstante, tampoco estaba claro de qu\u00e9 forma se podr\u00eda discutir la conciliaci\u00f3n de la reforma pol\u00edtica luego que Rodrigo Lara, presidente de la C\u00e1mara de Representantes, cit\u00f3 a sesiones hasta el pr\u00f3ximo martes, cuando claramente ya se ha terminado el per\u00edodo de \u201cfast track\u201d. \r\n\r\n\r\n\t\u201cSiempre se trat\u00f3 de reglas electorales que favorec\u00edan los intereses particulares del entonces candidato liberal, Juan Fernando Cristo, del ministro Rivera, del Partido Verde, del Polo Democr\u00e1tico, de las Farc, de Sergio Fajardo y de todos aquellos que formar\u00e1n esa coalici\u00f3n en segunda vuelta\u201d, reiter\u00f3 Lara, uno de los m\u00e1s f\u00e9rreos opositores de la reforma pol\u00edtica. \r\n", "link": "https://www.elespectador.com/politica/reforma-politica-murio-en-la-plenaria-del-senado-article-725824/", "actores": [], "puntos": ["punto1", "punto2", "punto3", "punto4", "punto5"], "medio": "elespectador"}