{"titulo": "santos-reaparece-en-una-foto-con-barack-obama", "fecha": "26/2/2019", "aux": "26 de febrero de 2019", "contenido": "Ambos expresidentes se encontraron este martes y, seg\u00fan inform\u00f3 Santos, seguir\u00e1n trabajando juntos \u201cpor un mejor futuro\u201d.\r\n una vez dej\u00f3 el cargo en agosto del a\u00f1o pasado ha sido una constante en el \u201cdespu\u00e9s\u201d de su carrera pol\u00edtica, el exmandatario no se ha quedado quieto tras bambalinas. Son pocas las veces que ha reaparecido p\u00fablicamente y, cuando lo hace, es para anunciar encuentros con personalidades de la talla de  \r\n\r\nTambi\u00e9n, lo hizo en noviembre del a\u00f1o pasado cuando se conmemoraron dos a\u00f1os de la firma del Acuerdo de Paz con las Farc y, m\u00e1s recientemente, para pronunciarse acerca de la crisis pol\u00edtica, social y econ\u00f3mica por la que atraviesa Venezuela. \u201c la noche antes del \u201cd\u00eda D\u2019 para que ingresara la ayuda internacional al vecino pa\u00eds. \r\n\r\n \r\n\r\nPero este martes, nuevamente el expresidente cobr\u00f3 protagonismo por cuenta del encuentro que sostuvo con uno de los personajes con mayor relevancia hist\u00f3rica en el mundo pol\u00edtico global:  Santos subi\u00f3 una foto en su cuenta de Twitter en la que informa acerca de la reuni\u00f3n con Obama y anuncia que ambos han decidido actuar juntos para trabajar \u201cpor un mejor futuro\u201d, seg\u00fan sus palabras. \r\n\u2014 Juan Manuel Santos (@JuanManSantos)  \r\n \r\n\r\n\u201cSiempre es grato encontrarse con viejos amigos, sobre todo  con quien compartimos tantos ideales. Seguiremos trabajando juntos por un mejor futuro\u201d, fueron las palabras de Santos v\u00eda Twitter. La relaci\u00f3n entre ambos exmandatarios,   ha sido muy estrecha, principalmente, por el apoyo que dio el gobierno norteamericano al proceso y consolidaci\u00f3n de los di\u00e1logos de paz entre el gobierno Santos y la hoy desarmada guerrilla de las Farc. \r\n\r\n \r\n\r\nDe hecho, en desarrollo del mismo, Obama convoc\u00f3 a un evento con invitados de todas las latitudes para anunciar el cierre del Plan Colombia y el inicio del Plan Paz Colombia, en respuesta a la nueva pol\u00edtica contra las drogas que lider\u00f3 el expresidente Santos.   que nos ofreci\u00f3 durante estos seis a\u00f1os y medio que llevo yo como presidente\u201d, dijo en enero de 2017 Santos, en plena posesi\u00f3n del sucesor de Obama, el presidente Donald Trump. \r\n\r\nEl expresidente Santos ha mantenido su promesa de \u201cno molestar\u201d a su sucesor pero, eso s\u00ed, ha permanecido con la lupa puesta sobre la implementaci\u00f3n del Acuerdo de Paz y, de hecho, en diciembre del a\u00f1o pasado estuvo en Bogot\u00e1 lanzando su nueva fundaci\u00f3n  en donde tambi\u00e9n trabaja ofreciendo  \r\n\r\n \r\n", "link": "https://www.elespectador.com/politica/santos-reaparece-en-una-foto-con-barack-obama-article-842124/", "actores": [], "puntos": ["punto4"], "medio": "elespectador"}