{"titulo": "santrich-se-volo-porque-sabia-que-lo-iban-a-extraditar-juan-manuel-santos", "fecha": "1/9/2019", "aux": "", "contenido": "El expresidente volvi\u00f3 a referirse sobre el tema del rearme de un grupo de disidentes de las Farc en la Feria del Libro de Bucaramanga. Por su parte, manifest\u00f3 su deseo de participar en los esfuerzos que sean necesarios para continuar con la implementaci\u00f3n del Acuerdo de Paz.En los \u00faltimos d\u00edas, gracias al anuncio del rearme de un grupo disidente de la extinta guerrilla de las Farc, el expresidente Juan Manuel Santos ha estado m\u00e1s activo que nunca en la opini\u00f3n p\u00fablica desde que dej\u00f3 la Casa de Nari\u00f1o.\u00a0 \r\n\r\nAunque el pasado jueves, d\u00eda en que se conoci\u00f3 el video con el que \u201cIv\u00e1n M\u00e1rquez\u201d comunic\u00f3 el levantamiento en armas por la \u201ctraici\u00f3n al Acuerdo de Paz\u201d, Santos se hab\u00eda manifestado en contra de este anuncio. Este s\u00e1bado, durante su visita a Bucaramanga como invitado a la Feria del Libro, se le escuch\u00f3 hablar nuevamente del tema.\u00a0 \r\n\r\n \r\n\r\nEn primer lugar, le ech\u00f3 la culpa al exjefe negociador de las Farc, \"Iv\u00e1n M\u00e1rquez\", \u201cJes\u00fas Santrich\u201d y dem\u00e1s guerrilleros que se rearmaron por el nuevo \u201cescollo\u201d que sufre la implementaci\u00f3n del Acuerdo de Paz.\u00a0 \r\n\r\nAunque la motivaci\u00f3n de los disidentes es la \u201ctraici\u00f3n\u201d a lo pactado en La Habana, seg\u00fan manifestaron, el exmandatario, quien lider\u00f3 las conversaciones con la guerrilla en su gobierno, asegur\u00f3 que ellos abandonaron el proceso por otros motivos. \r\n\r\n\u201cEllos decidieron por muchas razones (volarse). Algunos dicen que porque ellos sab\u00edan que este se\u00f1or (Marlon) Mar\u00edn (sobrino de M\u00e1rquez), que est\u00e1 en manos de la justicia norteamericana, los est\u00e1 acusando, espec\u00edficamente a M\u00e1rquez y a Santrich y que por eso M\u00e1rquez se vol\u00f3 muerto de susto y Santrich se vol\u00f3 porque pensaba que efectivamente a \u00e9l lo iban a extraditar y si sal\u00eda la prueba de que delinqui\u00f3 a \u00e9l lo extraditaban. Con raz\u00f3n, los responsables son ellos\u201d, dijo.\u00a0 \r\n\r\nSe sabe que Mar\u00edn, testigo protegido por la DEA, se\u00f1al\u00f3 a \u201cSantrich\u201d de estar involucrado en un plan para\u00a0enviar coca\u00edna a Estados Unidos, hecho por el que el l\u00edder guerrillero fue capturado el 9 de abril de 2018. Cuando recobr\u00f3 su libertad y la JEP le dio la garant\u00eda de no extradici\u00f3n por\u00a0no reunir las pruebas suficientes que determinaran si delinqui\u00f3 despu\u00e9s de la firma del Acuerdo, Seuxis Hern\u00e1ndez logr\u00f3 posesionarse como representante a la C\u00e1mara por la FARC y la Corte Suprema asumi\u00f3 el caso por narcotr\u00e1fico al tratarse de un aforado.\u00a0 \r\n\r\n \r\n\r\nA\u00fan as\u00ed, con las garant\u00edas que le proporcion\u00f3 la justicia a \u201cSantrich\u201d, \u201cIv\u00e1n M\u00e1rquez\u201d permaneci\u00f3 en la clandestinidad luego de que abandonara el espacio territorial de Miravalle, Caquet\u00e1, en julio de 2018, con el argumento de falta de garant\u00edas jur\u00eddica por la captura de su compa\u00f1ero.\u00a0 \r\n\r\nA finales del pasado junio, cuando cumpl\u00eda con una visita al ETCR de Tierra Grata, Cesar, \u201cSantrich\u201d obvi\u00f3 su esquema de seguridad y desapareci\u00f3 de la escena p\u00fablica. Tras dos meses de especulaciones, se le vio junto a \u201cM\u00e1rquez\u201d cuando dieron el anuncio de su rearme.\u00a0 \r\n\r\nAdem\u00e1s del escape de estos dos guerrilleros, Santos tambi\u00e9n se refiri\u00f3 a una uni\u00f3n de fuerzas pol\u00edticas y sociales para blindar lo pactado. \u201cOjal\u00e1 pudi\u00e9ramos hacer esfuerzos, ojal\u00e1 el presidente Duque aprovechara (esta situaci\u00f3n) e hici\u00e9ramos un acuerdo que particip\u00e1ramos todos. Yo mismo lo har\u00eda con emoci\u00f3n\u201d, dijo el exmandatario. \r\n", "link": "https://www.elespectador.com/politica/santrich-se-volo-porque-sabia-que-lo-iban-a-extraditar-juan-manuel-santos-article-878997/", "actores": [], "puntos": ["punto4"], "medio": "elespectador"}