{"titulo": "senado-aprueba-jornada-laboral-de-40-horas-falta-tramite-en-camara", "fecha": "5/12/2020", "aux": "", "contenido": "La propuesta del uribismo busca reducir en ocho horas la jornada laboral semanal sin afectar el salario de los trabajadores.La plenaria del Senado aprob\u00f3 este viernes, en segundo debate, el proyecto de ley que busca la reducci\u00f3n de la jornada laboral de 48 horas a 40 horas a la semana, sin que se afecte el salario del trabajador. De esta manera, la iniciativa pasa a ser debatida en la C\u00e1mara de Representantes, en donde deber\u00e1 ser aprobada en comisi\u00f3n y luego en plenaria para convertirse en ley de la Rep\u00fablica. El art\u00edculo que determina esta reducci\u00f3n en la jornada de trabajo es el segundo, y se\u00f1ala espec\u00edficamente una modificaci\u00f3n al art\u00edculo 161 del C\u00f3digo Sustantivo del Trabajo para este fin. \u201cLa duraci\u00f3n m\u00e1xima de la jornada ordinaria de trabajo es de cuarenta (40) horas a la semana, que podr\u00e1n ser distribuidas, de com\u00fan acuerdo, entre empleador y trabajador, en 5 o 6 d\u00edas a la semana\u201d, dice la primera parte del art\u00edculo propuesto. En ese sentido, contiene una propuesta de implementaci\u00f3n gradual de la reducci\u00f3n, de manera que el empleador haga una reducci\u00f3n, una vez entre en vigencia la ley, de tres horas, quedando la jornada laboral semana de 45 horas. \u201cA partir del segundo a\u00f1o de la entrada en vigencia de la presente ley, ser\u00e1 de hasta 42 horas y a partir del tercer a\u00f1o, la jornada laboral ser\u00e1 de hasta 40 horas a la semana, conforme a lo establecido en el art\u00edculo 2 de la presente ley\u201d, dice el art\u00edculo tercero del proyecto de ley. Tambi\u00e9n se\u00f1ala que, a partir de la entrada en vigor de la ley, en todos los art\u00edculos tanto dl C\u00f3digo Sustantivo del Trabajo y dem\u00e1s normas que hagan referencia a la jornada laboral de 48 horas, \u201cdeber\u00e1 entenderse (\u2026) como jornada laboral, 40 horas a la semana, de conformidad con la aplicaci\u00f3n gradual consagrada en el art\u00edculo 3\u201d. \u201cEso quiere decir m\u00e1s tiempo en familia, para la educaci\u00f3n, para el descanso, para relajarse, menos estr\u00e9s laboral, pero tambi\u00e9n productividad. Todo eso sin que al trabajador se le pueda reducir el salario\u201d, coment\u00f3 el senador Fernando Ara\u00fajo, del Centro Democr\u00e1tico. \u201cBuena noticia. Aprobado en plenaria del Senado el proyecto de ley que reduce de 48 a 40 horas la jornada laboral sin reducci\u00f3n del salario de los trabajadores de autor\u00eda del expresidente y exsenador \u00c1lvaro Uribe\u201d, dijo por su parte la senadora Mar\u00eda del Rosario Guerra.", "link": "https://www.elespectador.com/politica/senado-aprueba-jornada-laboral-de-40-horas-falta-tramite-en-camara-article/", "actores": [], "puntos": ["punto5"], "medio": "elespectador"}