{"titulo": "soto-el-exsenador-destituido-que-condecoro-el-concejo-de-pereira", "fecha": "1/8/2018", "aux": "1 de agosto de 2018", "contenido": "Le otorgaron la medalla al \"m\u00e9rito c\u00edvico\". En marzo de 2017, el Consejo de Estado le decret\u00f3 la muerte pol\u00edtica por \u201cindebida destinaci\u00f3n de recursos p\u00fablicos\u201d y \u201ctr\u00e1fico de influencias\u201d.\u00a0El  , en el aniversario de la ciudad, le otorg\u00f3 la condecoraci\u00f3n al \u201cm\u00e9rito c\u00edvico\u201d al  . Seg\u00fan revel\u00f3 en su cuenta de Twitter, con video a bordo, la   la votaci\u00f3n fue siete a tres a favor de dicho reconocimiento, con nueve concejales ausentes, de los cuales, cinco ingresaron al recinto minutos despu\u00e9s del acto.\u00a0 \r\n\u2014 Carolina Giraldo (@Carolgir)  \r\n \r\n\r\nHasta aqu\u00ed, todo normal, solo que la condecoraci\u00f3n se otorga a alguien a quien  .\u00a0Seg\u00fan el fallo proyectado por el magistrado de la Secci\u00f3n Segunda,\u00a0Rafael Francisco Su\u00e1rez Vargas, uno de los asesores de la Unidad de Trabajo Legislativo (UTL)\u00a0de Soto, Juan David Giraldo, recibi\u00f3 la totalidad de su salario por d\u00edas que no labor\u00f3. \r\n\r\nDe\u00a0acuerdo con el proceso, el alto tribunal\u00a0comprob\u00f3 que en junio del 2012, Giraldo\u00a0 recibi\u00f3 su sueldo completo, pese a que en esa \u00e9poca se ausent\u00f3 varios d\u00edas, por haber viajado a\u00a0Panam\u00e1, y lo mismo ocurri\u00f3 en noviembre del 2013, cuando estuvo en\u00a0Canad\u00e1. Sin embargo, el congresista certific\u00f3 que hab\u00eda laborado los 30 d\u00edas del mes. Adem\u00e1s, esos viajes no estaban dentro de las funciones que reca\u00edan sobre el funcionario, ni tampoco tuvieron la debida\u00a0autorizaci\u00f3n por parte del Congreso.\u00a0 \r\n\r\nSeg\u00fan la investigaci\u00f3n, el\u00a0asistente del senador  . El Consejo de Estado record\u00f3 que la Ley 5\u00aa de 1992 o Reglamento del Congreso,\u00a0es clara en advertirles a los legisladores que les corresponde emitir una certificaci\u00f3n del cumplimiento de las labores de los empleados de su UTL y, con base en esta, se paga el salario de los servidores. Y Soto nunca emiti\u00f3 dicho certificado.\u00a0 \r\n\r\nPero adem\u00e1s, el hoy condecorado exsenador tambi\u00e9n estuvo llamado a versi\u00f3n libre por el denominado \u201ccarrusel de las notar\u00edas\u201d para apoyar la reelecci\u00f3n de\u00a0\u00c1lvaro Uribe en el 2006, cuando la Corte Suprema de Justicia buscaba establecer la veracidad de las declaraciones del\u00a0exsuperintendente de Notariado y Registro,\u00a0Manuel Cuello Baute. \r\n\r\n\u00a0 \r\n", "link": "https://www.elespectador.com/politica/soto-el-exsenador-destituido-que-condecoro-el-concejo-de-pereira-article-803720/", "actores": [], "puntos": ["punto4", "punto5"], "medio": "elespectador"}