{"titulo": "thomas-greg-la-empresa-que-se-enriquecio-con-contratos-electorales", "fecha": "27/4/2016", "aux": "", "contenido": "El presidente Juan Manuel Santos fue miembro de la junta directiva; desde que fue elegido mandatario su contrataci\u00f3n creci\u00f3 vertiginosamente. Denuncia de la senadora Claudia L\u00f3pez.La senadora Claudia L\u00f3pez realiz\u00f3 una dura denuncia sobre el modelo de contrataci\u00f3n de Registradur\u00eda, donde pese a los altos montos  Pero, lo que m\u00e1s sorprendi\u00f3, fue que la parlamentaria revel\u00f3 el presunto favorecimiento para l , renunci\u00f3 cuando asumi\u00f3 como ministro de Defensa en 2006, pero que, al llegar a Presidencia de la Rep\u00fablica en 2010, registr\u00f3 un crecimiento vertiginoso de sus millonarios contratos. La situaci\u00f3n denunciada por la senadora L\u00f3pez deja en evidencia c\u00f3mo la contrataci\u00f3n de la Registradur\u00eda, que para elecciones de 2014 y 2015 alcanz\u00f3 un monto cercano a los $80 mil millones, tuvo un especial favorecimiento para  Se\u00f1ala L\u00f3pez \u201cesto no es delito, pero s\u00ed fueron entregadas a dedo, con pliegos ama\u00f1ados y es evidente que la contrataci\u00f3n,  Eso tienen que explicarlo, m\u00e1s si se trata de los amigos de Santos, con los que juega golf\u201d. De acuerdo con la denuncia, el conglomerado de empresas de Thomas Greg gan\u00f3 los contratos de log\u00edstica electoral en cuanto a papeler\u00eda, lo que se denomina el kit electoral, en 2014 y 2015 que sumados dan m\u00e1s de   Lo que es curioso, se\u00f1ala L\u00f3pez, es que son licitaciones que favorecen a un solo proponente. Pero hay m\u00e1s, en preconteo y digitalizaci\u00f3n, que es el momento del escrutinio, las empresas beneficiadas fueron  Adem\u00e1s, est\u00e1 el contrato de   en el que el favorecido fue el consorcio Uni\u00f3n Temporal Disproel, que en su composici\u00f3n cuenta con las empresas Thomas Greg and Sons Limited, Thomas Greg and Sons Colombia y Thomas Greg Express.  La senadora Claudia L\u00f3pez insiste en que hay un direccionamiento de la contrataci\u00f3n en favor de amigos del Gobierno y que esto se est\u00e1 dando en diferentes sectores. En el caso de la Registradur\u00eda advierte que esta entidad, de acuerdo con la Constituci\u00f3n, tiene autonom\u00eda. Sin embargo, el presupuesto para su funcionamiento, en especial en \u00e9pocas electorales,  Adem\u00e1s, en esta millonaria contrataci\u00f3n estar\u00eda la explicaci\u00f3n del por qu\u00e9 la Registradur\u00eda Nacional, durante la administraci\u00f3n de Carlos Ariel S\u00e1nchez,  que por Ley debi\u00f3 darse desde 2011. A juicio de L\u00f3pez, l", "link": "https://www.elespectador.com/politica/thomas-greg-la-empresa-que-se-enriquecio-con-contratos-electorales-article-629341/", "actores": [], "puntos": ["punto1", "punto2"], "medio": "elespectador"}