{"titulo": "tras-objeciones-exnegociadores-de-paz-le-piden-a-la-onu-atencion-a-la-implementacion", "fecha": "11/3/2019", "aux": "", "contenido": "En una extensa misiva, que firman m\u00e1s de 100 personas, exnegociadores, pol\u00edticos de la oposici\u00f3n y l\u00edderes de opini\u00f3n manifestaron su preocupaci\u00f3n por las objeciones que hizo el presidente Iv\u00e1n Duque a seis art\u00edculos de la ley estatutaria de la JEP y denuncian que el Gobierno pretender modificar el Acuerdo de Paz. Los equipos del gobierno anterior y las Farc que negociaron el Acuerdo de Final de Paz enviaron este lunes una carta al secretario general de la ONU, Antonio Guterres, \r\n\r\n\u201cA pesar de la claridad de todos estos mensajes de influyentes instancias de la comunidad internacional, el gobierno del presidente Iv\u00e1n Duque M\u00e1rquez persiste en formular nuevos obst\u00e1culos, o en intentar revivir debates ya superados en el tr\u00e1mite legislativo de las normas que deben regular el funcionamiento del reci\u00e9n inaugurado sistema de justicia transicional\u201d, dice la comunicaci\u00f3n, que fue firmada, adem\u00e1s, por m\u00e1s de una centena de personas, entre pol\u00edticos, periodistas, intelectuales y l\u00edderes de opini\u00f3n. \r\n\r\n \r\n\r\nLos mensajes a los que se refieren los firmantes son los del Consejo de Seguridad de la ONU y la Corte Penal Internacional (CPI), que han se\u00f1alado la necesidad de respetar la independencia y autonom\u00eda de la JEP y demandado que los responsables de cr\u00edmenes graves sean puesto a disposici\u00f3n de la justicia, un papel que, se espera, cumpla el organismo de justicia transicional, respectivamente. \r\n\r\nLos firmantes manifestaron preocupaci\u00f3n especial porque las objeciones del primer mandatario, dicen, \r\n\r\n \r\n\r\nEn ese mismo sentido, denunciaron ante el organismo internacional la intenci\u00f3n del Gobierno Nacional de, trav\u00e9s de la radicaci\u00f3n de un proyecto de acto legislativo, hacer modificaciones a la JEP, \u201clo que no solo supondr\u00eda una variaci\u00f3n unilateral del acuerdo de paz, sino el desconocimiento de las normas constitucionales que consagran los principios fundamentales que deben regir el funcionamiento de la JEP\u201d. \r\n\r\nUno de los puntos que resaltaron de las modificaciones que fueron anunciadas por el presidente, y que tienen el apoyo del Centro Democr\u00e1tico, , un asunto que, entre otras cosas, fue aprobado en la Ley de Procedimiento de la JEP, pero ser\u00eda tumbado por la Corte Constitucional, de acuerdo con un proyecto de fallo que fue conocido por  \r\n\r\n \r\n\r\n\u201cSi bien es cierto que la Constituci\u00f3n tambi\u00e9n dice que al interior de la JEP el tratamiento de los miembros de las fuerzas armadas deber\u00e1 ser sim\u00e9trico, equilibrado, equitativo, simultaneo, y diferenciado en algunos aspectos, la Corte Constitucional ya precis\u00f3 que el alcance de esta \u00faltima expresi\u00f3n no significa que se pueda crear una jurisdicci\u00f3n ad-hoc encargada exclusivamente de investigarlos y juzgarlos a ellos\u201d, dice la misiva. \r\n\r\nQuienes firmaron la carta le pidieron a la ONU que d\u00e9 cuenta de los hechos presentados en un pr\u00f3ximo informe que su Misi\u00f3n de Verificaci\u00f3n en el pa\u00eds env\u00ede al Consejo de Seguridad. \r\n", "link": "https://www.elespectador.com/politica/tras-objeciones-exnegociadores-de-paz-le-piden-a-la-onu-atencion-a-la-implementacion-article-844259/", "actores": [], "puntos": ["punto1", "punto2", "punto3", "punto5"], "medio": "elespectador"}