{"titulo": "triunfo-de-la-rebelion-de-las-canas-gobierno-debera-dejar-salir-a-mayores-de-70-anos", "fecha": "3/7/2020", "aux": "En contexto:", "contenido": "Si bien los adultos mayores de 70 a\u00f1os est\u00e1n autorizados para salir a hacer actividades f\u00edsicas tres veces a la semana, media hora al d\u00eda, una tutela \u2013que protegi\u00f3 sus derechos a la igualdad, libertad de locomoci\u00f3n y libre desarrollo de la personalidad\u2013 les permite un per\u00edodo m\u00e1ximo de dos horas diarias.Alrededor de la controversia por el   que aplica para los  por cuenta de la pandemia \u2013considerados la   en t\u00e9rminos de tasa de mortalidad\u2013, este viernes se conoci\u00f3 un fallo de tutela que les permite  en las calles y llegar a consensos frente a las condiciones que les impondr\u00e1n para  del aislamiento. Detr\u00e1s del recurso judicial se encuentran, entre otros, personajes como el economista   el exalcalde  ; el excandidato presidencial  y la exministra   quienes alegaron por la vulneraci\u00f3n de sus derechos constitucionales a la  de la personalidad. En la tutela, los accionantes ped\u00edan   para realizar ejercicio y la normatividad prevista para los adultos menores de 70 a\u00f1os, buscando que puedan salir para realizar ejercicio hasta por dos horas todos los d\u00edas. Actualmente, seg\u00fan el decreto que extendi\u00f3 el confinamiento hasta el pr\u00f3ximo 15 de julio, los adultos mayores de 70 a\u00f1os tienen permitido Ante ello, el Juzgado 61 Administrativo del Circuito Judicial de Bogot\u00e1 tutel\u00f3 sus derechos y dej\u00f3 sin aplicabilidad el punto del decreto que establec\u00eda los horarios para el desarrollo de actividades f\u00edsicas y de ejercicio al aire libre de todas las personas, hasta tanto una  Esta deber\u00e1 ser tramitada por los accionantes dentro de los pr\u00f3ximos 15 d\u00edas h\u00e1biles. Por otro lado, ordena al presidente , que dentro de las 48 horas siguientes a la notificaci\u00f3n, expidan otro acto administrativo para  en exteriores a los adultos mayores. Para ello,   con el Instituto para el Envejecimiento de la Facultad de Medicina de la Universidad Javeriana, el Instituto Nacional de Salud, la Asociaci\u00f3n Colombiana de Gerontolog\u00eda y Geriatr\u00eda y la Asociaci\u00f3n Colombiana de Sociedades Cient\u00edficas. Adicionalmente, pide al ministro de Salud, Fernando Ruiz, que tambi\u00e9n dentro de las 48 horas y llegando a consenso con los mismos organismos,   para esta poblaci\u00f3n para mitigar los riesgos mentales y f\u00edsicos que implican el confinamiento. Hasta se llegue a esos acuerdos, los adultos mayores \u2013as\u00ed como lo hacen hoy personas de 18 a 69 a\u00f1os\u2013   al aire libre por un per\u00edodo m\u00e1ximo de  Seg\u00fan determin\u00f3 el despacho judicial, la medida restrictiva se configura como una  , libertad y propiedad en la vejez, as\u00ed como los derechos humanos de participaci\u00f3n vinculados a la familia, la inclusi\u00f3n social y la participaci\u00f3n pol\u00edtica. \u201cEsta poblaci\u00f3n  mayores edad, por cuanto, a estos no les impone el lastre de la fijaci\u00f3n de una carga mayor en tiempo frente a la cuarenta, ni desatiende las recomendaciones en cuanto al acondicionamiento f\u00edsico y sus beneficios\u201d, determina el Juzgado. Adicionalmente, estim\u00f3 que el confinamiento al que son sometidos los adultos mayores configura una  pues \u201ces una imposici\u00f3n del Estado que obedece a la visi\u00f3n mayoritaria de bien com\u00fan y bienestar general\u201d, que podr\u00eda conducir a una   de derechos fundamentales. En su fallo, el despacho concluye que los adultos mayores   pues adem\u00e1s de transgredir sus derechos fundamentales, se priva a la sociedad de contar con su experiencia de manera enriquecedora: \u201csi bien uno de los mayores logros de la humanidad ha sido ampliar la esperanza de vida, esto no se ve reflejado en la calidad de vida de las personas mayores. Por el contrario, se evidencia una  y su presunta incapacidad para realizar diferentes tareas\u201d, precisa.", "link": "https://www.elespectador.com/politica/triunfo-de-la-rebelion-de-las-canas-gobierno-debera-dejar-salir-a-mayores-de-70-anos-article/", "actores": [], "puntos": ["punto3", "punto4", "punto5"], "medio": "elespectador"}