{"titulo": "una-ley-para-acabar-todo-tipo-de-conflictos-en-los-colegios", "fecha": "13/1/2016", "aux": "", "contenido": "En el Congreso buscan crear la figura de la Mediaci\u00f3n Escolar para zanjar las diferencias que se presentan a diario en las instituciones educativas.En el Congreso de la Rep\u00fablica fue radicado un  . Las  . La idea es que el  . \u201c \u201d, cita el proyecto. La intenci\u00f3n es que la  . Las actividades del mediador podr\u00edan ser v\u00e1lidas para los grados 10 y 11 como parte del Servicio Social Estudiantil. Por lo tanto cada instituci\u00f3n educativa \u2013de ser aprobado el proyecto\u2013 deber\u00e1 asignar una cantidad de cupos por sede y por jornada escolar que permitan contar permanentemente con m\u00ednimo un Mediador. \u201cCada instituci\u00f3n educativa oficial debe crear una Comisi\u00f3n de Mediaci\u00f3n Escolar, la cual ser\u00e1 una instancia del Comit\u00e9 de Convivencia que intervendr\u00e1 en el momento en el que se presente el conflicto. La Comisi\u00f3n  de Mediaci\u00f3n deber\u00e1 definir un espacio dentro de la Instituci\u00f3n que sea reconocido por toda la comunidad educativa como el lugar donde se llevar\u00e1n a cabo las mediaciones\u201d, advierte.", "link": "https://www.elespectador.com/politica/una-ley-para-acabar-todo-tipo-de-conflictos-en-los-colegios-article-610295/", "actores": [], "puntos": [], "medio": "elespectador"}