{"titulo": "victoria-sandino-y-benkos-bioho-no-vuelven-al-congreso-en-2022", "fecha": "1/2/2021", "aux": " Benkos Bioh\u00f3 Timochenko CarlosAntonio Lozada Sandra Ram\u00edrez  Timochenko Carlos Antonio Lozada Carlos Antonio Lozada  Sandra Ram\u00edrez Lozada  Bioh\u00f3 Oswaldo Z\u00fa\u00f1iga  Benedicto Gonz\u00e1lez  Bioh\u00f3 Benkos Bioh\u00f3  Bioh\u00f3", "contenido": "De manera extraoficial sectores del partido dicen que Carlos Antonio Lozada, Sandra Ram\u00edrez y Pablo Catatumbo repetir\u00edan esca\u00f1o en el Capitolio.El Partido Comunes decidi\u00f3 este domingo que sus senadores Victoria Sandino e Israel Z\u00fa\u00f1iga, conocido como , no volver\u00e1n a tener un esca\u00f1o en el Congreso en 2022. As\u00ed mismo, tanto ellos dos como Jairo Estrada, Joaqu\u00edn G\u00f3mez y Liliana Castellanos, salieron del Consejo Pol\u00edtico Nacional, que es la direcci\u00f3n ejecutiva de la colectividad. Estas dos determinaciones se tomaron en el IX Pleno del Direcci\u00f3n Nacional, realizado este fin de semana. El Consejo Pol\u00edtico Nacional qued\u00f3 integrado por: Rodrigo Londo\u00f1o (conocido como   y quien es presidente de la organizaci\u00f3n), los congresistas Pablo Catatumbo, Juli\u00e1n Gallo ( ), y Criselda Lobo ( ), y Rodrigo Granda, Fancy Orrego, Jaime Parra, Pastor Alape Lascarro, Huber Ballesteros, Diego Ferney Tovar, Abelardo Caicedo, Fanny Castellanos, Feliza Vargas, Juan de Jes\u00fas Torres, Elmer Matta Caviedes. Adem\u00e1s, Sandino tambi\u00e9n perdi\u00f3 las responsabilidades de la Comisi\u00f3n de la Mujer y la vocer\u00eda en el Senado.  Al respecto, una persona cercana a la parlamentaria expres\u00f3 que estas decisiones \u201cprofundizan una sola visi\u00f3n del partido\u201d y \u201ccercena\u201d la diversidad de miradas al interior de la misma. \u201cEl ala de ,   y Pastor Alape, que tiene la mayor\u00eda, propusieron sustituir a todo el Consejo Pol\u00edtico Nacional con una plancha \u00fanica. En ella, claramente, no estaban quienes les son inc\u00f3modos. Por pupitrazo se impuso una nueva direcci\u00f3n\u201d, agreg\u00f3. En ese sentido, con ellos por fuera, sectores le dijeron de manera extraoficial a este diario que quienes s\u00ed estar\u00edan para repetir curul en 2022 son  , Pablo Catatumbo y . Como confirmaron cuatro cinco que asistieron al Pleno, esto no est\u00e1 decidido a\u00fan. Sin embargo, son los nombres que se contemplan para darle continuidad a la labor en el legislativo. Al respecto,  expres\u00f3 que la determinaci\u00f3n que saca a Sandino y   corresponde al balance del trabajo en el parlamento y a \u201cincumplimiento\u201d de los estatutos por parte de ellos. \u201cSe hizo una evaluaci\u00f3n de todos los integrantes. En el caso de Victoria Sandino, ella ha hecho pronunciamientos que se apartan de la direcci\u00f3n y eso determin\u00f3 que el Consejo los sacara\u201d, dijo el senador. A\u00f1adi\u00f3 que \u201cel partido tiene unos estatutos y unas normas que todos los integrantes deben cumplir. Es apenas natural que se tomen esas decisiones cuando la gente no est\u00e1 cumpliendo con esas obligaciones\u201d. La votaci\u00f3n que gener\u00f3 este desenlace fue nominal, p\u00fablica y reflej\u00f3, una vez m\u00e1s, la discusi\u00f3n interna por visiones diferentes en temas profundos como la implementaci\u00f3n del Acuerdo de Paz y la protecci\u00f3n a excombatientes. Al respecto, la congresista Sandino manifest\u00f3 que su postura y la de sus compa\u00f1eros tambi\u00e9n expulsados responde a que las mayor\u00edas, que representan al antiguo secretariado de las Farc, no acoge el debate que su ala est\u00e1 planteando. \u201cLamento que el partido firmante del Acuerdo, en el que hemos luchado por la apertura democr\u00e1tica en nuestro pa\u00eds, no sepa enfrentar los debates y, por el contrario, se exprese a trav\u00e9s de la exclusi\u00f3n de quienes tenemos posiciones contrarias con el antiguo secretariado. Esto ya hab\u00eda pasado con  y  \u201d, fue el mensaje de Sandino. As\u00ed las cosas, cont\u00f3 que esto demuestra que \u201cse entiende que los que no estamos dentro del unanimismo, est\u00e1 sobre nosotros la amenaza de que podamos ser retirados del partido\u201d. Y, contrario a lo que dijo Lozada, ella consider\u00f3 que \u201cac\u00e1 no se est\u00e1 evaluando el trabajo que hemos venido haciendo. Se trata de c\u00f3mo se quita a las personas q son inc\u00f3modas\u201d, dijo. No obstante, fue clara en que el compromiso con la paz \u201ces inclaudicable\u201d y que tanto ella como  y los dem\u00e1s retirados de la direcci\u00f3n ejecutiva, seguir\u00e1n trabajando por la implementaci\u00f3n del Acuerdo desde el partido. A su turno,   se sum\u00f3 a esta posici\u00f3n. \u201cAqu\u00ed hay un compromiso con la paz, con la construcci\u00f3n de alternativas para avanzar en los cambios estructurales que requiere el pa\u00eds. Es nuestra f\u00e9rrea defensa del Acuerdo. Es un compromiso de vida. Seguiremos dando los debates y construiremos unidad. Haremos nuestros m\u00e1ximos esfuerzos q permitan fortalecer el partido\u201d, enfatiz\u00f3. \u201cCreo que hay unas nuevas realidades, hay una controversia interna con referencia a la lectura, a conceptos puntuales de la implementaci\u00f3n que vienen afectando el funcionamiento del partido y quienes en su momento no pertenecimos al secretariado ni al estado mayor, hemos venido siendo marginados de los espacios de representaci\u00f3n producto de los debates\u201d, fue la conclusi\u00f3n de  en torno a la determinaci\u00f3n que lo deja en 2022 por fuera del Capitolio.", "link": "https://www.elespectador.com/politica/victoria-sandino-y-benkos-bioho-no-vuelven-al-congreso-en-2022-article/", "actores": [], "puntos": [], "medio": "elespectador"}