{"titulo": "viviane-morales-renuncia-a-la-embajada-en-francia", "fecha": "24/5/2021", "aux": "Puede ver:  Tambi\u00e9n: ", "contenido": "Tambi\u00e9n renunci\u00f3 a su cargo como embajadora ante la Unesco. Asegur\u00f3 que desde diciembre hab\u00eda comunicado que le era muy dif\u00edcil seguir por fuera del pa\u00eds.En medio de la lluvia de renuncias que ha tenido que asumir el Gobierno en este mes de mayo -varios ministros y el alto comisionado para la Paz-, acaba de sumarse una nueva. Al despacho del presidente Iv\u00e1n Duque lleg\u00f3 la carta de renuncia de la actual embajadora en Francia, Viviana Morales. Morales present\u00f3 su \u201crenuncia a los cargos de embajadora extraordinaria y plenipotenciaria de Colombia en Francia, con concurrencia en M\u00f3naco, y embajadora delegada permanente ante la Unesco\u201d. En la misma carta, con fecha del 18 de mayo, la hasta ahora diplom\u00e1tica asegur\u00f3 que ya la hab\u00eda comentado al presidente, en una reuni\u00f3n en diciembre, que le era \u201cmuy dif\u00edcil continuar fuera del pa\u00eds\u201d. En la misma misiva, la tambi\u00e9n exfiscal general asegur\u00f3 que ha cumplido con su labor diplom\u00e1tica desde que fue designada en dicho a cargo, a principio del gobierno de Iv\u00e1n Duque. Por otro lado, Viviane Morales coment\u00f3 que la labor diplom\u00e1tica, desde antes de la pandemia, \u201cha sido confrontada por los nuevos desaf\u00edos geopol\u00edticos mundiales y la multiplicaci\u00f3n de actores en el escenario internacional -incluidos los actores no estatales-\u201d. Asimismo, Morales destac\u00f3 que como parte de su labor se logr\u00f3 que despu\u00e9s de nueve a\u00f1os se volvieran a adelantar consultas pol\u00edticas entre Francia y Colombia. En este mismo sentido, tambi\u00e9n resalt\u00f3 su labor como representante ante la Unesco, donde habr\u00eda \u201crevitalizado la cooperaci\u00f3n en el marco de la educaci\u00f3n, la ciencia y la cultura\u201d: Como parte de su carta de renuncia, Morales rindi\u00f3 un informe sobre su labor como embajadora ante Francia y la Unesco. Adem\u00e1s de rese\u00f1ar las consultas pol\u00edticas, que no se hac\u00edan de 2012, la ahora exembajadora hizo \u00e9nfasis en que Francia ha dado su apoyo para la implementaci\u00f3n del acuerdo de paz y la aplicaci\u00f3n del estatuto para la regulaci\u00f3n de migrantes venezolanos. En este mismo camino, la saliente diplom\u00e1tica apunt\u00f3 a que en 2020 se incrementaron las exportaciones a Francia y que se ha desarrollado varios acercamientos en la agenda ambiental. Por \u00faltimo, sobre su labor en la Unesco, Morales mencion\u00f3 su trabajo para mantener la reserva Seaflower, un asunto que actualmente tiene a Colombia y a Nicaragua nuevamente enfrentados. La renuncia de Viviane Morales no solamente lleg\u00f3 en uno de los momentos m\u00e1s dif\u00edciles del gobierno de Iv\u00e1n Duque, en el que varios de sus funcionarios han salido del Ejecutivo por distintas razones, sino que se dio en el momento justo para no inhabilitarse para las presidenciales de 2022. Aunque la antigua miembro del Partido Liberal no ha hablado de una posible aspiraci\u00f3n para 2022, no debe pasarse por alto en las fechas que se dio su salida de la embajada. Sobre todo, cuando los sectores de derecha no tienen un candidato claro hasta el momento y ya se han comenzado a bajar del bus de las aspiraciones figuras como Marta Luc\u00eda Ram\u00edrez.", "link": "https://www.elespectador.com/politica/viviana-morales-renuncia-a-la-embajada-en-francia/", "actores": [], "puntos": ["punto1", "punto3", "punto4", "punto5"], "medio": "elespectador"}