{"titulo": "viviane-morales-y-su-metamorfosis-politica", "fecha": "4/5/2018", "aux": "(Lea m\u00e1s sobre esto aqu\u00ed:\u00a0Viviane Morales adhiere a la campa\u00f1a de Iv\u00e1n Duque) (Lea la entrevista der Viviane Morales en 2013)", "contenido": "La excandidata a la Presidencia ha tenido una exitosa vida p\u00fablica en la que ha dejado innumerables huellas de sus cambios de senderos. Samperista, defensora de los di\u00e1logos de paz y exfiscal acusada de perseguir al uribismo, ahora se integra a la campa\u00f1a del Centro Democr\u00e1tico.El acuerdo se concret\u00f3 en la ma\u00f1ana de este viernes, justo un d\u00eda despu\u00e9s de que la exsenadora depusiera su aspiraci\u00f3n a la Casa de Nari\u00f1o, y seg\u00fan explic\u00f3 la propia Morales la decisi\u00f3n de apoyar al uribismo se produce dado que Duque se comprometi\u00f3 a impulsar una reforma a la justicia, y a integrar dentro de su programa una econom\u00eda de car\u00e1cter \u201ccristiano\u201d. \r\n\r\n \r\n\r\nSin embargo, la adehesi\u00f3n de Morales al uribismo estuvo antecedida por  , cuando la Corte Suprema lo conden\u00f3 a 17 a\u00f1os de prisi\u00f3n por corrupci\u00f3n en el caso de Agro Ingreso Seguro. \r\n\r\nArias le record\u00f3 a Duque y a los militantes del Centro Democr\u00e1tico la historia de desencuentros entre Morales y el uribismo. \u00a0\u201c y yo, solo para mencionar los funcionarios de nivel ministerial. El circo que monto para mi imputaci\u00f3n y el peligro en que puso a mi familia no tiene nombre\u201d, se\u00f1al\u00f3 el exministro. \r\n\r\nY agreg\u00f3: \u201cEs una mujer con v\u00ednculos probados a la ilegalidad (de esto existen testimonios, algunos de los cuales he anexado a mi proceso ac\u00e1 en USA). \u00a0 (su paso por el M19 es lo de menos)\u201d. \r\n\r\nY es que sin duda la adhesi\u00f3n de Morales al uribismo sorprende, pues la historia de  De profesar el catolicismo que le inculcaron en el Colegio del Santo \u00c1ngel de la Guarda, pas\u00f3 al cristianismo protestante, aguas de las que ha bebido desde entonces. \r\n\r\n\u00a0Morales  . En 1994, ya convertida en una fogosa dirigente pol\u00edtica, se lanz\u00f3 a la C\u00e1mara de Representantes. All\u00ed se  en el proceso que se le llevaba a cabo por el ingreso de dineros del narcotr\u00e1fico a la campa\u00f1a Presidencial. \r\n\r\nEn esa coyuntura la Corte Suprema de Justicia le abri\u00f3 un proceso a los representantes a la C\u00e1mara que absolvieron a Samper, pues se investigaba si hab\u00edan recibido d\u00e1divas a cambio del voto.  . \r\n\r\nEsta acci\u00f3n le abri\u00f3 importantes  con el aval de movimiento cristiano Frente de Esperanza \u201cFe\u201d.\u00a0 Como senadora respald\u00f3 el proceso de paz de Andr\u00e9s Pastrana con las Farc en el Cagu\u00e1n. \r\n\r\nLos siguientes a\u00f1os fueron de duras turbulencias personales. Morales se separ\u00f3 de su primer esposo, el pastor Luis Guti\u00e9rrez, con quien tiene tres hijos.\u00a0  . S\u00f3lo unos meses pasaron luego del matrimonio cuando Lucio fue capturado por estafa y falsa denuncia. \r\n\r\nNo se hab\u00eda repuesto de este drama, cuando  . Un a\u00f1o despu\u00e9s, decidi\u00f3 retirarse de la pol\u00edtica. Por cuatro a\u00f1os se dedic\u00f3 a su actividad como abogada y en 2006, intent\u00f3 volver al Senado por el Partido Liberal, pero los votos no le alcanzaron. \r\n\r\n encargada de elaborar un proyecto de reforma constitucional que promoviera un cambio en el r\u00e9gimen de los partidos. Pero la cosa no termin\u00f3 bien, cuando el Gobierno Uribe iba a presentar el informe de la comisi\u00f3n de notables, Viviane se apart\u00f3 del grupo por diferencias con el ministro de Interior Fabio Valencia Cossio. Posteriormente integr\u00f3. Como analista, la mesa de trabajo de Caracol Radio. \r\n\r\n . En la Corte se viv\u00eda una fuerte puja que hab\u00eda impedido elegir al jefe del ente acusador con m\u00e1s de 20 rondas de votaci\u00f3n y dos ternas. Sorprendentemente la Corte la eligi\u00f3 en tiempo r\u00e9cord y Morales se convirti\u00f3 en la primera mujer en dirigir la Fiscal\u00eda. \r\n\r\nSus decisiones como Fiscal la convirtieron en blanco de ataques del uribismo que la acus\u00f3 de tener una agenda pol\u00edtica y de perseguir a los exfuncionarios del Gobierno Uribe. Adem\u00e1s, era fuertemente atacada por su relaci\u00f3n con Carlos Alonso Lucio.  , entre otros. \u00a0Pero una decisi\u00f3n del Consejo de Estado la sac\u00f3 de la Fiscal\u00eda en 2012. \r\n\r\nMorales reapareci\u00f3  . En noviembre de 2013, cuando anunci\u00f3 su aspiraci\u00f3n al congreso, dijo  y la reconciliaci\u00f3n del pa\u00eds, y lanz\u00f3 duros se\u00f1alamientos a Uribe y al Centro Democr\u00e1tico. \r\n\r\n \r\n\r\n\u201cSe van a discutir dos formas distintas de ver el pa\u00eds: la que va a representar el expresidente Uribe y quienes tenemos otra manera de ver a Colombia. La otra, en la que yo creo, es la reconciliaci\u00f3n, construir nuevos caminos y no seguir repitiendo el c\u00edrculo vicioso de los \u00faltimos 60 a\u00f1os. Pero no s\u00f3lo con el uso de la fuerza, sino con la construcci\u00f3n de condiciones diferentes para la gente. Por eso creo que hay que enfrentar la propuesta del uribismo y el pa\u00eds sabe que yo no le tengo miedo a Uribe\u201d, dijo en ese momento. \r\n\r\nAdem\u00e1s, defendi\u00f3 la premisa de sacrificar un poco de justicia en aras de alcanzar un acuerdo final de paz: \u201c , sino formas distintas de hacer justicia. Pero nos han querido vender el \u2018coco\u2019 de la Corte Penal Internacional (CPI) y los detractores del proceso de paz pretenden meter miedo\u201d, agreg\u00f3. \r\n\r\nY esta fue su posici\u00f3n hasta  . A partir de ese momento, no acompa\u00f1\u00f3 las inactivitas de implementaci\u00f3n del Gobierno y se convirti\u00f3 en f\u00e9rrea opositora al Acuerdo de Paz. Bandera que le permiti\u00f3 hoy sumarse a la campa\u00f1a del uribismo como refuerzo de Iv\u00e1n Duque. \r\n", "link": "https://www.elespectador.com/politica/viviane-morales-y-su-metamorfosis-politica-article-753974/", "actores": [], "puntos": ["punto3", "punto4", "punto5"], "medio": "elespectador"}