{"titulo": "afirmacion-de-canciller-pone-en-riesgo-vida-de-excombatientes", "fecha": "22/4/2021,", "aux": "", "contenido": "El pa\u00eds despert\u00f3 en la ma\u00f1ana de este jueves envuelto en una agria pol\u00e9mica por unas declaraciones de la canciller Claudia Blum, parad\u00f3jicamente cuando hacia un balance del Acuerdo de Paz. El exjefe negociador Humberto de la Calle, incluso, le exigi\u00f3 retractarse porque sus \u201cafirmaciones\u201d ponen \u201cen riesgo la vida de excombatientes que dejaron las armas\u201d.  dijo, adem\u00e1s, que lo dicho por la ministra de Relaciones Exteriores es \u201cla negaci\u00f3n del Acuerdo\u00b7 y que lo consideraba \u201cuna provocaci\u00f3n\u201d por lo que exigi\u00f3 \u201cuna retractaci\u00f3n\u201d El exvicepresidente record\u00f3, tambi\u00e9n, que la   ha dicho que \u201cla presencia de las disidencias es violaci\u00f3n de Acuerdo por parte de Farc\u201d lo que para \u00e9l es \u201cuna afirmaci\u00f3n inaceptable\u201d. \u201cDe modo que los que entregaron las  y est\u00e1n cumpliendo, \u00bftienen que responder por los desertores? \u00bfA qui\u00e9n le cabe en la cabeza? Pone en riesgo los excombatientes\u201d. Este mi\u00e9rcoles, la canciller dijo ante el   de la ONU intervino para hablar de los avances del Gobierno en materia de implementaci\u00f3n del Acuerdo Final de Paz. Durante su intervenci\u00f3n\u00a0 la funcionaria asegurara que el informe presentado por la Misi\u00f3n de Verificaci\u00f3n de la ONU en Colombia no puede solamente referirse a las acciones del gobierno de Iv\u00e1n Duque como una de las partes que firmaron el acuerdo. \u201cDebe considerarse la existencia de   de Farc como un incumplimiento justamente de la antigua guerrilla convertida ahora en partido pol\u00edtico\u201d, dijo ella ante la ONU. \u201cEl 80 % de los asesinatos de los excombatientes son perpetrados por disidentes narcotraficantes. Miembros del consejo, respecto a los dos componentes del mandato de la  es importante resaltar que la seguridad es nuestro mayor reto y no ahorramos ning\u00fan esfuerzo para fortalecer nuestras capacidades en esta materia\u201d, argument\u00f3. Estas \u00faltimas declaraciones fueron rechazadas por el componente Farc; Rodrigo Granda, integrante del Consejo Pol\u00edtico Nacional del Partido afirm\u00f3 que \u201cpedirnos que las   nos presione para entregar las rutas del narcotr\u00e1fico, nosotros nunca fuimos una organizaci\u00f3n de mafiosos o de narcotraficantes, fuimos una organizaci\u00f3n pol\u00edtico-militar alzada en armas\u201d.  Adem\u00e1s, Granda se\u00f1al\u00f3 que han trabajado en la ubicaci\u00f3n de los restos de personas dadas por desaparecidas.\u00a0 POL\u00cdTICA", "link": "https://www.eltiempo.com/politica/proceso-de-paz/de-la-calle-acusa-a-canciller-de-poner-en-riesgo-vida-de-exfarc-582873", "actores": [], "puntos": ["punto4"], "medio": "eltiempo"}