{"titulo": "cidh-entregara-recomendaciones-al-estado-colombiano", "fecha": "07/7/2021,", "aux": "Piden implementar otros mecanismos M\u00e1s noticias", "contenido": "Este mi\u00e9rcoles la Comisi\u00f3n Interamericana de Derechos Humanos\u00a0( ) realizar\u00e1 sus observaciones y recomendaciones al Estado colombiano, sobre la situaci\u00f3n de derechos humanos en el pa\u00eds, a partir de la informaci\u00f3n recogida durante su visita de trabajo. La Comisi\u00f3n estuvo en el pa\u00eds durante el 8 y 10 de junio, tiempo durante el cual se reuni\u00f3 con diversos sectores para dialogar sobre lo ocurrido durante el   desde miembros de los distintos poderes Ejecutivo, Legislativo y Judicial, organismos de control, hasta numerosas organizaciones sociales, grupos de defensores de derechos humanos, afrodescendientes, ind\u00edgenas, mujeres, personas LGBTIQ, v\u00edctimas, Fuerza P\u00fablica, entre otras. (Lea:\u00a0 ) A partir de la informaci\u00f3n recolectada en estos encuentros, la organizaci\u00f3n emitir\u00e1 una serie de recomendaciones y observaciones al Estado colombiano. Analistas consultadas por EL TIEMPO prev\u00e9n que dichas recomendaciones podr\u00edan tratar temas como cambios en los protocolos relacionados con la protesta social, los bloqueos y desbloqueos, reformas estructurales a la Polic\u00eda Nacional, casos de violaciones a los derechos humanos, y la investigaci\u00f3n y sanci\u00f3n debida de dichos casos. (Le recomendamos:\u00a0 ) La visita de trabajo de la Comisi\u00f3n fue un primer paso, un diagn\u00f3stico que la  hizo a Colombia en t\u00e9rminos de derechos humanos en el contexto de las protestas. A partir de la informaci\u00f3n recolectada sobre violaciones a los derechos humanos, se espera que la Comisi\u00f3n haga un pronunciamiento con una serie de conclusiones o hallazgos que marquen una hoja de ruta o puntos prioritarios sobre los cuales se debe trabajar. Dichas observaciones, seg\u00fan Edward P\u00e9rez, abogado experto en temas de derecho internacional, vinculan a Colombia porque la fuente de las recomendaciones es la Convenci\u00f3n Americana sobre Derechos Humanos, tratado que el Estado colombiano ya firm\u00f3, que ya ratific\u00f3 y que lo obliga internacionalmente a cumplir con sus obligaciones de derechos humanos a nivel internacional. Es por esta raz\u00f3n, que \u201cel Estado colombiano deber\u00eda cumplir de buena fe con las recomendaciones que la CIDH le haga\u201d, agrega. Para Cristina Rosero,\u00a0asesora legal del Centro de Derechos Reproductivos, es clave que dentro de las observaciones que la CIDH emita, se representen y se consideren de manera clara, la multiplicidad de violaciones a los derechos humanos que han ocurrido. Es decir, que la Comisi\u00f3n se pronuncie sobre temas como el derecho a la protesta, a la libertad de expresi\u00f3n, a la reuni\u00f3n pac\u00edfica y sobre la protecci\u00f3n especial a mujeres y personas LGBTIQ en temas de violencia de g\u00e9nero. \u201cLo que s\u00ed hay que resaltar es que estas recomendaciones pueden ser apenas un primer paso hacia una salida m\u00e1s dialogada a la situaci\u00f3n actual. El tema aqu\u00ed es que se necesita un compromiso del Estado, y en particular del Gobierno, para poder avanzar en una direcci\u00f3n correcta\u201d, afirma Rosero. Agrega que muchos sectores que est\u00e1n involucrados en la protesta ven con mucha esperanza estas recomendaciones, \u201cpero no debemos pensar que la visita resuelve absolutamente todo, sino que esas observaciones pueden ser una base para que se den pr\u00f3ximos pasos en las conversaciones\u201d, comenta.  (Puede leer:\u00a0 ) Analistas consultadas por EL TIEMPO coinciden en la posibilidad de que, adem\u00e1s de las recomendaciones, la CIDH tenga presente diversos mecanismos que podr\u00edan ser implementados en Colombia para incidir de una manera m\u00e1s profunda en la situaci\u00f3n social. Sin embargo, advierten que su implementaci\u00f3n depende de las conversaciones que el Gobierno y la Comisi\u00f3n tengan a futuro. Y de c\u00f3mo el Gobierno reciba las recomendaciones que esta instituci\u00f3n le haga. M\u00faltiples organizaciones sociales del pa\u00eds han manifestado su inter\u00e9s por que la Comisi\u00f3n recomiende al Estado implementar mecanismos un poco m\u00e1s novedosos que permitan hacer un monitoreo m\u00e1s integrado, oportuno y efectivo. Una de estas herramientas podr\u00eda ser un  (GIEI), que permite coadyuvar en las investigaciones de los hechos de violencia y de violaciones a los derechos humanos. \u201cEs necesario que se haga un seguimiento constante para asegurar el cumplimiento de esas recomendaciones y, especialmente, para investigar los hechos que ocurrieron, reparar a las v\u00edctimas y que se adopten las reformas estructurales necesarias para que no vuelvan a ocurrir estos estos hechos\u201d, se\u00f1ala P\u00e9rez. El   tambi\u00e9n es otra herramienta, que podr\u00eda estar en el radar de la Comisi\u00f3n. Este consiste en hacer seguimiento a la implementaci\u00f3n de las recomendaciones realizadas ante situaciones espec\u00edficas. Para la CIDH, esta herramienta permite una exposici\u00f3n p\u00fablica de la situaci\u00f3n y provee un seguimiento sistem\u00e1tico de esta. Los anteriores mecanismos han sido instaurados en pa\u00edses como M\u00e9xico, Bolivia o Nicaragua. Para su implementaci\u00f3n se requiere la aprobaci\u00f3n del Estado.", "link": "https://www.eltiempo.com/politica/cidh-entregara-recomendaciones-al-estado-colombiano-601352", "actores": [], "puntos": ["punto1", "punto3", "punto4", "punto5"], "medio": "eltiempo"}