{"titulo": "londono-pide-orientar-movilizacion-hacia-negociacion-con-duque", "fecha": "05/5/2021,", "aux": "Otras noticias de Pol\u00edtica:", "contenido": ", conocido como  , jefe del  , surgido tras el acuerdo de paz con las Farc, hizo un llamado este mi\u00e9rcoles a \"todas las fuerzas pol\u00edticas y sociales a orientar la movilizaci\u00f3n hacia la construcci\u00f3n de agendas de negociaci\u00f3n con el gobierno Duque\". (Puede leer:\u00a0 ) En redes sociales agreg\u00f3 que \"es hora de transformar la indignaci\u00f3n en propuestas de pol\u00edtica p\u00fablica y desescalar la violencia. \u00a1Vamos por la Colombia que so\u00f1amos!\". Su mensaje se da en medio de la tensi\u00f3n en el pa\u00eds por la situaci\u00f3n de orden p\u00fablico que ya ha dejado 24 muertos, seg\u00fan las cifras de la Defensor\u00eda, en medio de las manifestaciones que empezaron el 28 de abril. (Adem\u00e1s:\u00a0 ) Hay que recordar que en marzo\u00a0el presidente Duque y el exjefe de las Farc Rodrigo Londo\u00f1o, se reunieron y se estableci\u00f3 un equipo de trabajo para seguir fortaleciendo la ruta de la implementaci\u00f3n de los acuerdos.\u00a0 - - POL\u00cdTICA S\u00edganos en\u00a0", "link": "https://www.eltiempo.com/politica/proceso-de-paz/timochenko-pide-orientar-movilizacion-hacia-negociacion-con-ivan-duque-586325", "actores": [], "puntos": ["punto1", "punto3", "punto4", "punto5"], "medio": "eltiempo"}