{"titulo": "los-avances-y-rezagos-de-la-implementacion-del-acuerdo-de-paz", "fecha": "25/5/2021,", "aux": "", "contenido": "Pese a los grandes desaf\u00edos que trajo un a\u00f1o turbulento en el pa\u00eds por la pandemia de covid-19 y el recrudecimiento de las confrontaciones entre grupos armados ilegales, los actores gubernamentales y miembros de la sociedad civil colombiana continuaron avanzando en la implementaci\u00f3n de las disposiciones incluidas en el acuerdo de paz firmado en 2016 entre el Gobierno Nacional y la ex guerrilla de las Farc. (Puede leer:\u00a0 ) Esta es una de las conclusiones que arroj\u00f3 el quinto informe de la implementaci\u00f3n del acuerdo de paz en Colombia del Instituto Kroc para Estudios Internacionales de Paz de la Universidad de Notre Dame, que evalu\u00f3 el periodo entre diciembre de 2019 y noviembre de 2020. El informe se\u00f1ala que el porcentaje de disposiciones que alcanz\u00f3  Entre las \u00e1reas de mayor progreso en la implementaci\u00f3n durante ese periodo est\u00e1n los puntos 1 y 5 del acuerdo, centrados en la Reforma Rural Integral y en las v\u00edctimas del conflicto, respectivamente, que registraron una disminuci\u00f3n del 9 por ciento en el n\u00famero de disposiciones no iniciadas.  El otro asunto fue el punto 4, que se ocupa de la soluci\u00f3n al problema de las drogas il\u00edcitas, y registr\u00f3 el aumento m\u00e1s significativo en las disposiciones completadas durante el periodo del informe, pasando del 8 al 17 por ciento. Daniel Cano, l\u00edder de relacionamiento estrat\u00e9gico del Instituto Kroc en Colombia, le asegur\u00f3 a EL TIEMPO que esto evidencia que \u201cno se ha detenido la implementaci\u00f3n del acuerdo de paz, pero va a un ritmo menor que los a\u00f1os iniciales\u201d. (Adem\u00e1s:\u00a0 ) \u00bfEsto a qu\u00e9 se debe? El experto se\u00f1ala que hay tres factores.   El segundo es la temporalidad del acuerdo, pues el Plan Marco de Implementaci\u00f3n del Acuerdo de Paz (PMI) determin\u00f3 unos tiempos de corto, mediano y largo plazo para la implementaci\u00f3n, y, finalmente, est\u00e1n los retrasos en el cumplimiento que vienen de a\u00f1os anteriores. Pese a esto, Cano advierte que los avances son una \u201cbuena noticia\u201d, pues sus estudios demuestran que los cinco a\u00f1os de un acuerdo de paz marcan un hito, pues en ese a\u00f1o es com\u00fan ver que los grupos armados retornan al conflicto, lo cual no ha ocurrido con las Farc, pues Pero en la otra cara de la moneda se encuentran los rezagos de la implementaci\u00f3n, entre los que se incluyen las garant\u00edas de seguridad de los excombatientes, as\u00ed como los vac\u00edos legales y financieros. (Le sugerimos:\u00a0 ) De este modo, el informe advierte que a\u00fan se presentan debilidades en el marco legal necesario para el cumplimiento de las disposiciones del acuerdo y,  y que impacta especialmente los puntos de la Reforma Rural Integral y la participaci\u00f3n pol\u00edtica. Frente a ese \u00faltimo asunto, el informe se\u00f1ala que persiste el estancamiento en los compromisos que permitir\u00edan avanzar hacia reformas para la ampliaci\u00f3n y profundizaci\u00f3n de la democracia, en parte por falta de consensos pol\u00edticos. Estas son las garant\u00edas a la participaci\u00f3n ciudadana, la reforma pol\u00edtica-electoral, la reforma de la planeaci\u00f3n participativa y democr\u00e1tica. Finalmente, el Instituto asevera que el Estado colombiano tiene la oportunidad de utilizar la implementaci\u00f3n del acuerdo como una herramienta para atenuar los efectos de la pandemia y la crisis social, dinamizando la transformaci\u00f3n del campo. (No se quede sin leer:\u00a0 ) LUISA MERCADO REDACCI\u00d3N POL\u00cdTICA Twitter:\u00a0", "link": "https://www.eltiempo.com/politica/proceso-de-paz/los-avances-y-rezagos-de-la-implementacion-del-acuerdo-de-paz-591029", "actores": [], "puntos": ["punto1", "punto2", "punto3", "punto4", "punto5"], "medio": "eltiempo"}