{"titulo": "santos-a-disposicion-de-duque-para-iniciar-un-dialogo", "fecha": "04/5/2021,", "aux": "", "contenido": ", expresidente de Colombia y premio  , anunci\u00f3 en la ma\u00f1ana de este martes su disposici\u00f3n para reunirse con el presidente  en la b\u00fasqueda de salidas para la crisis que vive el pa\u00eds que completa una semana de  en las calles. \u201cEstoy a disposici\u00f3n suya y de los colombianos para salir de esta crisis. El pa\u00eds necesita di\u00e1logo, entendimiento. Duele esta situaci\u00f3n. No m\u00e1s violencia, no m\u00e1s sangre. Nunca olvidar que la paz es el camino\u201d, le dijo Santos a   a trav\u00e9s de un mensaje en su cuenta de Twitter. Hace un par de semanas, Santos tambi\u00e9n se hab\u00eda ofrecido a conversar con Duque a petici\u00f3n de  , jefe del partido pol\u00edtico Comunes, para analizar el creciente asesinato de excombatientes de la antigua guerrilla Farc. Sin embargo, no hubo humo blanco. (Le puede interesar:\u00a0 ) \u201cEntre las m\u00faltiples fallas, vac\u00edos e incumplimientos en la implementaci\u00f3n de los acuerdos de paz lo m\u00e1s preocupante, sin duda, son los asesinatos de los exguerrilleros de las Farc y de los l\u00edderes sociales\u201d, le respondi\u00f3 Santos en ese momento. Y le explic\u00f3: \u201cMis relaciones con el presidente Duque no son las mejores. Se ha dedicado a gobernar con un espejo retrovisor, pero un espejo de esos que distorsionan la imagen, de los que hacen ver a los flacos gordos y a los gordos flacos, y ha optado, extra\u00f1amente, por no mencionar mi nombre\u201d. A pesar de esto, se mostr\u00f3 dispuesto a ir a la cita. \u201cSer\u00eda lo ideal, pero no me hago muchas ilusiones\u201d, escribi\u00f3. \u201cBasta una se\u00f1al del Palacio de Nari\u00f1o para proceder a solicitar la reuni\u00f3n formalmente por los conductos regulares\u201d, le dijo en aquella oportunidad. La propuesta de Santos de hoy se produce en medio de un clima de agitaci\u00f3n social que cumple ya una semana de masivas protestas en las calles y con un balance desalentador.\u00a0 Seg\u00fan la Campa\u00f1a Defender la Libertad es Asunto de Todas, una red de organizaciones sociales, barriales, estudiantiles, ambientales, feministas, comunicativas y de derechos humanos, las jornadas de movilizaci\u00f3n del 28 de abril al 3 de mayo del presente a\u00f1o han registrado: (Le recomendamos leer:\u00a0 ) -305 personas heridas por el accionar desproporcionado de la Polic\u00eda Nacional y en particular por el  . 23 sufrieron lesiones oculares. 47 personas defensoras de DD. HH. fueron agredidas en el marco de las movilizaciones. - 11 personas fueron v\u00edctimas de violencias basadas en g\u00e9nero ejercidas por la misma instituci\u00f3n. - 18 personas han sido asesinadas presuntamente por el accionar de la Polic\u00eda. - 988 personas han sido detenidas, gran parte de ellas por medio de procedimientos arbitrarios, siendo sometidas a tortura y/o tratos crueles. - 8 allanamientos que fueron declarados ilegales, incluyendo las capturas asociadas. Se han presentado 398 denuncias por abusos de poder, autoridad, agresiones y violencia policial\". Estas cifras est\u00e1n siendo estudiadas por la , entre otras organizaciones. En medio de esta situaci\u00f3n llega el ofrecimiento de Santos a Duque. POL\u00cdTICA", "link": "https://www.eltiempo.com/politica/santos-le-ofrece-a-duque-una-reunion-para-buscar-salidas-a-la-crisis-585839", "actores": [], "puntos": ["punto1", "punto3", "punto4", "punto5"], "medio": "eltiempo"}