{"titulo": "vice-ramirez-se-reunio-con-el-secretario-general-de-la-onu-guterres", "fecha": "12/7/2021,", "aux": "", "contenido": "La vicepresidenta y canciller   sostuvo una reuni\u00f3n clave este lunes con el  , Ant\u00f3nio Guterres. En esta la Vicepresidenta destac\u00f3 la importancia de fortalecer la pol\u00edtica de Paz con Legalidad, y acelerar el plan de vacunaci\u00f3n contra el  , fundamental para la recuperaci\u00f3n de empleos. La equidad de g\u00e9nero, la lucha contra la pobreza y la consecuci\u00f3n de los Objetivos de Desarrollo Sostenible, tambi\u00e9n estuvieron sobre la mesa.  (Puede leer:\u00a0 ) Adem\u00e1s, se reuni\u00f3 con la Vice Secretaria General de las Naciones Unidas, Amina Mohammed; el Canciller Federal de Austria, Sebastian Kurz; el Presidente del ECOSOC, Munir Akram, y representantes ante la ONU de Estados Unidos, Francia y Reino Unido. Adicionalmente, dialog\u00f3 con los Cancilleres de Italia y Jamaica. (Adem\u00e1s:\u00a0 ) \"Nuestra principal preocupaci\u00f3n en el Gobierno es trabajar por nuestra juventud (...) que son los temas que han caracterizado a nuestro Gobierno!\", advirti\u00f3 Ram\u00edrez. La vicepresidenta y canciller, Marta Luc\u00eda Ram\u00edrez, intervendr\u00e1 este martes en sesi\u00f3n del Consejo de Seguridad de la ONU sobre Colombia, que tendr\u00e1 lugar en Nueva York, donde tambi\u00e9n sostendr\u00e1 encuentros bilaterales con delegaciones diplom\u00e1ticas entre el 12 y el 13 de julio. (Le sugerimos:\u00a0 ) La funcionar\u00eda hablar\u00e1 del \"compromiso del Estado colombiano con la implementaci\u00f3n de la pol\u00edtica de Paz con Legalidad, una paz verdadera\". Otros de los temas que abordar\u00e1 ser\u00e1 la preservaci\u00f3n del apoyo un\u00e1nime del Consejo de Seguridad a Colombia, la reactivaci\u00f3n econ\u00f3mica, la protecci\u00f3n de los sectores m\u00e1s vulnerables y la lucha contra el problema mundial de las drogas. Previo a su intervenci\u00f3n en el Consejo de Seguridad de las Naciones Unidas, participar\u00e1 en la apertura del Segmento Ministerial del Foro Pol\u00edtico de Alto Nivel del Consejo Econ\u00f3mico y Social de la ONU \u2013 ECOSOC, donde abordar\u00e1 el compromiso de Colombia con la consecuci\u00f3n de los objetivos y metas de la Agenda 2030, la respuesta de cada uno de los pa\u00edses ante la pandemia, y se\u00f1alar\u00e1 las acciones emprendidas por Colombia en este contexto. POL\u00cdTICA S\u00edganos en", "link": "https://www.eltiempo.com/politica/gobierno/marta-lucia-ramirez-se-reunio-con-el-secretario-general-de-la-onu-602518", "actores": [], "puntos": ["punto4", "punto5"], "medio": "eltiempo"}